file_path,file_type,size_bytes,width,height,duration,sha256,meaningful_content_asset,old_usage,new_usage,decision,optimization_need_or_result,replacement_status,exclusion_reason,duplicate_counterpart
public_html/admin/ckeditor/plugins/about/dialogs/hidpi/logo_ckeditor.png,png,13339,326,116,,227a0aade8e648c3ab3977ce9e66b9491baa9aa7376082c652fdb76230adffdd,NO,"Legacy template, admin or interface asset",Not rendered in the redesigned public site,INTENTIONALLY_EXCLUDED,Not required,Not applicable,"Administrative, plugin, theme-demo or interface artwork; not Vista company content.",Eski/admin/ckeditor/plugins/about/dialogs/hidpi/logo_ckeditor.png
public_html/admin/ckeditor/plugins/about/dialogs/logo_ckeditor.png,png,6757,163,58,,954605bb634dae9f4d15ca33057d86eb62e34ae3bc57dfd5877b6d3356067413,NO,"Legacy template, admin or interface asset",Not rendered in the redesigned public site,INTENTIONALLY_EXCLUDED,Not required,Not applicable,"Administrative, plugin, theme-demo or interface artwork; not Vista company content.",Eski/admin/ckeditor/plugins/about/dialogs/logo_ckeditor.png
public_html/admin/ckeditor/plugins/icons.png,png,5881,16,1056,,88779260914cca894bda32f92ec66fa516eed8f080109593b56d2b53bfe452ba,NO,"Legacy template, admin or interface asset",Not rendered in the redesigned public site,INTENTIONALLY_EXCLUDED,Not required,Not applicable,"Administrative, plugin, theme-demo or interface artwork; not Vista company content.",admin/ckeditor/skins/moono-lisa/icons.png; Eski/admin/ckeditor/plugins/icons.png; Eski/admin/ckeditor/skins/moono-lisa/icons.png
public_html/admin/ckeditor/plugins/icons_hidpi.png,png,20430,32,2112,,bd0cf1caad03c29eda13f608e3d8470022d0a3797a93ff240a9f33d0a95b28a7,NO,"Legacy template, admin or interface asset",Not rendered in the redesigned public site,INTENTIONALLY_EXCLUDED,Not required,Not applicable,"Administrative, plugin, theme-demo or interface artwork; not Vista company content.",admin/ckeditor/skins/moono-lisa/icons_hidpi.png; Eski/admin/ckeditor/plugins/icons_hidpi.png; Eski/admin/ckeditor/skins/moono-lisa/icons_hidpi.png
public_html/admin/ckeditor/plugins/image/images/noimage.png,png,1610,40,40,,bd8c0e93d7bc89b0c36085672424fe2f698dac0e680a1b278f00a152579f2a93,NO,"Legacy template, admin or interface asset",Not rendered in the redesigned public site,INTENTIONALLY_EXCLUDED,Not required,Not applicable,"Administrative, plugin, theme-demo or interface artwork; not Vista company content.",Eski/admin/ckeditor/plugins/image/images/noimage.png
public_html/admin/ckeditor/plugins/link/images/anchor.png,png,752,16,16,,cddc8927dfdd672d655b96b551ba1ad1599c5f13d13deb2b09a28b54c853a25c,NO,"Legacy template, admin or interface asset",Not rendered in the redesigned public site,INTENTIONALLY_EXCLUDED,Not required,Not applicable,"Administrative, plugin, theme-demo or interface artwork; not Vista company content.",Eski/admin/ckeditor/plugins/link/images/anchor.png
public_html/admin/ckeditor/plugins/link/images/hidpi/anchor.png,png,1109,32,32,,b5b952c9dbf47ff88b4904b99cf673cf6ec94cd65f4c66b55eaea5dbb911f4db,NO,"Legacy template, admin or interface asset",Not rendered in the redesigned public site,INTENTIONALLY_EXCLUDED,Not required,Not applicable,"Administrative, plugin, theme-demo or interface artwork; not Vista company content.",Eski/admin/ckeditor/plugins/link/images/hidpi/anchor.png
public_html/admin/ckeditor/plugins/magicline/images/hidpi/icon-rtl.png,png,176,18,20,,4046986f6904328c9d470b44c95f1f50ef82d9e470915ea471e1f4dcc0f06618,NO,"Legacy template, admin or interface asset",Not rendered in the redesigned public site,INTENTIONALLY_EXCLUDED,Not required,Not applicable,"Administrative, plugin, theme-demo or interface artwork; not Vista company content.",Eski/admin/ckeditor/plugins/magicline/images/hidpi/icon-rtl.png
public_html/admin/ckeditor/plugins/magicline/images/hidpi/icon.png,png,199,18,20,,92dfb414e7a31e632288097db347e272ecfd001f9825423a16c623dcaeb968b8,NO,"Legacy template, admin or interface asset",Not rendered in the redesigned public site,INTENTIONALLY_EXCLUDED,Not required,Not applicable,"Administrative, plugin, theme-demo or interface artwork; not Vista company content.",Eski/admin/ckeditor/plugins/magicline/images/hidpi/icon.png
public_html/admin/ckeditor/plugins/magicline/images/icon-rtl.png,png,138,9,10,,9510f6245b266712f0ec4159e5fc5a97e1ad5c667e65b7fb97c5d1f20cfd7ba5,NO,"Legacy template, admin or interface asset",Not rendered in the redesigned public site,INTENTIONALLY_EXCLUDED,Not required,Not applicable,"Administrative, plugin, theme-demo or interface artwork; not Vista company content.",Eski/admin/ckeditor/plugins/magicline/images/icon-rtl.png
public_html/admin/ckeditor/plugins/magicline/images/icon.png,png,133,9,10,,db2f77571f3e9cb69096a5da21af65b0eacf5eaef08492bb831999504a3e115a,NO,"Legacy template, admin or interface asset",Not rendered in the redesigned public site,INTENTIONALLY_EXCLUDED,Not required,Not applicable,"Administrative, plugin, theme-demo or interface artwork; not Vista company content.",Eski/admin/ckeditor/plugins/magicline/images/icon.png
public_html/admin/ckeditor/plugins/videodetector/icons/icon_black.png,png,656,17,17,,d8af5a5333e979ca20c3e096e19975abb90ebf1f5ce606041cc8444c8758f00b,NO,"Legacy template, admin or interface asset",Not rendered in the redesigned public site,INTENTIONALLY_EXCLUDED,Not required,Not applicable,"Administrative, plugin, theme-demo or interface artwork; not Vista company content.",Eski/admin/ckeditor/plugins/videodetector/icons/icon_black.png
public_html/admin/ckeditor/plugins/videodetector/icons/icon_white.png,png,983,34,34,,8c70981a3b4a44be3514e61238fbc2c9e01a48fd336b71d432a7235a337bb553,NO,"Legacy template, admin or interface asset",Not rendered in the redesigned public site,INTENTIONALLY_EXCLUDED,Not required,Not applicable,"Administrative, plugin, theme-demo or interface artwork; not Vista company content.",Eski/admin/ckeditor/plugins/videodetector/icons/icon_white.png
public_html/admin/ckeditor/plugins/videodetector/icons/videodetector.svg,svg,746,,,,40eb96194ce18cdbd3bb3d24073c7ba95fd1d1cef90b36862eaa38ec725f4ef7,NO,"Legacy template, admin or interface asset",Not rendered in the redesigned public site,INTENTIONALLY_EXCLUDED,Not required,Not applicable,"Administrative, plugin, theme-demo or interface artwork; not Vista company content.",Eski/admin/ckeditor/plugins/videodetector/icons/videodetector.svg
public_html/admin/ckeditor/samples/img/github-top.png,png,383,19,18,,79c45a24b057fe7bf88b3e6d546f0788c1deab6712ca4a8dd2d75f776f82dc55,NO,"Legacy template, admin or interface asset",Not rendered in the redesigned public site,INTENTIONALLY_EXCLUDED,Not required,Not applicable,"Administrative, plugin, theme-demo or interface artwork; not Vista company content.",Eski/admin/ckeditor/samples/img/github-top.png
public_html/admin/ckeditor/samples/img/header-bg.png,png,13086,113,146,,2b53f5998bc03548ae2b11056260864d6da1f47764198d50d55ad874fa6f7195,NO,"Legacy template, admin or interface asset",Not rendered in the redesigned public site,INTENTIONALLY_EXCLUDED,Not required,Not applicable,"Administrative, plugin, theme-demo or interface artwork; not Vista company content.",Eski/admin/ckeditor/samples/img/header-bg.png
public_html/admin/ckeditor/samples/img/header-separator.png,png,123,1000,1,,a20d62c7bca75a7768216d6ff7330e2edebfc5cdf86e0f3cbc76914daddf276f,NO,"Legacy template, admin or interface asset",Not rendered in the redesigned public site,INTENTIONALLY_EXCLUDED,Not required,Not applicable,"Administrative, plugin, theme-demo or interface artwork; not Vista company content.",Eski/admin/ckeditor/samples/img/header-separator.png
public_html/admin/ckeditor/samples/img/logo.png,png,5891,156,60,,3f06064634e4f5c7b7d7663207df219364e79af0ab679774e175bf829328a875,NO,"Legacy template, admin or interface asset",Not rendered in the redesigned public site,INTENTIONALLY_EXCLUDED,Not required,Not applicable,"Administrative, plugin, theme-demo or interface artwork; not Vista company content.",Eski/admin/ckeditor/samples/img/logo.png
public_html/admin/ckeditor/samples/img/navigation-tip.png,png,12029,212,300,,8649715971fe8db4134ee1a96b2cafa813012c22c8a108cbdbf720aeb52c8e6a,NO,"Legacy template, admin or interface asset",Not rendered in the redesigned public site,INTENTIONALLY_EXCLUDED,Not required,Not applicable,"Administrative, plugin, theme-demo or interface artwork; not Vista company content.",Eski/admin/ckeditor/samples/img/navigation-tip.png
public_html/admin/ckeditor/samples/old/assets/inlineall/logo.png,png,4283,182,63,,69f2f3778fe884c576df24e955ac388ba8166604c04382f74d587bffe8b951ee,NO,"Legacy template, admin or interface asset",Not rendered in the redesigned public site,INTENTIONALLY_EXCLUDED,Not required,Not applicable,"Administrative, plugin, theme-demo or interface artwork; not Vista company content.",Eski/admin/ckeditor/samples/old/assets/inlineall/logo.png
public_html/admin/ckeditor/samples/old/assets/sample.jpg,jpg,14449,160,200,,934f06ef44b82e41db96ce885ed62905b47f3a02fa49d31040d436334fb3577a,NO,"Legacy template, admin or interface asset",Not rendered in the redesigned public site,INTENTIONALLY_EXCLUDED,Not required,Not applicable,"Administrative, plugin, theme-demo or interface artwork; not Vista company content.",Eski/admin/ckeditor/samples/old/assets/sample.jpg
public_html/admin/ckeditor/samples/toolbarconfigurator/font/fontello.svg,svg,1701,,,,0660da80c6903e1dda005f289c31189c5228bd540815dafe4391915d40e1c21b,NO,"Legacy template, admin or interface asset",Not rendered in the redesigned public site,INTENTIONALLY_EXCLUDED,Not required,Not applicable,"Administrative, plugin, theme-demo or interface artwork; not Vista company content.",Eski/admin/ckeditor/samples/toolbarconfigurator/font/fontello.svg
public_html/admin/ckeditor/skins/moono-lisa/icons.png,png,5881,16,1056,,88779260914cca894bda32f92ec66fa516eed8f080109593b56d2b53bfe452ba,NO,"Legacy template, admin or interface asset",Not rendered in the redesigned public site,INTENTIONALLY_EXCLUDED,Not required,Not applicable,"Administrative, plugin, theme-demo or interface artwork; not Vista company content.",admin/ckeditor/plugins/icons.png; Eski/admin/ckeditor/plugins/icons.png; Eski/admin/ckeditor/skins/moono-lisa/icons.png
public_html/admin/ckeditor/skins/moono-lisa/icons_hidpi.png,png,20430,32,2112,,bd0cf1caad03c29eda13f608e3d8470022d0a3797a93ff240a9f33d0a95b28a7,NO,"Legacy template, admin or interface asset",Not rendered in the redesigned public site,INTENTIONALLY_EXCLUDED,Not required,Not applicable,"Administrative, plugin, theme-demo or interface artwork; not Vista company content.",admin/ckeditor/plugins/icons_hidpi.png; Eski/admin/ckeditor/plugins/icons_hidpi.png; Eski/admin/ckeditor/skins/moono-lisa/icons_hidpi.png
public_html/admin/ckeditor/skins/moono-lisa/images/arrow.png,png,191,6,30,,b2277bbb26fff842ebf687d4e0db0011c97ce2ad5150e20ebd63cd15a2c9550b,NO,"Legacy template, admin or interface asset",Not rendered in the redesigned public site,INTENTIONALLY_EXCLUDED,Not required,Not applicable,"Administrative, plugin, theme-demo or interface artwork; not Vista company content.",Eski/admin/ckeditor/skins/moono-lisa/images/arrow.png
public_html/admin/ckeditor/skins/moono-lisa/images/close.png,png,615,16,16,,0d5aab99d91cdf9451203c690d1b681efac0e247873137c2e4b254f5eaed0250,NO,"Legacy template, admin or interface asset",Not rendered in the redesigned public site,INTENTIONALLY_EXCLUDED,Not required,Not applicable,"Administrative, plugin, theme-demo or interface artwork; not Vista company content.",Eski/admin/ckeditor/skins/moono-lisa/images/close.png
public_html/admin/ckeditor/skins/moono-lisa/images/hidpi/close.png,png,1238,32,32,,31ca8328e53f548322e8d6cb9b889e1fe6d918e3f944910b905a3c3a9b97f616,NO,"Legacy template, admin or interface asset",Not rendered in the redesigned public site,INTENTIONALLY_EXCLUDED,Not required,Not applicable,"Administrative, plugin, theme-demo or interface artwork; not Vista company content.",Eski/admin/ckeditor/skins/moono-lisa/images/hidpi/close.png
public_html/admin/ckeditor/skins/moono-lisa/images/hidpi/lock-open.png,png,1071,32,32,,0f89da48392084c2b92f1184b20cd15a82b00f76369619827f0c256e4d064a84,NO,"Legacy template, admin or interface asset",Not rendered in the redesigned public site,INTENTIONALLY_EXCLUDED,Not required,Not applicable,"Administrative, plugin, theme-demo or interface artwork; not Vista company content.",Eski/admin/ckeditor/skins/moono-lisa/images/hidpi/lock-open.png
public_html/admin/ckeditor/skins/moono-lisa/images/hidpi/lock.png,png,1062,32,32,,590115a32954f2bf27bdad510aa986ab4790616b3838ed840d36707c37d2e549,NO,"Legacy template, admin or interface asset",Not rendered in the redesigned public site,INTENTIONALLY_EXCLUDED,Not required,Not applicable,"Administrative, plugin, theme-demo or interface artwork; not Vista company content.",Eski/admin/ckeditor/skins/moono-lisa/images/hidpi/lock.png
public_html/admin/ckeditor/skins/moono-lisa/images/hidpi/refresh.png,png,1623,32,32,,0afa815ccda8e98ab0c53b7f84405e7af5926a2f674f294ab7e0636eab8d59bc,NO,"Legacy template, admin or interface asset",Not rendered in the redesigned public site,INTENTIONALLY_EXCLUDED,Not required,Not applicable,"Administrative, plugin, theme-demo or interface artwork; not Vista company content.",Eski/admin/ckeditor/skins/moono-lisa/images/hidpi/refresh.png
public_html/admin/ckeditor/skins/moono-lisa/images/lock-open.png,png,511,16,16,,76f7cea49f5c9c3a33ebe05a241e5278530887fe7669529a04accf237ef491ae,NO,"Legacy template, admin or interface asset",Not rendered in the redesigned public site,INTENTIONALLY_EXCLUDED,Not required,Not applicable,"Administrative, plugin, theme-demo or interface artwork; not Vista company content.",Eski/admin/ckeditor/skins/moono-lisa/images/lock-open.png
public_html/admin/ckeditor/skins/moono-lisa/images/lock.png,png,506,16,16,,591538a3e1c27b0666fbea0e16e5fd35c37824711bf843bd42e692886cd34a87,NO,"Legacy template, admin or interface asset",Not rendered in the redesigned public site,INTENTIONALLY_EXCLUDED,Not required,Not applicable,"Administrative, plugin, theme-demo or interface artwork; not Vista company content.",Eski/admin/ckeditor/skins/moono-lisa/images/lock.png
public_html/admin/ckeditor/skins/moono-lisa/images/refresh.png,png,757,16,16,,908ab5420bc35b3dbb1408cba105349ba1f47334ca98be08d0607410353d033a,NO,"Legacy template, admin or interface asset",Not rendered in the redesigned public site,INTENTIONALLY_EXCLUDED,Not required,Not applicable,"Administrative, plugin, theme-demo or interface artwork; not Vista company content.",Eski/admin/ckeditor/skins/moono-lisa/images/refresh.png
public_html/admin/ckeditor/skins/moono-lisa/images/spinner.gif,gif,2984,16,16,,fe605d83531314abeaec1f47b43c86a4a48c86e3f332ad01b5a9ed2558b8b41f,NO,"Legacy template, admin or interface asset",Not rendered in the redesigned public site,INTENTIONALLY_EXCLUDED,Not required,Not applicable,"Administrative, plugin, theme-demo or interface artwork; not Vista company content.",Eski/admin/ckeditor/skins/moono-lisa/images/spinner.gif
public_html/admin/css/patterns/1.png,png,5352,220,156,,db39efcf653c1465edab06f363af6194507cdeddf251dd13e87a9e3027ed8d0a,NO,"Legacy template, admin or interface asset",Not rendered in the redesigned public site,INTENTIONALLY_EXCLUDED,Not required,Not applicable,"Administrative, plugin, theme-demo or interface artwork; not Vista company content.",Eski/admin/css/patterns/1.png
public_html/admin/css/patterns/2.png,png,5048,220,156,,3ac16ef17307a2c1dd4eec3f8e308ef149827b580c7f6ca940ba6810e7b7710a,NO,"Legacy template, admin or interface asset",Not rendered in the redesigned public site,INTENTIONALLY_EXCLUDED,Not required,Not applicable,"Administrative, plugin, theme-demo or interface artwork; not Vista company content.",Eski/admin/css/patterns/2.png
public_html/admin/css/patterns/3.png,png,6562,220,156,,0791e57ff55d8bfd74879a0580a454ed1b7dd38976d5caf82b06162b4475f051,NO,"Legacy template, admin or interface asset",Not rendered in the redesigned public site,INTENTIONALLY_EXCLUDED,Not required,Not applicable,"Administrative, plugin, theme-demo or interface artwork; not Vista company content.",Eski/admin/css/patterns/3.png
public_html/admin/css/patterns/4.png,png,11104,440,312,,37b25141944657b7700dc4e9448cea724bdaea505d307495769e8201957a57b1,NO,"Legacy template, admin or interface asset",Not rendered in the redesigned public site,INTENTIONALLY_EXCLUDED,Not required,Not applicable,"Administrative, plugin, theme-demo or interface artwork; not Vista company content.",Eski/admin/css/patterns/4.png
public_html/admin/css/patterns/5.png,png,10843,440,312,,2c503eff01e1ff4d6fc52a142ed17f1480cdca599f7273ec33cdd5f0e8dcfc16,NO,"Legacy template, admin or interface asset",Not rendered in the redesigned public site,INTENTIONALLY_EXCLUDED,Not required,Not applicable,"Administrative, plugin, theme-demo or interface artwork; not Vista company content.",Eski/admin/css/patterns/5.png
public_html/admin/css/patterns/6.png,png,9983,440,312,,25def1280eb04acf86c0c58bc2bdee52b33d0f35d3e151d23265280d8061a8d4,NO,"Legacy template, admin or interface asset",Not rendered in the redesigned public site,INTENTIONALLY_EXCLUDED,Not required,Not applicable,"Administrative, plugin, theme-demo or interface artwork; not Vista company content.",Eski/admin/css/patterns/6.png
public_html/admin/css/patterns/7.png,png,10543,440,312,,b1cf6c5678a2de9686e38a537f386c0ed0d9bee5c4dbc073c0103b55359cd102,NO,"Legacy template, admin or interface asset",Not rendered in the redesigned public site,INTENTIONALLY_EXCLUDED,Not required,Not applicable,"Administrative, plugin, theme-demo or interface artwork; not Vista company content.",Eski/admin/css/patterns/7.png
public_html/admin/css/patterns/congruent_pentagon.png,png,28934,600,600,,c929ba16ee39fcceb02db800468f8c0a1a435230cf292320f44fce325a0846db,NO,"Legacy template, admin or interface asset",Not rendered in the redesigned public site,INTENTIONALLY_EXCLUDED,Not required,Not applicable,"Administrative, plugin, theme-demo or interface artwork; not Vista company content.",Eski/admin/css/patterns/congruent_pentagon.png
public_html/admin/css/patterns/header-profile-skin-1.png,png,26278,220,156,,056d7f8ace7f4f137febf1e7a0a4da2bd86ab60cf9b6372a6e1141e8b24984eb,NO,"Legacy template, admin or interface asset",Not rendered in the redesigned public site,INTENTIONALLY_EXCLUDED,Not required,Not applicable,"Administrative, plugin, theme-demo or interface artwork; not Vista company content.",Eski/admin/css/patterns/header-profile-skin-1.png
public_html/admin/css/patterns/header-profile-skin-2.png,png,28211,220,156,,768b213762f966d13d2e344140fb95e04d040860a4046efaff279363d60059a3,NO,"Legacy template, admin or interface asset",Not rendered in the redesigned public site,INTENTIONALLY_EXCLUDED,Not required,Not applicable,"Administrative, plugin, theme-demo or interface artwork; not Vista company content.",Eski/admin/css/patterns/header-profile-skin-2.png
public_html/admin/css/patterns/header-profile-skin-3.png,png,33032,220,156,,e68e73e5aa5808121374833ffc85bad6abcb5bd5d2ac9424bc690715e2bd5027,NO,"Legacy template, admin or interface asset",Not rendered in the redesigned public site,INTENTIONALLY_EXCLUDED,Not required,Not applicable,"Administrative, plugin, theme-demo or interface artwork; not Vista company content.",Eski/admin/css/patterns/header-profile-skin-3.png
public_html/admin/css/patterns/header-profile.png,png,5877,220,156,,c05909898218a521d3bd19ba09a9a43338de6de5fdf1d3fc771b0ec28ae416c5,NO,"Legacy template, admin or interface asset",Not rendered in the redesigned public site,INTENTIONALLY_EXCLUDED,Not required,Not applicable,"Administrative, plugin, theme-demo or interface artwork; not Vista company content.",Eski/admin/css/patterns/header-profile.png
public_html/admin/css/patterns/otis_redding.png,png,10849,100,100,,477ffbbd1777e7d0ef656024892c087de62c9ce9d424c292985f941ed8a08399,NO,"Legacy template, admin or interface asset",Not rendered in the redesigned public site,INTENTIONALLY_EXCLUDED,Not required,Not applicable,"Administrative, plugin, theme-demo or interface artwork; not Vista company content.",Eski/admin/css/patterns/otis_redding.png
public_html/admin/css/patterns/shattered.png,png,137733,500,500,,241155c2a3436bfc0a542fc31fe2908ff2bdfc90e1ac7e26c6ba715b01030dcf,NO,"Legacy template, admin or interface asset",Not rendered in the redesigned public site,INTENTIONALLY_EXCLUDED,Not required,Not applicable,"Administrative, plugin, theme-demo or interface artwork; not Vista company content.",admin/img/landing/shattered.png; Eski/admin/css/patterns/shattered.png; Eski/admin/img/landing/shattered.png
public_html/admin/css/patterns/triangular.png,png,210,60,60,,076f119eafc772e88e16f8a4a0b8b0398b5b00babebc474898f5c7faeb42a97d,NO,"Legacy template, admin or interface asset",Not rendered in the redesigned public site,INTENTIONALLY_EXCLUDED,Not required,Not applicable,"Administrative, plugin, theme-demo or interface artwork; not Vista company content.",Eski/admin/css/patterns/triangular.png
public_html/admin/css/plugins/blueimp/img/error.png,png,2216,64,64,,aa462f83787f52e75b32a16cbba63069f26ae250bcd9d838b2a119a14101ac01,NO,"Legacy template, admin or interface asset",Not rendered in the redesigned public site,INTENTIONALLY_EXCLUDED,Not required,Not applicable,"Administrative, plugin, theme-demo or interface artwork; not Vista company content.",Eski/admin/css/plugins/blueimp/img/error.png
public_html/admin/css/plugins/blueimp/img/error.svg,svg,306,64,64,,7168de2d9dbda989c0deb414fd095f63d297cb836d886e2d8d19b42417c459da,NO,"Legacy template, admin or interface asset",Not rendered in the redesigned public site,INTENTIONALLY_EXCLUDED,Not required,Not applicable,"Administrative, plugin, theme-demo or interface artwork; not Vista company content.",Eski/admin/css/plugins/blueimp/img/error.svg
public_html/admin/css/plugins/blueimp/img/loading.gif,gif,3897,128,128,,b84750cc5a395288fcfd0cf42e3a60d6135e2f14db83fce05e97e5abacc2f9b4,NO,"Legacy template, admin or interface asset",Not rendered in the redesigned public site,INTENTIONALLY_EXCLUDED,Not required,Not applicable,"Administrative, plugin, theme-demo or interface artwork; not Vista company content.",Eski/admin/css/plugins/blueimp/img/loading.gif
public_html/admin/css/plugins/blueimp/img/play-pause.png,png,606,30,15,,104817e9f808da1039e66cb0e8d7a2b4c1e76243ef8d5d68396e547d7c7d8ae6,NO,"Legacy template, admin or interface asset",Not rendered in the redesigned public site,INTENTIONALLY_EXCLUDED,Not required,Not applicable,"Administrative, plugin, theme-demo or interface artwork; not Vista company content.",Eski/admin/css/plugins/blueimp/img/play-pause.png
public_html/admin/css/plugins/blueimp/img/play-pause.svg,svg,382,30,15,,6f924d25b0a89b0fc23f5caf85645b9aa51c5e225dde029f500482ceb6cfcd99,NO,"Legacy template, admin or interface asset",Not rendered in the redesigned public site,INTENTIONALLY_EXCLUDED,Not required,Not applicable,"Administrative, plugin, theme-demo or interface artwork; not Vista company content.",Eski/admin/css/plugins/blueimp/img/play-pause.svg
public_html/admin/css/plugins/blueimp/img/video-play.png,png,2811,64,64,,4b2a9aa056390eb56ac1e7aedc6909c0ce6c1facc1463a411fbc986b31fd93eb,NO,"Legacy template, admin or interface asset",Not rendered in the redesigned public site,INTENTIONALLY_EXCLUDED,Not required,Not applicable,"Administrative, plugin, theme-demo or interface artwork; not Vista company content.",Eski/admin/css/plugins/blueimp/img/video-play.png
public_html/admin/css/plugins/blueimp/img/video-play.svg,svg,274,64,64,,c8ae32014fc721244469142669df3c4576cb3b68a55bb14a070a6ff67ee49aa1,NO,"Legacy template, admin or interface asset",Not rendered in the redesigned public site,INTENTIONALLY_EXCLUDED,Not required,Not applicable,"Administrative, plugin, theme-demo or interface artwork; not Vista company content.",Eski/admin/css/plugins/blueimp/img/video-play.svg
public_html/admin/css/plugins/chosen/chosen-sprite.png,png,646,52,37,,e670fdcaf8cd467a9a1a67e9a5c1f73288089f59dc08031b118dc26fbd233c80,NO,"Legacy template, admin or interface asset",Not rendered in the redesigned public site,INTENTIONALLY_EXCLUDED,Not required,Not applicable,"Administrative, plugin, theme-demo or interface artwork; not Vista company content.",Eski/admin/css/plugins/chosen/chosen-sprite.png
public_html/admin/css/plugins/chosen/chosen-sprite@2x.png,png,872,104,74,,edc297359fe8a5f6ee0bc4a1abc36ce4a773104a9225e17bbe592f820c617a72,NO,"Legacy template, admin or interface asset",Not rendered in the redesigned public site,INTENTIONALLY_EXCLUDED,Not required,Not applicable,"Administrative, plugin, theme-demo or interface artwork; not Vista company content.",Eski/admin/css/plugins/chosen/chosen-sprite@2x.png
public_html/admin/css/plugins/footable/fonts/footable.svg,svg,13095,,,,5c04730b85442f51d5dacd68a34123552512cfcb53af22d9f1bf1c3421fc03c2,NO,"Legacy template, admin or interface asset",Not rendered in the redesigned public site,INTENTIONALLY_EXCLUDED,Not required,Not applicable,"Administrative, plugin, theme-demo or interface artwork; not Vista company content.",Eski/admin/css/plugins/footable/fonts/footable.svg
public_html/admin/css/plugins/iCheck/green.png,png,5064,240,24,,09b374a6c78a307572562c713fa4c13361b46bb7805c986aa48d12626e3963af,NO,"Legacy template, admin or interface asset",Not rendered in the redesigned public site,INTENTIONALLY_EXCLUDED,Not required,Not applicable,"Administrative, plugin, theme-demo or interface artwork; not Vista company content.",Eski/admin/css/plugins/iCheck/green.png
public_html/admin/css/plugins/iCheck/green@2x.png,png,7708,480,48,,98fa90157454872b924b656cf68ee6251c2c6ce1c1eacf88eb16c4656dee3e8b,NO,"Legacy template, admin or interface asset",Not rendered in the redesigned public site,INTENTIONALLY_EXCLUDED,Not required,Not applicable,"Administrative, plugin, theme-demo or interface artwork; not Vista company content.",Eski/admin/css/plugins/iCheck/green@2x.png
public_html/admin/css/plugins/images/bootstrap-colorpicker/alpha-horizontal.png,png,3635,100,10,,b0312e8245ddeb0f67212aed3b4f97d9b054461fe89fd7a70f6a2a55e1563767,NO,"Legacy template, admin or interface asset",Not rendered in the redesigned public site,INTENTIONALLY_EXCLUDED,Not required,Not applicable,"Administrative, plugin, theme-demo or interface artwork; not Vista company content.",Eski/admin/css/plugins/images/bootstrap-colorpicker/alpha-horizontal.png
public_html/admin/css/plugins/images/bootstrap-colorpicker/alpha.png,png,3271,10,100,,d0d1b42617b82f34ac9d0362ee4563d58b535bf7b785ed475e388b4a2a2106b2,NO,"Legacy template, admin or interface asset",Not rendered in the redesigned public site,INTENTIONALLY_EXCLUDED,Not required,Not applicable,"Administrative, plugin, theme-demo or interface artwork; not Vista company content.",Eski/admin/css/plugins/images/bootstrap-colorpicker/alpha.png
public_html/admin/css/plugins/images/bootstrap-colorpicker/hue-horizontal.png,png,2837,100,1,,c0d78daecc1c68b6b566fa89c2320399e95b79568fac059cfe9c2790cbfd0d8b,NO,"Legacy template, admin or interface asset",Not rendered in the redesigned public site,INTENTIONALLY_EXCLUDED,Not required,Not applicable,"Administrative, plugin, theme-demo or interface artwork; not Vista company content.",Eski/admin/css/plugins/images/bootstrap-colorpicker/hue-horizontal.png
public_html/admin/css/plugins/images/bootstrap-colorpicker/hue.png,png,2972,1,100,,76f600a164cf16262dd78abfd05bca52315ac9ef660a962bc86145322f43072a,NO,"Legacy template, admin or interface asset",Not rendered in the redesigned public site,INTENTIONALLY_EXCLUDED,Not required,Not applicable,"Administrative, plugin, theme-demo or interface artwork; not Vista company content.",Eski/admin/css/plugins/images/bootstrap-colorpicker/hue.png
public_html/admin/css/plugins/images/bootstrap-colorpicker/saturation.png,png,8817,100,100,,373292b9226296d598f0827e253a3ed87fa1aee38cfebb0620fb380c682186bd,NO,"Legacy template, admin or interface asset",Not rendered in the redesigned public site,INTENTIONALLY_EXCLUDED,Not required,Not applicable,"Administrative, plugin, theme-demo or interface artwork; not Vista company content.",Eski/admin/css/plugins/images/bootstrap-colorpicker/saturation.png
public_html/admin/css/plugins/images/sort.png,png,1060,21,16,,deb08eed58ee9937d87c0c8c71cba83c2eb99ce7b72913470a4f85f0b3022858,NO,"Legacy template, admin or interface asset",Not rendered in the redesigned public site,INTENTIONALLY_EXCLUDED,Not required,Not applicable,"Administrative, plugin, theme-demo or interface artwork; not Vista company content.",Eski/admin/css/plugins/images/sort.png
public_html/admin/css/plugins/images/sort_asc.png,png,1022,21,16,,5cba6c3ec500bcbf2a3d9f5445793cd357b8ab3712229d9698fd91a839eff9ce,NO,"Legacy template, admin or interface asset",Not rendered in the redesigned public site,INTENTIONALLY_EXCLUDED,Not required,Not applicable,"Administrative, plugin, theme-demo or interface artwork; not Vista company content.",Eski/admin/css/plugins/images/sort_asc.png
public_html/admin/css/plugins/images/sort_desc.png,png,1017,21,16,,3467e15ca9894229b64c846d4d9e667e7b522b574bd0f428973611ad759141ec,NO,"Legacy template, admin or interface asset",Not rendered in the redesigned public site,INTENTIONALLY_EXCLUDED,Not required,Not applicable,"Administrative, plugin, theme-demo or interface artwork; not Vista company content.",Eski/admin/css/plugins/images/sort_desc.png
public_html/admin/css/plugins/images/sprite-skin-flat.png,png,3376,260,150,,d0608a1b416655bb153cbda8d2f32587d1a3ea1cbca49ce4bcff977f989d0d93,NO,"Legacy template, admin or interface asset",Not rendered in the redesigned public site,INTENTIONALLY_EXCLUDED,Not required,Not applicable,"Administrative, plugin, theme-demo or interface artwork; not Vista company content.",Eski/admin/css/plugins/images/sprite-skin-flat.png
public_html/admin/css/plugins/images/sprite-skin-flat2.png,png,783,260,150,,8eace948c6acbf969185d5af15eaaa8f1e7a13938f7ae6a456a6039b77162ae6,NO,"Legacy template, admin or interface asset",Not rendered in the redesigned public site,INTENTIONALLY_EXCLUDED,Not required,Not applicable,"Administrative, plugin, theme-demo or interface artwork; not Vista company content.",Eski/admin/css/plugins/images/sprite-skin-flat2.png
public_html/admin/css/plugins/images/sprite-skin-nice.png,png,1022,260,150,,e1e3b5591a6303447114c2e9e5e91fdc3b3d24b8b1c88d0b6a29a1d5b4c37505,NO,"Legacy template, admin or interface asset",Not rendered in the redesigned public site,INTENTIONALLY_EXCLUDED,Not required,Not applicable,"Administrative, plugin, theme-demo or interface artwork; not Vista company content.",Eski/admin/css/plugins/images/sprite-skin-nice.png
public_html/admin/css/plugins/images/sprite-skin-simple.png,png,385,260,150,,57e320559204bfd26814f0eec805c6db3d0d2f4ea80972e5c2c06283990a1276,NO,"Legacy template, admin or interface asset",Not rendered in the redesigned public site,INTENTIONALLY_EXCLUDED,Not required,Not applicable,"Administrative, plugin, theme-demo or interface artwork; not Vista company content.",Eski/admin/css/plugins/images/sprite-skin-simple.png
public_html/admin/css/plugins/images/spritemap.png,png,10208,428,406,,628f64345fe189d355a3208038de23684f64a3db832a674cb646a250ced3361b,NO,"Legacy template, admin or interface asset",Not rendered in the redesigned public site,INTENTIONALLY_EXCLUDED,Not required,Not applicable,"Administrative, plugin, theme-demo or interface artwork; not Vista company content.",Eski/admin/css/plugins/images/spritemap.png
public_html/admin/css/plugins/images/spritemap@2x.png,png,35675,856,812,,43da7e42cd34181210582211c7de89490282c2f7a6eb4b9c9ef3d692f8b7c742,NO,"Legacy template, admin or interface asset",Not rendered in the redesigned public site,INTENTIONALLY_EXCLUDED,Not required,Not applicable,"Administrative, plugin, theme-demo or interface artwork; not Vista company content.",Eski/admin/css/plugins/images/spritemap@2x.png
public_html/admin/css/plugins/jQueryUI/images/animated-overlay.gif,gif,1738,40,40,,c7bcc76fb23c0430b36ec448eb79f8bc34129dae95da10f3c14ed0eacdf2f1b9,NO,"Legacy template, admin or interface asset",Not rendered in the redesigned public site,INTENTIONALLY_EXCLUDED,Not required,Not applicable,"Administrative, plugin, theme-demo or interface artwork; not Vista company content.",admin/js/jquery-ui/css/ui-lightness/images/animated-overlay.gif; admin/js/jquery-ui/development-bundle/themes/base/images/animated-overlay.gif; admin/js/jquery-ui/development-bundle/themes/base/minified/images/animated-overlay.gif; admin/js/jquery-ui/development-bundle/themes/ui-lightness/images/animated-overlay.gif; admin/js/jquery-ui/development-bundle/themes/ui-lightness/minified/images/animated-overlay.gif; admin/js/plugins/jquery-ui/images/animated-overlay.gif; Eski/admin/css/plugins/jQueryUI/images/animated-overlay.gif; Eski/admin/js/jquery-ui/css/ui-lightness/images/animated-overlay.gif; Eski/admin/js/jquery-ui/development-bundle/themes/base/images/animated-overlay.gif; Eski/admin/js/jquery-ui/development-bundle/themes/base/minified/images/animated-overlay.gif; Eski/admin/js/jquery-ui/development-bundle/themes/ui-lightness/images/animated-overlay.gif; Eski/admin/js/jquery-ui/development-bundle/themes/ui-lightness/minified/images/animated-overlay.gif; Eski/admin/js/plugins/jquery-ui/images/animated-overlay.gif
public_html/admin/css/plugins/jQueryUI/images/ui-bg_flat_0_aaaaaa_40x100.png,png,212,40,100,,7f1982c266ad316ddffa85992be75f8edb590ffbe0c0f9b8e43d07dd64db07c4,NO,"Legacy template, admin or interface asset",Not rendered in the redesigned public site,INTENTIONALLY_EXCLUDED,Not required,Not applicable,"Administrative, plugin, theme-demo or interface artwork; not Vista company content.",Eski/admin/css/plugins/jQueryUI/images/ui-bg_flat_0_aaaaaa_40x100.png
public_html/admin/css/plugins/jQueryUI/images/ui-bg_flat_75_ffffff_40x100.png,png,208,40,100,,41ffac518395886385d24024f4887b155753f015371f4ab5c73f600e049f4dc3,NO,"Legacy template, admin or interface asset",Not rendered in the redesigned public site,INTENTIONALLY_EXCLUDED,Not required,Not applicable,"Administrative, plugin, theme-demo or interface artwork; not Vista company content.",Eski/admin/css/plugins/jQueryUI/images/ui-bg_flat_75_ffffff_40x100.png
public_html/admin/css/plugins/jQueryUI/images/ui-bg_glass_55_fbf9ee_1x400.png,png,335,1,400,,921fb2dcc519b4b7efe6f4cad370a7a540e102c9ecfe17f2fad7898992da9730,NO,"Legacy template, admin or interface asset",Not rendered in the redesigned public site,INTENTIONALLY_EXCLUDED,Not required,Not applicable,"Administrative, plugin, theme-demo or interface artwork; not Vista company content.",Eski/admin/css/plugins/jQueryUI/images/ui-bg_glass_55_fbf9ee_1x400.png
public_html/admin/css/plugins/jQueryUI/images/ui-bg_glass_65_ffffff_1x400.png,png,207,1,400,,a323a4fad14278d37d34a863860c6ef1f5d5716bba164c5d25f464dba3480b33,NO,"Legacy template, admin or interface asset",Not rendered in the redesigned public site,INTENTIONALLY_EXCLUDED,Not required,Not applicable,"Administrative, plugin, theme-demo or interface artwork; not Vista company content.",Eski/admin/css/plugins/jQueryUI/images/ui-bg_glass_65_ffffff_1x400.png
public_html/admin/css/plugins/jQueryUI/images/ui-bg_glass_75_dadada_1x400.png,png,262,1,400,,1771cf193b5ab039f9fc155a7726e93fe7617bdae3e98a9ffa2c6e78d6d27335,NO,"Legacy template, admin or interface asset",Not rendered in the redesigned public site,INTENTIONALLY_EXCLUDED,Not required,Not applicable,"Administrative, plugin, theme-demo or interface artwork; not Vista company content.",Eski/admin/css/plugins/jQueryUI/images/ui-bg_glass_75_dadada_1x400.png
public_html/admin/css/plugins/jQueryUI/images/ui-bg_glass_75_e6e6e6_1x400.png,png,262,1,400,,123713b1f5077b5bdd59c67b89f8f0392a82c8427ef6d8f759c8bb9b5fe73aa1,NO,"Legacy template, admin or interface asset",Not rendered in the redesigned public site,INTENTIONALLY_EXCLUDED,Not required,Not applicable,"Administrative, plugin, theme-demo or interface artwork; not Vista company content.",Eski/admin/css/plugins/jQueryUI/images/ui-bg_glass_75_e6e6e6_1x400.png
public_html/admin/css/plugins/jQueryUI/images/ui-bg_glass_95_fef1ec_1x400.png,png,332,1,400,,59cc66787345178fea4a2511fab09ac07ba7a48e44693861626acb3626cb50d7,NO,"Legacy template, admin or interface asset",Not rendered in the redesigned public site,INTENTIONALLY_EXCLUDED,Not required,Not applicable,"Administrative, plugin, theme-demo or interface artwork; not Vista company content.",Eski/admin/css/plugins/jQueryUI/images/ui-bg_glass_95_fef1ec_1x400.png
public_html/admin/css/plugins/jQueryUI/images/ui-bg_highlight-soft_75_cccccc_1x100.png,png,280,1,100,,7dd5a26fb4bd0c59ad9c3536c62e48a8cc15b99289a54230adccf02dd7e73fdf,NO,"Legacy template, admin or interface asset",Not rendered in the redesigned public site,INTENTIONALLY_EXCLUDED,Not required,Not applicable,"Administrative, plugin, theme-demo or interface artwork; not Vista company content.",Eski/admin/css/plugins/jQueryUI/images/ui-bg_highlight-soft_75_cccccc_1x100.png
public_html/admin/css/plugins/jQueryUI/images/ui-icons_222222_256x240.png,png,6922,256,240,,3b1ac036763d3a59c88578486ae698d22a37dd2d46a553485e1eabb9fe255b3f,NO,"Legacy template, admin or interface asset",Not rendered in the redesigned public site,INTENTIONALLY_EXCLUDED,Not required,Not applicable,"Administrative, plugin, theme-demo or interface artwork; not Vista company content.",admin/js/jquery-ui/css/ui-lightness/images/ui-icons_222222_256x240.png; admin/js/jquery-ui/development-bundle/themes/ui-lightness/images/ui-icons_222222_256x240.png; admin/js/jquery-ui/development-bundle/themes/ui-lightness/minified/images/ui-icons_222222_256x240.png; Eski/admin/css/plugins/jQueryUI/images/ui-icons_222222_256x240.png; Eski/admin/js/jquery-ui/css/ui-lightness/images/ui-icons_222222_256x240.png; Eski/admin/js/jquery-ui/development-bundle/themes/ui-lightness/images/ui-icons_222222_256x240.png; Eski/admin/js/jquery-ui/development-bundle/themes/ui-lightness/minified/images/ui-icons_222222_256x240.png
public_html/admin/css/plugins/jQueryUI/images/ui-icons_2e83ff_256x240.png,png,4549,256,240,,3d3e274632c78c97b550bb7d2291462e2584f523a15cdc1b9535e7bfabd0ce30,NO,"Legacy template, admin or interface asset",Not rendered in the redesigned public site,INTENTIONALLY_EXCLUDED,Not required,Not applicable,"Administrative, plugin, theme-demo or interface artwork; not Vista company content.",Eski/admin/css/plugins/jQueryUI/images/ui-icons_2e83ff_256x240.png
public_html/admin/css/plugins/jQueryUI/images/ui-icons_454545_256x240.png,png,6992,256,240,,a8d28e2d83a807b2b86ed2a02e31086f6c0718dfa96e0ba6a4577b657f69cc34,NO,"Legacy template, admin or interface asset",Not rendered in the redesigned public site,INTENTIONALLY_EXCLUDED,Not required,Not applicable,"Administrative, plugin, theme-demo or interface artwork; not Vista company content.",Eski/admin/css/plugins/jQueryUI/images/ui-icons_454545_256x240.png
public_html/admin/css/plugins/jQueryUI/images/ui-icons_888888_256x240.png,png,6999,256,240,,e2d1b1c7c51f8c30431327fe43029d62b6d5dfd2d95bbd6b8b9929c178dba4bf,NO,"Legacy template, admin or interface asset",Not rendered in the redesigned public site,INTENTIONALLY_EXCLUDED,Not required,Not applicable,"Administrative, plugin, theme-demo or interface artwork; not Vista company content.",Eski/admin/css/plugins/jQueryUI/images/ui-icons_888888_256x240.png
public_html/admin/css/plugins/jQueryUI/images/ui-icons_cd0a0a_256x240.png,png,4549,256,240,,003822ed55ad9191e071798370e41363a617b138eae18623ad9d864ca5f357ce,NO,"Legacy template, admin or interface asset",Not rendered in the redesigned public site,INTENTIONALLY_EXCLUDED,Not required,Not applicable,"Administrative, plugin, theme-demo or interface artwork; not Vista company content.",Eski/admin/css/plugins/jQueryUI/images/ui-icons_cd0a0a_256x240.png
public_html/admin/css/plugins/jsTree/32px.png,png,3121,320,96,,be1a46ee82282037be2e21dbea494f21aab625b8ca32193b3d03a5e6472cbea2,NO,"Legacy template, admin or interface asset",Not rendered in the redesigned public site,INTENTIONALLY_EXCLUDED,Not required,Not applicable,"Administrative, plugin, theme-demo or interface artwork; not Vista company content.",Eski/admin/css/plugins/jsTree/32px.png
public_html/admin/css/plugins/jsTree/39px.png,png,5593,320,96,,721c88bb3803079795462b239aa7ed13171b5dfa5c854b7ba37991bcf398185a,NO,"Legacy template, admin or interface asset",Not rendered in the redesigned public site,INTENTIONALLY_EXCLUDED,Not required,Not applicable,"Administrative, plugin, theme-demo or interface artwork; not Vista company content.",Eski/admin/css/plugins/jsTree/39px.png
public_html/admin/css/plugins/jsTree/40px.png,png,1880,240,480,,e42d2daab8bdb92822d13842e91f4a4c7b96fac75c8fb986fae9c0f46a67431e,NO,"Legacy template, admin or interface asset",Not rendered in the redesigned public site,INTENTIONALLY_EXCLUDED,Not required,Not applicable,"Administrative, plugin, theme-demo or interface artwork; not Vista company content.",Eski/admin/css/plugins/jsTree/40px.png
public_html/admin/css/plugins/jsTree/throbber.gif,gif,1720,16,16,,76ca7d5b1257abfe620b56fb3eef5e9f51284b03da86d64999f1e66e24e0d9fc,NO,"Legacy template, admin or interface asset",Not rendered in the redesigned public site,INTENTIONALLY_EXCLUDED,Not required,Not applicable,"Administrative, plugin, theme-demo or interface artwork; not Vista company content.",Eski/admin/css/plugins/jsTree/throbber.gif
public_html/admin/css/plugins/slick/ajax-loader.gif,gif,4178,32,32,,e7b44c86b050fca766a96ddac2d0932af0126da6f2305280342d909168dcce6b,NO,"Legacy template, admin or interface asset",Not rendered in the redesigned public site,INTENTIONALLY_EXCLUDED,Not required,Not applicable,"Administrative, plugin, theme-demo or interface artwork; not Vista company content.",Eski/admin/css/plugins/slick/ajax-loader.gif
public_html/admin/css/plugins/slick/fonts/slick.svg,svg,2152,,,,12459f221a0b787bf1eaebf2e4c48fca2bd9f8493f71256c3043e7a0c7e932f6,NO,"Legacy template, admin or interface asset",Not rendered in the redesigned public site,INTENTIONALLY_EXCLUDED,Not required,Not applicable,"Administrative, plugin, theme-demo or interface artwork; not Vista company content.",Eski/admin/css/plugins/slick/fonts/slick.svg
public_html/admin/font-awesome/fonts/fontawesome-webfont.svg,svg,313398,,,,bfdef833219a6edffd9c3cbc28db72739d22bb4d20cc2e2f8d56a7a4d408a206,NO,"Legacy template, admin or interface asset",Not rendered in the redesigned public site,INTENTIONALLY_EXCLUDED,Not required,Not applicable,"Administrative, plugin, theme-demo or interface artwork; not Vista company content.",Eski/admin/font-awesome/fonts/fontawesome-webfont.svg
public_html/admin/fonts/glyphicons-halflings-regular.svg,svg,108738,,,,42f60659d265c1a3c30f9fa42abcbb56bd4a53af4d83d316d6dd7a36903c43e5,NO,"Legacy template, admin or interface asset",Not rendered in the redesigned public site,INTENTIONALLY_EXCLUDED,Not required,Not applicable,"Administrative, plugin, theme-demo or interface artwork; not Vista company content.",Eski/admin/fonts/glyphicons-halflings-regular.svg; Eski/fonts/glyphicons-halflings-regular.svg
public_html/admin/img/favicon-16x16.png,png,2977,16,16,,53abf229baf6700e18b122dc6315194d3bac22fabf8022539d73fa65ddc9470f,NO,"Legacy template, admin or interface asset",Not rendered in the redesigned public site,INTENTIONALLY_EXCLUDED,Not required,Not applicable,"Administrative, plugin, theme-demo or interface artwork; not Vista company content.",Eski/admin/img/favicon-16x16.png
public_html/admin/img/gallery/logo3.png,png,25382,156,144,,2bae4c0853cd86b5897c0a5ab6a878138ac6afaad16404c198a90518f6dbdb6c,NO,"Legacy template, admin or interface asset",Not rendered in the redesigned public site,INTENTIONALLY_EXCLUDED,Not required,Not applicable,"Administrative, plugin, theme-demo or interface artwork; not Vista company content.",
public_html/admin/img/kullanici.png,png,43645,512,512,,7d7bd1d298de9a551c4056919226ee6a5f8dda224ffd3336825d0695e93f3f8f,NO,"Legacy template, admin or interface asset",Not rendered in the redesigned public site,INTENTIONALLY_EXCLUDED,Not required,Not applicable,"Administrative, plugin, theme-demo or interface artwork; not Vista company content.",Eski/admin/img/kullanici.png
public_html/admin/img/landing/avatar_all.png,png,198865,603,268,,ac5c097a10b7e81a5d2e276d33724552badec0b6a9a0c3fef48e53e384c07183,NO,"Legacy template, admin or interface asset",Not rendered in the redesigned public site,INTENTIONALLY_EXCLUDED,Not required,Not applicable,"Administrative, plugin, theme-demo or interface artwork; not Vista company content.",Eski/admin/img/landing/avatar_all.png
public_html/admin/img/landing/shattered.png,png,137733,500,500,,241155c2a3436bfc0a542fc31fe2908ff2bdfc90e1ac7e26c6ba715b01030dcf,NO,"Legacy template, admin or interface asset",Not rendered in the redesigned public site,INTENTIONALLY_EXCLUDED,Not required,Not applicable,"Administrative, plugin, theme-demo or interface artwork; not Vista company content.",admin/css/patterns/shattered.png; Eski/admin/css/patterns/shattered.png; Eski/admin/img/landing/shattered.png
public_html/admin/img/landing/word_map.png,png,89439,800,400,,20e178bf1c443c7592ea3eeb44cb862e663419903f5d338f54a9a92a46605465,NO,"Legacy template, admin or interface asset",Not rendered in the redesigned public site,INTENTIONALLY_EXCLUDED,Not required,Not applicable,"Administrative, plugin, theme-demo or interface artwork; not Vista company content.",Eski/admin/img/landing/word_map.png
public_html/admin/img/loader.gif,gif,2914,80,10,,3e2008f34f254a7f8dd6a9f01d8554a1942f39011d1ec39cafd9cc0a49b8a9e4,NO,"Legacy template, admin or interface asset",Not rendered in the redesigned public site,INTENTIONALLY_EXCLUDED,Not required,Not applicable,"Administrative, plugin, theme-demo or interface artwork; not Vista company content.",Eski/admin/img/loader.gif
public_html/admin/img/logo.png,png,4974,300,98,,fca31941b60c75ea3b4561bdbc9bac7c1a84c09a277a875560c20229ec5315c8,NO,"Legacy template, admin or interface asset",Not rendered in the redesigned public site,INTENTIONALLY_EXCLUDED,Not required,Not applicable,"Administrative, plugin, theme-demo or interface artwork; not Vista company content.",Eski/admin/img/logo.png
public_html/admin/img/logo2.png,png,3894,153,50,,e12a5ba3d8739a2be0febb953a797717f8e6a6f7882e518bae35781a089e17e7,NO,"Legacy template, admin or interface asset",Not rendered in the redesigned public site,INTENTIONALLY_EXCLUDED,Not required,Not applicable,"Administrative, plugin, theme-demo or interface artwork; not Vista company content.",admin/img/logo22.png; Eski/admin/img/logo2.png
public_html/admin/img/logo22.png,png,3894,153,50,,e12a5ba3d8739a2be0febb953a797717f8e6a6f7882e518bae35781a089e17e7,NO,"Legacy template, admin or interface asset",Not rendered in the redesigned public site,INTENTIONALLY_EXCLUDED,Not required,Not applicable,"Administrative, plugin, theme-demo or interface artwork; not Vista company content.",admin/img/logo2.png; Eski/admin/img/logo2.png
public_html/admin/img/logo3.png,png,3813,137,130,,201752308b773805f88ebada68620c321f7c567c41a50910d7804ae703a70be5,NO,"Legacy template, admin or interface asset",Not rendered in the redesigned public site,INTENTIONALLY_EXCLUDED,Not required,Not applicable,"Administrative, plugin, theme-demo or interface artwork; not Vista company content.",Eski/admin/img/logo3.png
public_html/admin/img/userim.png,png,1772,48,48,,9b37aa9f0a2b8b120c6f451bf67f1abefffa0b81bc6a3cecd111939c06a674f2,NO,"Legacy template, admin or interface asset",Not rendered in the redesigned public site,INTENTIONALLY_EXCLUDED,Not required,Not applicable,"Administrative, plugin, theme-demo or interface artwork; not Vista company content.",Eski/admin/img/userim.png
public_html/admin/img/yonetici.png,png,34211,512,512,,0ae67e02262984199d0d48f05e8acf01a16d0de55f7e2205f6167df6a143b308,NO,"Legacy template, admin or interface asset",Not rendered in the redesigned public site,INTENTIONALLY_EXCLUDED,Not required,Not applicable,"Administrative, plugin, theme-demo or interface artwork; not Vista company content.",Eski/admin/img/yonetici.png
public_html/admin/js/jquery-ui/css/ui-lightness/images/animated-overlay.gif,gif,1738,40,40,,c7bcc76fb23c0430b36ec448eb79f8bc34129dae95da10f3c14ed0eacdf2f1b9,NO,"Legacy template, admin or interface asset",Not rendered in the redesigned public site,INTENTIONALLY_EXCLUDED,Not required,Not applicable,"Administrative, plugin, theme-demo or interface artwork; not Vista company content.",admin/css/plugins/jQueryUI/images/animated-overlay.gif; admin/js/jquery-ui/development-bundle/themes/base/images/animated-overlay.gif; admin/js/jquery-ui/development-bundle/themes/base/minified/images/animated-overlay.gif; admin/js/jquery-ui/development-bundle/themes/ui-lightness/images/animated-overlay.gif; admin/js/jquery-ui/development-bundle/themes/ui-lightness/minified/images/animated-overlay.gif; admin/js/plugins/jquery-ui/images/animated-overlay.gif; Eski/admin/css/plugins/jQueryUI/images/animated-overlay.gif; Eski/admin/js/jquery-ui/css/ui-lightness/images/animated-overlay.gif; Eski/admin/js/jquery-ui/development-bundle/themes/base/images/animated-overlay.gif; Eski/admin/js/jquery-ui/development-bundle/themes/base/minified/images/animated-overlay.gif; Eski/admin/js/jquery-ui/development-bundle/themes/ui-lightness/images/animated-overlay.gif; Eski/admin/js/jquery-ui/development-bundle/themes/ui-lightness/minified/images/animated-overlay.gif; Eski/admin/js/plugins/jquery-ui/images/animated-overlay.gif
public_html/admin/js/jquery-ui/css/ui-lightness/images/ui-bg_diagonals-thick_18_b81900_40x40.png,png,418,40,40,,efe6120ab3a3945618abe61a1afc4d5acfc100561f1108e76d44fa9bbacab796,NO,"Legacy template, admin or interface asset",Not rendered in the redesigned public site,INTENTIONALLY_EXCLUDED,Not required,Not applicable,"Administrative, plugin, theme-demo or interface artwork; not Vista company content.",admin/js/jquery-ui/development-bundle/themes/ui-lightness/images/ui-bg_diagonals-thick_18_b81900_40x40.png; admin/js/jquery-ui/development-bundle/themes/ui-lightness/minified/images/ui-bg_diagonals-thick_18_b81900_40x40.png; Eski/admin/js/jquery-ui/css/ui-lightness/images/ui-bg_diagonals-thick_18_b81900_40x40.png; Eski/admin/js/jquery-ui/development-bundle/themes/ui-lightness/images/ui-bg_diagonals-thick_18_b81900_40x40.png; Eski/admin/js/jquery-ui/development-bundle/themes/ui-lightness/minified/images/ui-bg_diagonals-thick_18_b81900_40x40.png
public_html/admin/js/jquery-ui/css/ui-lightness/images/ui-bg_diagonals-thick_20_666666_40x40.png,png,312,40,40,,005b9142f38f3713f379d208c4e4e9d54ec8101c8d4f1838b560f99de42999d1,NO,"Legacy template, admin or interface asset",Not rendered in the redesigned public site,INTENTIONALLY_EXCLUDED,Not required,Not applicable,"Administrative, plugin, theme-demo or interface artwork; not Vista company content.",admin/js/jquery-ui/development-bundle/themes/ui-lightness/images/ui-bg_diagonals-thick_20_666666_40x40.png; admin/js/jquery-ui/development-bundle/themes/ui-lightness/minified/images/ui-bg_diagonals-thick_20_666666_40x40.png; Eski/admin/js/jquery-ui/css/ui-lightness/images/ui-bg_diagonals-thick_20_666666_40x40.png; Eski/admin/js/jquery-ui/development-bundle/themes/ui-lightness/images/ui-bg_diagonals-thick_20_666666_40x40.png; Eski/admin/js/jquery-ui/development-bundle/themes/ui-lightness/minified/images/ui-bg_diagonals-thick_20_666666_40x40.png
public_html/admin/js/jquery-ui/css/ui-lightness/images/ui-bg_flat_10_000000_40x100.png,png,205,40,100,,b3f70c835f507e84d401d02ffc6d82748397f24b8888817dab8cf069d5dc8301,NO,"Legacy template, admin or interface asset",Not rendered in the redesigned public site,INTENTIONALLY_EXCLUDED,Not required,Not applicable,"Administrative, plugin, theme-demo or interface artwork; not Vista company content.",admin/js/jquery-ui/development-bundle/themes/ui-lightness/images/ui-bg_flat_10_000000_40x100.png; admin/js/jquery-ui/development-bundle/themes/ui-lightness/minified/images/ui-bg_flat_10_000000_40x100.png; Eski/admin/js/jquery-ui/css/ui-lightness/images/ui-bg_flat_10_000000_40x100.png; Eski/admin/js/jquery-ui/development-bundle/themes/ui-lightness/images/ui-bg_flat_10_000000_40x100.png; Eski/admin/js/jquery-ui/development-bundle/themes/ui-lightness/minified/images/ui-bg_flat_10_000000_40x100.png
public_html/admin/js/jquery-ui/css/ui-lightness/images/ui-bg_glass_100_f6f6f6_1x400.png,png,262,1,400,,941b2616571078eb1bb07b425ff0404ab8ae70dfd2cc63348706629055a205c0,NO,"Legacy template, admin or interface asset",Not rendered in the redesigned public site,INTENTIONALLY_EXCLUDED,Not required,Not applicable,"Administrative, plugin, theme-demo or interface artwork; not Vista company content.",admin/js/jquery-ui/development-bundle/themes/ui-lightness/images/ui-bg_glass_100_f6f6f6_1x400.png; admin/js/jquery-ui/development-bundle/themes/ui-lightness/minified/images/ui-bg_glass_100_f6f6f6_1x400.png; Eski/admin/js/jquery-ui/css/ui-lightness/images/ui-bg_glass_100_f6f6f6_1x400.png; Eski/admin/js/jquery-ui/development-bundle/themes/ui-lightness/images/ui-bg_glass_100_f6f6f6_1x400.png; Eski/admin/js/jquery-ui/development-bundle/themes/ui-lightness/minified/images/ui-bg_glass_100_f6f6f6_1x400.png
public_html/admin/js/jquery-ui/css/ui-lightness/images/ui-bg_glass_100_fdf5ce_1x400.png,png,348,1,400,,a9dc3fdeefe1ac48f45eedb4077bb6f85d3c917b6df2518d34b9a3590e10608d,NO,"Legacy template, admin or interface asset",Not rendered in the redesigned public site,INTENTIONALLY_EXCLUDED,Not required,Not applicable,"Administrative, plugin, theme-demo or interface artwork; not Vista company content.",admin/js/jquery-ui/development-bundle/themes/ui-lightness/images/ui-bg_glass_100_fdf5ce_1x400.png; admin/js/jquery-ui/development-bundle/themes/ui-lightness/minified/images/ui-bg_glass_100_fdf5ce_1x400.png; Eski/admin/js/jquery-ui/css/ui-lightness/images/ui-bg_glass_100_fdf5ce_1x400.png; Eski/admin/js/jquery-ui/development-bundle/themes/ui-lightness/images/ui-bg_glass_100_fdf5ce_1x400.png; Eski/admin/js/jquery-ui/development-bundle/themes/ui-lightness/minified/images/ui-bg_glass_100_fdf5ce_1x400.png
public_html/admin/js/jquery-ui/css/ui-lightness/images/ui-bg_glass_65_ffffff_1x400.png,png,207,1,400,,9f37a9695c85c145a0185428a84e25736978fd1e367f977a6c8caf44b0f1c610,NO,"Legacy template, admin or interface asset",Not rendered in the redesigned public site,INTENTIONALLY_EXCLUDED,Not required,Not applicable,"Administrative, plugin, theme-demo or interface artwork; not Vista company content.",admin/js/jquery-ui/development-bundle/themes/ui-lightness/images/ui-bg_glass_65_ffffff_1x400.png; admin/js/jquery-ui/development-bundle/themes/ui-lightness/minified/images/ui-bg_glass_65_ffffff_1x400.png; Eski/admin/js/jquery-ui/css/ui-lightness/images/ui-bg_glass_65_ffffff_1x400.png; Eski/admin/js/jquery-ui/development-bundle/themes/ui-lightness/images/ui-bg_glass_65_ffffff_1x400.png; Eski/admin/js/jquery-ui/development-bundle/themes/ui-lightness/minified/images/ui-bg_glass_65_ffffff_1x400.png
public_html/admin/js/jquery-ui/css/ui-lightness/images/ui-bg_gloss-wave_35_f6a828_500x100.png,png,5815,500,100,,68f41f75f38bcd32eec32cf6f4cc5f292042b7b1dc3fdfc9b1d5ad79f9b6972e,NO,"Legacy template, admin or interface asset",Not rendered in the redesigned public site,INTENTIONALLY_EXCLUDED,Not required,Not applicable,"Administrative, plugin, theme-demo or interface artwork; not Vista company content.",admin/js/jquery-ui/development-bundle/themes/ui-lightness/images/ui-bg_gloss-wave_35_f6a828_500x100.png; admin/js/jquery-ui/development-bundle/themes/ui-lightness/minified/images/ui-bg_gloss-wave_35_f6a828_500x100.png; Eski/admin/js/jquery-ui/css/ui-lightness/images/ui-bg_gloss-wave_35_f6a828_500x100.png; Eski/admin/js/jquery-ui/development-bundle/themes/ui-lightness/images/ui-bg_gloss-wave_35_f6a828_500x100.png; Eski/admin/js/jquery-ui/development-bundle/themes/ui-lightness/minified/images/ui-bg_gloss-wave_35_f6a828_500x100.png
public_html/admin/js/jquery-ui/css/ui-lightness/images/ui-bg_highlight-soft_100_eeeeee_1x100.png,png,278,1,100,,278b7aeed09d0ba70c5804364273d629bd5bbd468c54e5b9f29afc21b69d0d65,NO,"Legacy template, admin or interface asset",Not rendered in the redesigned public site,INTENTIONALLY_EXCLUDED,Not required,Not applicable,"Administrative, plugin, theme-demo or interface artwork; not Vista company content.",admin/js/jquery-ui/development-bundle/themes/ui-lightness/images/ui-bg_highlight-soft_100_eeeeee_1x100.png; admin/js/jquery-ui/development-bundle/themes/ui-lightness/minified/images/ui-bg_highlight-soft_100_eeeeee_1x100.png; Eski/admin/js/jquery-ui/css/ui-lightness/images/ui-bg_highlight-soft_100_eeeeee_1x100.png; Eski/admin/js/jquery-ui/development-bundle/themes/ui-lightness/images/ui-bg_highlight-soft_100_eeeeee_1x100.png; Eski/admin/js/jquery-ui/development-bundle/themes/ui-lightness/minified/images/ui-bg_highlight-soft_100_eeeeee_1x100.png
public_html/admin/js/jquery-ui/css/ui-lightness/images/ui-bg_highlight-soft_75_ffe45c_1x100.png,png,328,1,100,,9e207093740c4165d4bdfc63fdcf6ead39e323ede53bb60c8457c68984e719fd,NO,"Legacy template, admin or interface asset",Not rendered in the redesigned public site,INTENTIONALLY_EXCLUDED,Not required,Not applicable,"Administrative, plugin, theme-demo or interface artwork; not Vista company content.",admin/js/jquery-ui/development-bundle/themes/ui-lightness/images/ui-bg_highlight-soft_75_ffe45c_1x100.png; admin/js/jquery-ui/development-bundle/themes/ui-lightness/minified/images/ui-bg_highlight-soft_75_ffe45c_1x100.png; Eski/admin/js/jquery-ui/css/ui-lightness/images/ui-bg_highlight-soft_75_ffe45c_1x100.png; Eski/admin/js/jquery-ui/development-bundle/themes/ui-lightness/images/ui-bg_highlight-soft_75_ffe45c_1x100.png; Eski/admin/js/jquery-ui/development-bundle/themes/ui-lightness/minified/images/ui-bg_highlight-soft_75_ffe45c_1x100.png
public_html/admin/js/jquery-ui/css/ui-lightness/images/ui-icons_222222_256x240.png,png,6922,256,240,,3b1ac036763d3a59c88578486ae698d22a37dd2d46a553485e1eabb9fe255b3f,NO,"Legacy template, admin or interface asset",Not rendered in the redesigned public site,INTENTIONALLY_EXCLUDED,Not required,Not applicable,"Administrative, plugin, theme-demo or interface artwork; not Vista company content.",admin/css/plugins/jQueryUI/images/ui-icons_222222_256x240.png; admin/js/jquery-ui/development-bundle/themes/ui-lightness/images/ui-icons_222222_256x240.png; admin/js/jquery-ui/development-bundle/themes/ui-lightness/minified/images/ui-icons_222222_256x240.png; Eski/admin/css/plugins/jQueryUI/images/ui-icons_222222_256x240.png; Eski/admin/js/jquery-ui/css/ui-lightness/images/ui-icons_222222_256x240.png; Eski/admin/js/jquery-ui/development-bundle/themes/ui-lightness/images/ui-icons_222222_256x240.png; Eski/admin/js/jquery-ui/development-bundle/themes/ui-lightness/minified/images/ui-icons_222222_256x240.png
public_html/admin/js/jquery-ui/css/ui-lightness/images/ui-icons_228ef1_256x240.png,png,4549,256,240,,80b92d36768a48d7719925dd3803aa4e724568177cf4bb07184c7c98ca51fa9e,NO,"Legacy template, admin or interface asset",Not rendered in the redesigned public site,INTENTIONALLY_EXCLUDED,Not required,Not applicable,"Administrative, plugin, theme-demo or interface artwork; not Vista company content.",admin/js/jquery-ui/development-bundle/themes/ui-lightness/images/ui-icons_228ef1_256x240.png; admin/js/jquery-ui/development-bundle/themes/ui-lightness/minified/images/ui-icons_228ef1_256x240.png; Eski/admin/js/jquery-ui/css/ui-lightness/images/ui-icons_228ef1_256x240.png; Eski/admin/js/jquery-ui/development-bundle/themes/ui-lightness/images/ui-icons_228ef1_256x240.png; Eski/admin/js/jquery-ui/development-bundle/themes/ui-lightness/minified/images/ui-icons_228ef1_256x240.png
public_html/admin/js/jquery-ui/css/ui-lightness/images/ui-icons_ef8c08_256x240.png,png,4549,256,240,,0e8e93c2251a5c217d104a7bd041c990936e7af8cd0ff3a117f76fcb77675a43,NO,"Legacy template, admin or interface asset",Not rendered in the redesigned public site,INTENTIONALLY_EXCLUDED,Not required,Not applicable,"Administrative, plugin, theme-demo or interface artwork; not Vista company content.",admin/js/jquery-ui/development-bundle/themes/ui-lightness/images/ui-icons_ef8c08_256x240.png; admin/js/jquery-ui/development-bundle/themes/ui-lightness/minified/images/ui-icons_ef8c08_256x240.png; Eski/admin/js/jquery-ui/css/ui-lightness/images/ui-icons_ef8c08_256x240.png; Eski/admin/js/jquery-ui/development-bundle/themes/ui-lightness/images/ui-icons_ef8c08_256x240.png; Eski/admin/js/jquery-ui/development-bundle/themes/ui-lightness/minified/images/ui-icons_ef8c08_256x240.png
public_html/admin/js/jquery-ui/css/ui-lightness/images/ui-icons_ffd27a_256x240.png,png,4549,256,240,,0d65c1e072407ca1d22ed1e4bf2076ab2f008a90cae7f3b8552730fc7bce2a2e,NO,"Legacy template, admin or interface asset",Not rendered in the redesigned public site,INTENTIONALLY_EXCLUDED,Not required,Not applicable,"Administrative, plugin, theme-demo or interface artwork; not Vista company content.",admin/js/jquery-ui/development-bundle/themes/ui-lightness/images/ui-icons_ffd27a_256x240.png; admin/js/jquery-ui/development-bundle/themes/ui-lightness/minified/images/ui-icons_ffd27a_256x240.png; Eski/admin/js/jquery-ui/css/ui-lightness/images/ui-icons_ffd27a_256x240.png; Eski/admin/js/jquery-ui/development-bundle/themes/ui-lightness/images/ui-icons_ffd27a_256x240.png; Eski/admin/js/jquery-ui/development-bundle/themes/ui-lightness/minified/images/ui-icons_ffd27a_256x240.png
public_html/admin/js/jquery-ui/css/ui-lightness/images/ui-icons_ffffff_256x240.png,png,6299,256,240,,98991f0262559c830f3a94608c74f95887c373b4a9fe886f0de57f8bbfcdc875,NO,"Legacy template, admin or interface asset",Not rendered in the redesigned public site,INTENTIONALLY_EXCLUDED,Not required,Not applicable,"Administrative, plugin, theme-demo or interface artwork; not Vista company content.",admin/js/jquery-ui/development-bundle/themes/ui-lightness/images/ui-icons_ffffff_256x240.png; admin/js/jquery-ui/development-bundle/themes/ui-lightness/minified/images/ui-icons_ffffff_256x240.png; Eski/admin/js/jquery-ui/css/ui-lightness/images/ui-icons_ffffff_256x240.png; Eski/admin/js/jquery-ui/development-bundle/themes/ui-lightness/images/ui-icons_ffffff_256x240.png; Eski/admin/js/jquery-ui/development-bundle/themes/ui-lightness/minified/images/ui-icons_ffffff_256x240.png
public_html/admin/js/jquery-ui/development-bundle/demos/droppable/images/high_tatras.jpg,jpg,22994,384,288,,e0832a1d39315b4194afc476c1571c69ad678531cced9ed1b1e36bdb730e4f6d,NO,"Legacy template, admin or interface asset",Not rendered in the redesigned public site,INTENTIONALLY_EXCLUDED,Not required,Not applicable,"Administrative, plugin, theme-demo or interface artwork; not Vista company content.",Eski/admin/js/jquery-ui/development-bundle/demos/droppable/images/high_tatras.jpg
public_html/admin/js/jquery-ui/development-bundle/demos/droppable/images/high_tatras2.jpg,jpg,25619,384,288,,9cbb568b2208a475c4bb3780f83b8cc356a83a9f1af888527f4479fd029af922,NO,"Legacy template, admin or interface asset",Not rendered in the redesigned public site,INTENTIONALLY_EXCLUDED,Not required,Not applicable,"Administrative, plugin, theme-demo or interface artwork; not Vista company content.",Eski/admin/js/jquery-ui/development-bundle/demos/droppable/images/high_tatras2.jpg
public_html/admin/js/jquery-ui/development-bundle/demos/droppable/images/high_tatras2_min.jpg,jpg,2164,96,72,,5ee398ea3ab4354e31b00fae70aa1f6c283a2d4e0716bc6f18066921ad095a4d,NO,"Legacy template, admin or interface asset",Not rendered in the redesigned public site,INTENTIONALLY_EXCLUDED,Not required,Not applicable,"Administrative, plugin, theme-demo or interface artwork; not Vista company content.",Eski/admin/js/jquery-ui/development-bundle/demos/droppable/images/high_tatras2_min.jpg
public_html/admin/js/jquery-ui/development-bundle/demos/droppable/images/high_tatras3.jpg,jpg,24583,384,288,,08c714cfb1c6134cd6ae8380cc437677768afc8b9604d63d89b60fb53fbf4df9,NO,"Legacy template, admin or interface asset",Not rendered in the redesigned public site,INTENTIONALLY_EXCLUDED,Not required,Not applicable,"Administrative, plugin, theme-demo or interface artwork; not Vista company content.",Eski/admin/js/jquery-ui/development-bundle/demos/droppable/images/high_tatras3.jpg
public_html/admin/js/jquery-ui/development-bundle/demos/droppable/images/high_tatras3_min.jpg,jpg,1901,96,72,,0dc34e5b591834b754bbafa780de8862f828dde06e080c790899c5b6c0f5b52f,NO,"Legacy template, admin or interface asset",Not rendered in the redesigned public site,INTENTIONALLY_EXCLUDED,Not required,Not applicable,"Administrative, plugin, theme-demo or interface artwork; not Vista company content.",Eski/admin/js/jquery-ui/development-bundle/demos/droppable/images/high_tatras3_min.jpg
public_html/admin/js/jquery-ui/development-bundle/demos/droppable/images/high_tatras4.jpg,jpg,24870,384,288,,fe9248f64955090cd1dec23374c8e4a998632d9577046f880adafb32f4c6657f,NO,"Legacy template, admin or interface asset",Not rendered in the redesigned public site,INTENTIONALLY_EXCLUDED,Not required,Not applicable,"Administrative, plugin, theme-demo or interface artwork; not Vista company content.",Eski/admin/js/jquery-ui/development-bundle/demos/droppable/images/high_tatras4.jpg
public_html/admin/js/jquery-ui/development-bundle/demos/droppable/images/high_tatras4_min.jpg,jpg,2541,96,72,,f5b15f61c32c5cd2e21bebf06ab42ef8b9d93afd13d4b07b0e2cb98c8799cf48,NO,"Legacy template, admin or interface asset",Not rendered in the redesigned public site,INTENTIONALLY_EXCLUDED,Not required,Not applicable,"Administrative, plugin, theme-demo or interface artwork; not Vista company content.",Eski/admin/js/jquery-ui/development-bundle/demos/droppable/images/high_tatras4_min.jpg
public_html/admin/js/jquery-ui/development-bundle/demos/droppable/images/high_tatras_min.jpg,jpg,2147,96,72,,25961ab4d32e6316f4f891934b916c0dc85da7df452035819df56ccea49cc807,NO,"Legacy template, admin or interface asset",Not rendered in the redesigned public site,INTENTIONALLY_EXCLUDED,Not required,Not applicable,"Administrative, plugin, theme-demo or interface artwork; not Vista company content.",Eski/admin/js/jquery-ui/development-bundle/demos/droppable/images/high_tatras_min.jpg
public_html/admin/js/jquery-ui/development-bundle/demos/images/calendar.gif,gif,269,16,15,,d8ca06c8fb76d3ca25449e22b535b7a311b8fc613a43711bed1f4a14978b0b46,NO,"Legacy template, admin or interface asset",Not rendered in the redesigned public site,INTENTIONALLY_EXCLUDED,Not required,Not applicable,"Administrative, plugin, theme-demo or interface artwork; not Vista company content.",Eski/admin/js/jquery-ui/development-bundle/demos/images/calendar.gif
public_html/admin/js/jquery-ui/development-bundle/demos/images/demo-config-on-tile.gif,gif,172,2,100,,b7b6197ca9681f85f7cf80ef386aec8b3a5478dbae40e5e31afb5de3e2f2ddf9,NO,"Legacy template, admin or interface asset",Not rendered in the redesigned public site,INTENTIONALLY_EXCLUDED,Not required,Not applicable,"Administrative, plugin, theme-demo or interface artwork; not Vista company content.",Eski/admin/js/jquery-ui/development-bundle/demos/images/demo-config-on-tile.gif
public_html/admin/js/jquery-ui/development-bundle/demos/images/demo-config-on.gif,gif,335,9,100,,1d66a74f64222086bb50ff21533422b57fb7285fe330b63b5cea4e7b7b141e94,NO,"Legacy template, admin or interface asset",Not rendered in the redesigned public site,INTENTIONALLY_EXCLUDED,Not required,Not applicable,"Administrative, plugin, theme-demo or interface artwork; not Vista company content.",Eski/admin/js/jquery-ui/development-bundle/demos/images/demo-config-on.gif
public_html/admin/js/jquery-ui/development-bundle/demos/images/demo-spindown-closed.gif,gif,103,6,7,,bbd3a857484f68df1c5738d58d0da00203cd933d93c0d4dc142b6480864c1439,NO,"Legacy template, admin or interface asset",Not rendered in the redesigned public site,INTENTIONALLY_EXCLUDED,Not required,Not applicable,"Administrative, plugin, theme-demo or interface artwork; not Vista company content.",Eski/admin/js/jquery-ui/development-bundle/demos/images/demo-spindown-closed.gif
public_html/admin/js/jquery-ui/development-bundle/demos/images/demo-spindown-open.gif,gif,105,7,6,,65f610020168073f507b1b894b4bd01e83f763d027fd553f67b11216ba40223a,NO,"Legacy template, admin or interface asset",Not rendered in the redesigned public site,INTENTIONALLY_EXCLUDED,Not required,Not applicable,"Administrative, plugin, theme-demo or interface artwork; not Vista company content.",Eski/admin/js/jquery-ui/development-bundle/demos/images/demo-spindown-open.gif
public_html/admin/js/jquery-ui/development-bundle/demos/images/icon-docs-info.gif,gif,206,12,12,,996e36169d77144ef228fbc2732246f3e838f06fcb6744bb1f96df39d229f0c6,NO,"Legacy template, admin or interface asset",Not rendered in the redesigned public site,INTENTIONALLY_EXCLUDED,Not required,Not applicable,"Administrative, plugin, theme-demo or interface artwork; not Vista company content.",Eski/admin/js/jquery-ui/development-bundle/demos/images/icon-docs-info.gif
public_html/admin/js/jquery-ui/development-bundle/demos/images/pbar-ani.gif,gif,7970,48,22,,0b4a1a099f0be991bc07a5b5f332ef2a84cb28b593db65816b350a3c7b6cf70d,NO,"Legacy template, admin or interface asset",Not rendered in the redesigned public site,INTENTIONALLY_EXCLUDED,Not required,Not applicable,"Administrative, plugin, theme-demo or interface artwork; not Vista company content.",Eski/admin/js/jquery-ui/development-bundle/demos/images/pbar-ani.gif
public_html/admin/js/jquery-ui/development-bundle/themes/base/images/animated-overlay.gif,gif,1738,40,40,,c7bcc76fb23c0430b36ec448eb79f8bc34129dae95da10f3c14ed0eacdf2f1b9,NO,"Legacy template, admin or interface asset",Not rendered in the redesigned public site,INTENTIONALLY_EXCLUDED,Not required,Not applicable,"Administrative, plugin, theme-demo or interface artwork; not Vista company content.",admin/css/plugins/jQueryUI/images/animated-overlay.gif; admin/js/jquery-ui/css/ui-lightness/images/animated-overlay.gif; admin/js/jquery-ui/development-bundle/themes/base/minified/images/animated-overlay.gif; admin/js/jquery-ui/development-bundle/themes/ui-lightness/images/animated-overlay.gif; admin/js/jquery-ui/development-bundle/themes/ui-lightness/minified/images/animated-overlay.gif; admin/js/plugins/jquery-ui/images/animated-overlay.gif; Eski/admin/css/plugins/jQueryUI/images/animated-overlay.gif; Eski/admin/js/jquery-ui/css/ui-lightness/images/animated-overlay.gif; Eski/admin/js/jquery-ui/development-bundle/themes/base/images/animated-overlay.gif; Eski/admin/js/jquery-ui/development-bundle/themes/base/minified/images/animated-overlay.gif; Eski/admin/js/jquery-ui/development-bundle/themes/ui-lightness/images/animated-overlay.gif; Eski/admin/js/jquery-ui/development-bundle/themes/ui-lightness/minified/images/animated-overlay.gif; Eski/admin/js/plugins/jquery-ui/images/animated-overlay.gif
public_html/admin/js/jquery-ui/development-bundle/themes/base/images/ui-bg_flat_0_aaaaaa_40x100.png,png,180,40,100,,9a8492a580bf85d3e98ae8861fbd45567e5a1f83eeafcf9574da0399d5f602ab,NO,"Legacy template, admin or interface asset",Not rendered in the redesigned public site,INTENTIONALLY_EXCLUDED,Not required,Not applicable,"Administrative, plugin, theme-demo or interface artwork; not Vista company content.",admin/js/jquery-ui/development-bundle/themes/base/minified/images/ui-bg_flat_0_aaaaaa_40x100.png; admin/js/plugins/jquery-ui/images/ui-bg_flat_0_aaaaaa_40x100.png; Eski/admin/js/jquery-ui/development-bundle/themes/base/images/ui-bg_flat_0_aaaaaa_40x100.png; Eski/admin/js/jquery-ui/development-bundle/themes/base/minified/images/ui-bg_flat_0_aaaaaa_40x100.png; Eski/admin/js/plugins/jquery-ui/images/ui-bg_flat_0_aaaaaa_40x100.png
public_html/admin/js/jquery-ui/development-bundle/themes/base/images/ui-bg_flat_75_ffffff_40x100.png,png,178,40,100,,39ab7ccd9f4e82579da78a9241265df288d8eb65dbbd7cf48aed2d0129887df5,NO,"Legacy template, admin or interface asset",Not rendered in the redesigned public site,INTENTIONALLY_EXCLUDED,Not required,Not applicable,"Administrative, plugin, theme-demo or interface artwork; not Vista company content.",admin/js/jquery-ui/development-bundle/themes/base/minified/images/ui-bg_flat_75_ffffff_40x100.png; admin/js/plugins/jquery-ui/images/ui-bg_flat_75_ffffff_40x100.png; Eski/admin/js/jquery-ui/development-bundle/themes/base/images/ui-bg_flat_75_ffffff_40x100.png; Eski/admin/js/jquery-ui/development-bundle/themes/base/minified/images/ui-bg_flat_75_ffffff_40x100.png; Eski/admin/js/plugins/jquery-ui/images/ui-bg_flat_75_ffffff_40x100.png
public_html/admin/js/jquery-ui/development-bundle/themes/base/images/ui-bg_glass_55_fbf9ee_1x400.png,png,120,1,400,,691597e8a40a891ea94d3589976ecfc33e6145c49422443b00ac2b5a0022964c,NO,"Legacy template, admin or interface asset",Not rendered in the redesigned public site,INTENTIONALLY_EXCLUDED,Not required,Not applicable,"Administrative, plugin, theme-demo or interface artwork; not Vista company content.",admin/js/jquery-ui/development-bundle/themes/base/minified/images/ui-bg_glass_55_fbf9ee_1x400.png; admin/js/plugins/jquery-ui/images/ui-bg_glass_55_fbf9ee_1x400.png; Eski/admin/js/jquery-ui/development-bundle/themes/base/images/ui-bg_glass_55_fbf9ee_1x400.png; Eski/admin/js/jquery-ui/development-bundle/themes/base/minified/images/ui-bg_glass_55_fbf9ee_1x400.png; Eski/admin/js/plugins/jquery-ui/images/ui-bg_glass_55_fbf9ee_1x400.png
public_html/admin/js/jquery-ui/development-bundle/themes/base/images/ui-bg_glass_65_ffffff_1x400.png,png,105,1,400,,f0e6cd91b837d5c5644d026e5ffeccd907953317cd5c0f689901733afda260b2,NO,"Legacy template, admin or interface asset",Not rendered in the redesigned public site,INTENTIONALLY_EXCLUDED,Not required,Not applicable,"Administrative, plugin, theme-demo or interface artwork; not Vista company content.",admin/js/jquery-ui/development-bundle/themes/base/minified/images/ui-bg_glass_65_ffffff_1x400.png; admin/js/plugins/jquery-ui/images/ui-bg_glass_65_ffffff_1x400.png; Eski/admin/js/jquery-ui/development-bundle/themes/base/images/ui-bg_glass_65_ffffff_1x400.png; Eski/admin/js/jquery-ui/development-bundle/themes/base/minified/images/ui-bg_glass_65_ffffff_1x400.png; Eski/admin/js/plugins/jquery-ui/images/ui-bg_glass_65_ffffff_1x400.png
public_html/admin/js/jquery-ui/development-bundle/themes/base/images/ui-bg_glass_75_dadada_1x400.png,png,111,1,400,,c108f5cbf2dd9ec07a26530695ddd95e1664597ce6c056ae44c162cc2e28cec4,NO,"Legacy template, admin or interface asset",Not rendered in the redesigned public site,INTENTIONALLY_EXCLUDED,Not required,Not applicable,"Administrative, plugin, theme-demo or interface artwork; not Vista company content.",admin/js/jquery-ui/development-bundle/themes/base/minified/images/ui-bg_glass_75_dadada_1x400.png; admin/js/plugins/jquery-ui/images/ui-bg_glass_75_dadada_1x400.png; Eski/admin/js/jquery-ui/development-bundle/themes/base/images/ui-bg_glass_75_dadada_1x400.png; Eski/admin/js/jquery-ui/development-bundle/themes/base/minified/images/ui-bg_glass_75_dadada_1x400.png; Eski/admin/js/plugins/jquery-ui/images/ui-bg_glass_75_dadada_1x400.png
public_html/admin/js/jquery-ui/development-bundle/themes/base/images/ui-bg_glass_75_e6e6e6_1x400.png,png,110,1,400,,ddf5dd4e0ef2b185e8bb0af7b6e90ebe74a84384cb4700658e76e754c8bfe550,NO,"Legacy template, admin or interface asset",Not rendered in the redesigned public site,INTENTIONALLY_EXCLUDED,Not required,Not applicable,"Administrative, plugin, theme-demo or interface artwork; not Vista company content.",admin/js/jquery-ui/development-bundle/themes/base/minified/images/ui-bg_glass_75_e6e6e6_1x400.png; admin/js/plugins/jquery-ui/images/ui-bg_glass_75_e6e6e6_1x400.png; Eski/admin/js/jquery-ui/development-bundle/themes/base/images/ui-bg_glass_75_e6e6e6_1x400.png; Eski/admin/js/jquery-ui/development-bundle/themes/base/minified/images/ui-bg_glass_75_e6e6e6_1x400.png; Eski/admin/js/plugins/jquery-ui/images/ui-bg_glass_75_e6e6e6_1x400.png
public_html/admin/js/jquery-ui/development-bundle/themes/base/images/ui-bg_glass_95_fef1ec_1x400.png,png,119,1,400,,f6f1c1bedf1a0f37cfef81d12f5f012869d1ee7c984775a569827a1784d34f5c,NO,"Legacy template, admin or interface asset",Not rendered in the redesigned public site,INTENTIONALLY_EXCLUDED,Not required,Not applicable,"Administrative, plugin, theme-demo or interface artwork; not Vista company content.",admin/js/jquery-ui/development-bundle/themes/base/minified/images/ui-bg_glass_95_fef1ec_1x400.png; admin/js/plugins/jquery-ui/images/ui-bg_glass_95_fef1ec_1x400.png; Eski/admin/js/jquery-ui/development-bundle/themes/base/images/ui-bg_glass_95_fef1ec_1x400.png; Eski/admin/js/jquery-ui/development-bundle/themes/base/minified/images/ui-bg_glass_95_fef1ec_1x400.png; Eski/admin/js/plugins/jquery-ui/images/ui-bg_glass_95_fef1ec_1x400.png
public_html/admin/js/jquery-ui/development-bundle/themes/base/images/ui-bg_highlight-soft_75_cccccc_1x100.png,png,101,1,100,,54270656df079c4da5182629a080fc633b6f84b87985eb016d25a560e2c38d4a,NO,"Legacy template, admin or interface asset",Not rendered in the redesigned public site,INTENTIONALLY_EXCLUDED,Not required,Not applicable,"Administrative, plugin, theme-demo or interface artwork; not Vista company content.",admin/js/jquery-ui/development-bundle/themes/base/minified/images/ui-bg_highlight-soft_75_cccccc_1x100.png; admin/js/plugins/jquery-ui/images/ui-bg_highlight-soft_75_cccccc_1x100.png; Eski/admin/js/jquery-ui/development-bundle/themes/base/images/ui-bg_highlight-soft_75_cccccc_1x100.png; Eski/admin/js/jquery-ui/development-bundle/themes/base/minified/images/ui-bg_highlight-soft_75_cccccc_1x100.png; Eski/admin/js/plugins/jquery-ui/images/ui-bg_highlight-soft_75_cccccc_1x100.png
public_html/admin/js/jquery-ui/development-bundle/themes/base/images/ui-icons_222222_256x240.png,png,4369,256,240,,57adb0d65f4e91dacfee975d9574422bee7486c8a182d60133728c672f2cdbbc,NO,"Legacy template, admin or interface asset",Not rendered in the redesigned public site,INTENTIONALLY_EXCLUDED,Not required,Not applicable,"Administrative, plugin, theme-demo or interface artwork; not Vista company content.",admin/js/jquery-ui/development-bundle/themes/base/minified/images/ui-icons_222222_256x240.png; admin/js/plugins/jquery-ui/images/ui-icons_222222_256x240.png; Eski/admin/js/jquery-ui/development-bundle/themes/base/images/ui-icons_222222_256x240.png; Eski/admin/js/jquery-ui/development-bundle/themes/base/minified/images/ui-icons_222222_256x240.png; Eski/admin/js/plugins/jquery-ui/images/ui-icons_222222_256x240.png
public_html/admin/js/jquery-ui/development-bundle/themes/base/images/ui-icons_2e83ff_256x240.png,png,4369,256,240,,20f8c6667afc48aa433ee9eb6d8a0584bdbd6b4a4a9091ff1e6b3adb31e63bd9,NO,"Legacy template, admin or interface asset",Not rendered in the redesigned public site,INTENTIONALLY_EXCLUDED,Not required,Not applicable,"Administrative, plugin, theme-demo or interface artwork; not Vista company content.",admin/js/jquery-ui/development-bundle/themes/base/minified/images/ui-icons_2e83ff_256x240.png; admin/js/plugins/jquery-ui/images/ui-icons_2e83ff_256x240.png; Eski/admin/js/jquery-ui/development-bundle/themes/base/images/ui-icons_2e83ff_256x240.png; Eski/admin/js/jquery-ui/development-bundle/themes/base/minified/images/ui-icons_2e83ff_256x240.png; Eski/admin/js/plugins/jquery-ui/images/ui-icons_2e83ff_256x240.png
public_html/admin/js/jquery-ui/development-bundle/themes/base/images/ui-icons_454545_256x240.png,png,4369,256,240,,07460e843c3e59aaadbb34231e699e856a2980753c7a47b66447da5d9f93fb7f,NO,"Legacy template, admin or interface asset",Not rendered in the redesigned public site,INTENTIONALLY_EXCLUDED,Not required,Not applicable,"Administrative, plugin, theme-demo or interface artwork; not Vista company content.",admin/js/jquery-ui/development-bundle/themes/base/minified/images/ui-icons_454545_256x240.png; admin/js/plugins/jquery-ui/images/ui-icons_454545_256x240.png; Eski/admin/js/jquery-ui/development-bundle/themes/base/images/ui-icons_454545_256x240.png; Eski/admin/js/jquery-ui/development-bundle/themes/base/minified/images/ui-icons_454545_256x240.png; Eski/admin/js/plugins/jquery-ui/images/ui-icons_454545_256x240.png
public_html/admin/js/jquery-ui/development-bundle/themes/base/images/ui-icons_888888_256x240.png,png,4369,256,240,,ea2e29625de3463465e93b002b065f5833e05b97f7a052b1c141e754d62e1a8b,NO,"Legacy template, admin or interface asset",Not rendered in the redesigned public site,INTENTIONALLY_EXCLUDED,Not required,Not applicable,"Administrative, plugin, theme-demo or interface artwork; not Vista company content.",admin/js/jquery-ui/development-bundle/themes/base/minified/images/ui-icons_888888_256x240.png; admin/js/plugins/jquery-ui/images/ui-icons_888888_256x240.png; Eski/admin/js/jquery-ui/development-bundle/themes/base/images/ui-icons_888888_256x240.png; Eski/admin/js/jquery-ui/development-bundle/themes/base/minified/images/ui-icons_888888_256x240.png; Eski/admin/js/plugins/jquery-ui/images/ui-icons_888888_256x240.png
public_html/admin/js/jquery-ui/development-bundle/themes/base/images/ui-icons_cd0a0a_256x240.png,png,4369,256,240,,1e32c6dbf5d3fd342f27a78aa881550d6412aa207f48468724a6a15402b6041b,NO,"Legacy template, admin or interface asset",Not rendered in the redesigned public site,INTENTIONALLY_EXCLUDED,Not required,Not applicable,"Administrative, plugin, theme-demo or interface artwork; not Vista company content.",admin/js/jquery-ui/development-bundle/themes/base/minified/images/ui-icons_cd0a0a_256x240.png; admin/js/plugins/jquery-ui/images/ui-icons_cd0a0a_256x240.png; Eski/admin/js/jquery-ui/development-bundle/themes/base/images/ui-icons_cd0a0a_256x240.png; Eski/admin/js/jquery-ui/development-bundle/themes/base/minified/images/ui-icons_cd0a0a_256x240.png; Eski/admin/js/plugins/jquery-ui/images/ui-icons_cd0a0a_256x240.png
public_html/admin/js/jquery-ui/development-bundle/themes/base/minified/images/animated-overlay.gif,gif,1738,40,40,,c7bcc76fb23c0430b36ec448eb79f8bc34129dae95da10f3c14ed0eacdf2f1b9,NO,"Legacy template, admin or interface asset",Not rendered in the redesigned public site,INTENTIONALLY_EXCLUDED,Not required,Not applicable,"Administrative, plugin, theme-demo or interface artwork; not Vista company content.",admin/css/plugins/jQueryUI/images/animated-overlay.gif; admin/js/jquery-ui/css/ui-lightness/images/animated-overlay.gif; admin/js/jquery-ui/development-bundle/themes/base/images/animated-overlay.gif; admin/js/jquery-ui/development-bundle/themes/ui-lightness/images/animated-overlay.gif; admin/js/jquery-ui/development-bundle/themes/ui-lightness/minified/images/animated-overlay.gif; admin/js/plugins/jquery-ui/images/animated-overlay.gif; Eski/admin/css/plugins/jQueryUI/images/animated-overlay.gif; Eski/admin/js/jquery-ui/css/ui-lightness/images/animated-overlay.gif; Eski/admin/js/jquery-ui/development-bundle/themes/base/images/animated-overlay.gif; Eski/admin/js/jquery-ui/development-bundle/themes/base/minified/images/animated-overlay.gif; Eski/admin/js/jquery-ui/development-bundle/themes/ui-lightness/images/animated-overlay.gif; Eski/admin/js/jquery-ui/development-bundle/themes/ui-lightness/minified/images/animated-overlay.gif; Eski/admin/js/plugins/jquery-ui/images/animated-overlay.gif
public_html/admin/js/jquery-ui/development-bundle/themes/base/minified/images/ui-bg_flat_0_aaaaaa_40x100.png,png,180,40,100,,9a8492a580bf85d3e98ae8861fbd45567e5a1f83eeafcf9574da0399d5f602ab,NO,"Legacy template, admin or interface asset",Not rendered in the redesigned public site,INTENTIONALLY_EXCLUDED,Not required,Not applicable,"Administrative, plugin, theme-demo or interface artwork; not Vista company content.",admin/js/jquery-ui/development-bundle/themes/base/images/ui-bg_flat_0_aaaaaa_40x100.png; admin/js/plugins/jquery-ui/images/ui-bg_flat_0_aaaaaa_40x100.png; Eski/admin/js/jquery-ui/development-bundle/themes/base/images/ui-bg_flat_0_aaaaaa_40x100.png; Eski/admin/js/jquery-ui/development-bundle/themes/base/minified/images/ui-bg_flat_0_aaaaaa_40x100.png; Eski/admin/js/plugins/jquery-ui/images/ui-bg_flat_0_aaaaaa_40x100.png
public_html/admin/js/jquery-ui/development-bundle/themes/base/minified/images/ui-bg_flat_75_ffffff_40x100.png,png,178,40,100,,39ab7ccd9f4e82579da78a9241265df288d8eb65dbbd7cf48aed2d0129887df5,NO,"Legacy template, admin or interface asset",Not rendered in the redesigned public site,INTENTIONALLY_EXCLUDED,Not required,Not applicable,"Administrative, plugin, theme-demo or interface artwork; not Vista company content.",admin/js/jquery-ui/development-bundle/themes/base/images/ui-bg_flat_75_ffffff_40x100.png; admin/js/plugins/jquery-ui/images/ui-bg_flat_75_ffffff_40x100.png; Eski/admin/js/jquery-ui/development-bundle/themes/base/images/ui-bg_flat_75_ffffff_40x100.png; Eski/admin/js/jquery-ui/development-bundle/themes/base/minified/images/ui-bg_flat_75_ffffff_40x100.png; Eski/admin/js/plugins/jquery-ui/images/ui-bg_flat_75_ffffff_40x100.png
public_html/admin/js/jquery-ui/development-bundle/themes/base/minified/images/ui-bg_glass_55_fbf9ee_1x400.png,png,120,1,400,,691597e8a40a891ea94d3589976ecfc33e6145c49422443b00ac2b5a0022964c,NO,"Legacy template, admin or interface asset",Not rendered in the redesigned public site,INTENTIONALLY_EXCLUDED,Not required,Not applicable,"Administrative, plugin, theme-demo or interface artwork; not Vista company content.",admin/js/jquery-ui/development-bundle/themes/base/images/ui-bg_glass_55_fbf9ee_1x400.png; admin/js/plugins/jquery-ui/images/ui-bg_glass_55_fbf9ee_1x400.png; Eski/admin/js/jquery-ui/development-bundle/themes/base/images/ui-bg_glass_55_fbf9ee_1x400.png; Eski/admin/js/jquery-ui/development-bundle/themes/base/minified/images/ui-bg_glass_55_fbf9ee_1x400.png; Eski/admin/js/plugins/jquery-ui/images/ui-bg_glass_55_fbf9ee_1x400.png
public_html/admin/js/jquery-ui/development-bundle/themes/base/minified/images/ui-bg_glass_65_ffffff_1x400.png,png,105,1,400,,f0e6cd91b837d5c5644d026e5ffeccd907953317cd5c0f689901733afda260b2,NO,"Legacy template, admin or interface asset",Not rendered in the redesigned public site,INTENTIONALLY_EXCLUDED,Not required,Not applicable,"Administrative, plugin, theme-demo or interface artwork; not Vista company content.",admin/js/jquery-ui/development-bundle/themes/base/images/ui-bg_glass_65_ffffff_1x400.png; admin/js/plugins/jquery-ui/images/ui-bg_glass_65_ffffff_1x400.png; Eski/admin/js/jquery-ui/development-bundle/themes/base/images/ui-bg_glass_65_ffffff_1x400.png; Eski/admin/js/jquery-ui/development-bundle/themes/base/minified/images/ui-bg_glass_65_ffffff_1x400.png; Eski/admin/js/plugins/jquery-ui/images/ui-bg_glass_65_ffffff_1x400.png
public_html/admin/js/jquery-ui/development-bundle/themes/base/minified/images/ui-bg_glass_75_dadada_1x400.png,png,111,1,400,,c108f5cbf2dd9ec07a26530695ddd95e1664597ce6c056ae44c162cc2e28cec4,NO,"Legacy template, admin or interface asset",Not rendered in the redesigned public site,INTENTIONALLY_EXCLUDED,Not required,Not applicable,"Administrative, plugin, theme-demo or interface artwork; not Vista company content.",admin/js/jquery-ui/development-bundle/themes/base/images/ui-bg_glass_75_dadada_1x400.png; admin/js/plugins/jquery-ui/images/ui-bg_glass_75_dadada_1x400.png; Eski/admin/js/jquery-ui/development-bundle/themes/base/images/ui-bg_glass_75_dadada_1x400.png; Eski/admin/js/jquery-ui/development-bundle/themes/base/minified/images/ui-bg_glass_75_dadada_1x400.png; Eski/admin/js/plugins/jquery-ui/images/ui-bg_glass_75_dadada_1x400.png
public_html/admin/js/jquery-ui/development-bundle/themes/base/minified/images/ui-bg_glass_75_e6e6e6_1x400.png,png,110,1,400,,ddf5dd4e0ef2b185e8bb0af7b6e90ebe74a84384cb4700658e76e754c8bfe550,NO,"Legacy template, admin or interface asset",Not rendered in the redesigned public site,INTENTIONALLY_EXCLUDED,Not required,Not applicable,"Administrative, plugin, theme-demo or interface artwork; not Vista company content.",admin/js/jquery-ui/development-bundle/themes/base/images/ui-bg_glass_75_e6e6e6_1x400.png; admin/js/plugins/jquery-ui/images/ui-bg_glass_75_e6e6e6_1x400.png; Eski/admin/js/jquery-ui/development-bundle/themes/base/images/ui-bg_glass_75_e6e6e6_1x400.png; Eski/admin/js/jquery-ui/development-bundle/themes/base/minified/images/ui-bg_glass_75_e6e6e6_1x400.png; Eski/admin/js/plugins/jquery-ui/images/ui-bg_glass_75_e6e6e6_1x400.png
public_html/admin/js/jquery-ui/development-bundle/themes/base/minified/images/ui-bg_glass_95_fef1ec_1x400.png,png,119,1,400,,f6f1c1bedf1a0f37cfef81d12f5f012869d1ee7c984775a569827a1784d34f5c,NO,"Legacy template, admin or interface asset",Not rendered in the redesigned public site,INTENTIONALLY_EXCLUDED,Not required,Not applicable,"Administrative, plugin, theme-demo or interface artwork; not Vista company content.",admin/js/jquery-ui/development-bundle/themes/base/images/ui-bg_glass_95_fef1ec_1x400.png; admin/js/plugins/jquery-ui/images/ui-bg_glass_95_fef1ec_1x400.png; Eski/admin/js/jquery-ui/development-bundle/themes/base/images/ui-bg_glass_95_fef1ec_1x400.png; Eski/admin/js/jquery-ui/development-bundle/themes/base/minified/images/ui-bg_glass_95_fef1ec_1x400.png; Eski/admin/js/plugins/jquery-ui/images/ui-bg_glass_95_fef1ec_1x400.png
public_html/admin/js/jquery-ui/development-bundle/themes/base/minified/images/ui-bg_highlight-soft_75_cccccc_1x100.png,png,101,1,100,,54270656df079c4da5182629a080fc633b6f84b87985eb016d25a560e2c38d4a,NO,"Legacy template, admin or interface asset",Not rendered in the redesigned public site,INTENTIONALLY_EXCLUDED,Not required,Not applicable,"Administrative, plugin, theme-demo or interface artwork; not Vista company content.",admin/js/jquery-ui/development-bundle/themes/base/images/ui-bg_highlight-soft_75_cccccc_1x100.png; admin/js/plugins/jquery-ui/images/ui-bg_highlight-soft_75_cccccc_1x100.png; Eski/admin/js/jquery-ui/development-bundle/themes/base/images/ui-bg_highlight-soft_75_cccccc_1x100.png; Eski/admin/js/jquery-ui/development-bundle/themes/base/minified/images/ui-bg_highlight-soft_75_cccccc_1x100.png; Eski/admin/js/plugins/jquery-ui/images/ui-bg_highlight-soft_75_cccccc_1x100.png
public_html/admin/js/jquery-ui/development-bundle/themes/base/minified/images/ui-icons_222222_256x240.png,png,4369,256,240,,57adb0d65f4e91dacfee975d9574422bee7486c8a182d60133728c672f2cdbbc,NO,"Legacy template, admin or interface asset",Not rendered in the redesigned public site,INTENTIONALLY_EXCLUDED,Not required,Not applicable,"Administrative, plugin, theme-demo or interface artwork; not Vista company content.",admin/js/jquery-ui/development-bundle/themes/base/images/ui-icons_222222_256x240.png; admin/js/plugins/jquery-ui/images/ui-icons_222222_256x240.png; Eski/admin/js/jquery-ui/development-bundle/themes/base/images/ui-icons_222222_256x240.png; Eski/admin/js/jquery-ui/development-bundle/themes/base/minified/images/ui-icons_222222_256x240.png; Eski/admin/js/plugins/jquery-ui/images/ui-icons_222222_256x240.png
public_html/admin/js/jquery-ui/development-bundle/themes/base/minified/images/ui-icons_2e83ff_256x240.png,png,4369,256,240,,20f8c6667afc48aa433ee9eb6d8a0584bdbd6b4a4a9091ff1e6b3adb31e63bd9,NO,"Legacy template, admin or interface asset",Not rendered in the redesigned public site,INTENTIONALLY_EXCLUDED,Not required,Not applicable,"Administrative, plugin, theme-demo or interface artwork; not Vista company content.",admin/js/jquery-ui/development-bundle/themes/base/images/ui-icons_2e83ff_256x240.png; admin/js/plugins/jquery-ui/images/ui-icons_2e83ff_256x240.png; Eski/admin/js/jquery-ui/development-bundle/themes/base/images/ui-icons_2e83ff_256x240.png; Eski/admin/js/jquery-ui/development-bundle/themes/base/minified/images/ui-icons_2e83ff_256x240.png; Eski/admin/js/plugins/jquery-ui/images/ui-icons_2e83ff_256x240.png
public_html/admin/js/jquery-ui/development-bundle/themes/base/minified/images/ui-icons_454545_256x240.png,png,4369,256,240,,07460e843c3e59aaadbb34231e699e856a2980753c7a47b66447da5d9f93fb7f,NO,"Legacy template, admin or interface asset",Not rendered in the redesigned public site,INTENTIONALLY_EXCLUDED,Not required,Not applicable,"Administrative, plugin, theme-demo or interface artwork; not Vista company content.",admin/js/jquery-ui/development-bundle/themes/base/images/ui-icons_454545_256x240.png; admin/js/plugins/jquery-ui/images/ui-icons_454545_256x240.png; Eski/admin/js/jquery-ui/development-bundle/themes/base/images/ui-icons_454545_256x240.png; Eski/admin/js/jquery-ui/development-bundle/themes/base/minified/images/ui-icons_454545_256x240.png; Eski/admin/js/plugins/jquery-ui/images/ui-icons_454545_256x240.png
public_html/admin/js/jquery-ui/development-bundle/themes/base/minified/images/ui-icons_888888_256x240.png,png,4369,256,240,,ea2e29625de3463465e93b002b065f5833e05b97f7a052b1c141e754d62e1a8b,NO,"Legacy template, admin or interface asset",Not rendered in the redesigned public site,INTENTIONALLY_EXCLUDED,Not required,Not applicable,"Administrative, plugin, theme-demo or interface artwork; not Vista company content.",admin/js/jquery-ui/development-bundle/themes/base/images/ui-icons_888888_256x240.png; admin/js/plugins/jquery-ui/images/ui-icons_888888_256x240.png; Eski/admin/js/jquery-ui/development-bundle/themes/base/images/ui-icons_888888_256x240.png; Eski/admin/js/jquery-ui/development-bundle/themes/base/minified/images/ui-icons_888888_256x240.png; Eski/admin/js/plugins/jquery-ui/images/ui-icons_888888_256x240.png
public_html/admin/js/jquery-ui/development-bundle/themes/base/minified/images/ui-icons_cd0a0a_256x240.png,png,4369,256,240,,1e32c6dbf5d3fd342f27a78aa881550d6412aa207f48468724a6a15402b6041b,NO,"Legacy template, admin or interface asset",Not rendered in the redesigned public site,INTENTIONALLY_EXCLUDED,Not required,Not applicable,"Administrative, plugin, theme-demo or interface artwork; not Vista company content.",admin/js/jquery-ui/development-bundle/themes/base/images/ui-icons_cd0a0a_256x240.png; admin/js/plugins/jquery-ui/images/ui-icons_cd0a0a_256x240.png; Eski/admin/js/jquery-ui/development-bundle/themes/base/images/ui-icons_cd0a0a_256x240.png; Eski/admin/js/jquery-ui/development-bundle/themes/base/minified/images/ui-icons_cd0a0a_256x240.png; Eski/admin/js/plugins/jquery-ui/images/ui-icons_cd0a0a_256x240.png
public_html/admin/js/jquery-ui/development-bundle/themes/ui-lightness/images/animated-overlay.gif,gif,1738,40,40,,c7bcc76fb23c0430b36ec448eb79f8bc34129dae95da10f3c14ed0eacdf2f1b9,NO,"Legacy template, admin or interface asset",Not rendered in the redesigned public site,INTENTIONALLY_EXCLUDED,Not required,Not applicable,"Administrative, plugin, theme-demo or interface artwork; not Vista company content.",admin/css/plugins/jQueryUI/images/animated-overlay.gif; admin/js/jquery-ui/css/ui-lightness/images/animated-overlay.gif; admin/js/jquery-ui/development-bundle/themes/base/images/animated-overlay.gif; admin/js/jquery-ui/development-bundle/themes/base/minified/images/animated-overlay.gif; admin/js/jquery-ui/development-bundle/themes/ui-lightness/minified/images/animated-overlay.gif; admin/js/plugins/jquery-ui/images/animated-overlay.gif; Eski/admin/css/plugins/jQueryUI/images/animated-overlay.gif; Eski/admin/js/jquery-ui/css/ui-lightness/images/animated-overlay.gif; Eski/admin/js/jquery-ui/development-bundle/themes/base/images/animated-overlay.gif; Eski/admin/js/jquery-ui/development-bundle/themes/base/minified/images/animated-overlay.gif; Eski/admin/js/jquery-ui/development-bundle/themes/ui-lightness/images/animated-overlay.gif; Eski/admin/js/jquery-ui/development-bundle/themes/ui-lightness/minified/images/animated-overlay.gif; Eski/admin/js/plugins/jquery-ui/images/animated-overlay.gif
public_html/admin/js/jquery-ui/development-bundle/themes/ui-lightness/images/ui-bg_diagonals-thick_18_b81900_40x40.png,png,418,40,40,,efe6120ab3a3945618abe61a1afc4d5acfc100561f1108e76d44fa9bbacab796,NO,"Legacy template, admin or interface asset",Not rendered in the redesigned public site,INTENTIONALLY_EXCLUDED,Not required,Not applicable,"Administrative, plugin, theme-demo or interface artwork; not Vista company content.",admin/js/jquery-ui/css/ui-lightness/images/ui-bg_diagonals-thick_18_b81900_40x40.png; admin/js/jquery-ui/development-bundle/themes/ui-lightness/minified/images/ui-bg_diagonals-thick_18_b81900_40x40.png; Eski/admin/js/jquery-ui/css/ui-lightness/images/ui-bg_diagonals-thick_18_b81900_40x40.png; Eski/admin/js/jquery-ui/development-bundle/themes/ui-lightness/images/ui-bg_diagonals-thick_18_b81900_40x40.png; Eski/admin/js/jquery-ui/development-bundle/themes/ui-lightness/minified/images/ui-bg_diagonals-thick_18_b81900_40x40.png
public_html/admin/js/jquery-ui/development-bundle/themes/ui-lightness/images/ui-bg_diagonals-thick_20_666666_40x40.png,png,312,40,40,,005b9142f38f3713f379d208c4e4e9d54ec8101c8d4f1838b560f99de42999d1,NO,"Legacy template, admin or interface asset",Not rendered in the redesigned public site,INTENTIONALLY_EXCLUDED,Not required,Not applicable,"Administrative, plugin, theme-demo or interface artwork; not Vista company content.",admin/js/jquery-ui/css/ui-lightness/images/ui-bg_diagonals-thick_20_666666_40x40.png; admin/js/jquery-ui/development-bundle/themes/ui-lightness/minified/images/ui-bg_diagonals-thick_20_666666_40x40.png; Eski/admin/js/jquery-ui/css/ui-lightness/images/ui-bg_diagonals-thick_20_666666_40x40.png; Eski/admin/js/jquery-ui/development-bundle/themes/ui-lightness/images/ui-bg_diagonals-thick_20_666666_40x40.png; Eski/admin/js/jquery-ui/development-bundle/themes/ui-lightness/minified/images/ui-bg_diagonals-thick_20_666666_40x40.png
public_html/admin/js/jquery-ui/development-bundle/themes/ui-lightness/images/ui-bg_flat_10_000000_40x100.png,png,205,40,100,,b3f70c835f507e84d401d02ffc6d82748397f24b8888817dab8cf069d5dc8301,NO,"Legacy template, admin or interface asset",Not rendered in the redesigned public site,INTENTIONALLY_EXCLUDED,Not required,Not applicable,"Administrative, plugin, theme-demo or interface artwork; not Vista company content.",admin/js/jquery-ui/css/ui-lightness/images/ui-bg_flat_10_000000_40x100.png; admin/js/jquery-ui/development-bundle/themes/ui-lightness/minified/images/ui-bg_flat_10_000000_40x100.png; Eski/admin/js/jquery-ui/css/ui-lightness/images/ui-bg_flat_10_000000_40x100.png; Eski/admin/js/jquery-ui/development-bundle/themes/ui-lightness/images/ui-bg_flat_10_000000_40x100.png; Eski/admin/js/jquery-ui/development-bundle/themes/ui-lightness/minified/images/ui-bg_flat_10_000000_40x100.png
public_html/admin/js/jquery-ui/development-bundle/themes/ui-lightness/images/ui-bg_glass_100_f6f6f6_1x400.png,png,262,1,400,,941b2616571078eb1bb07b425ff0404ab8ae70dfd2cc63348706629055a205c0,NO,"Legacy template, admin or interface asset",Not rendered in the redesigned public site,INTENTIONALLY_EXCLUDED,Not required,Not applicable,"Administrative, plugin, theme-demo or interface artwork; not Vista company content.",admin/js/jquery-ui/css/ui-lightness/images/ui-bg_glass_100_f6f6f6_1x400.png; admin/js/jquery-ui/development-bundle/themes/ui-lightness/minified/images/ui-bg_glass_100_f6f6f6_1x400.png; Eski/admin/js/jquery-ui/css/ui-lightness/images/ui-bg_glass_100_f6f6f6_1x400.png; Eski/admin/js/jquery-ui/development-bundle/themes/ui-lightness/images/ui-bg_glass_100_f6f6f6_1x400.png; Eski/admin/js/jquery-ui/development-bundle/themes/ui-lightness/minified/images/ui-bg_glass_100_f6f6f6_1x400.png
public_html/admin/js/jquery-ui/development-bundle/themes/ui-lightness/images/ui-bg_glass_100_fdf5ce_1x400.png,png,348,1,400,,a9dc3fdeefe1ac48f45eedb4077bb6f85d3c917b6df2518d34b9a3590e10608d,NO,"Legacy template, admin or interface asset",Not rendered in the redesigned public site,INTENTIONALLY_EXCLUDED,Not required,Not applicable,"Administrative, plugin, theme-demo or interface artwork; not Vista company content.",admin/js/jquery-ui/css/ui-lightness/images/ui-bg_glass_100_fdf5ce_1x400.png; admin/js/jquery-ui/development-bundle/themes/ui-lightness/minified/images/ui-bg_glass_100_fdf5ce_1x400.png; Eski/admin/js/jquery-ui/css/ui-lightness/images/ui-bg_glass_100_fdf5ce_1x400.png; Eski/admin/js/jquery-ui/development-bundle/themes/ui-lightness/images/ui-bg_glass_100_fdf5ce_1x400.png; Eski/admin/js/jquery-ui/development-bundle/themes/ui-lightness/minified/images/ui-bg_glass_100_fdf5ce_1x400.png
public_html/admin/js/jquery-ui/development-bundle/themes/ui-lightness/images/ui-bg_glass_65_ffffff_1x400.png,png,207,1,400,,9f37a9695c85c145a0185428a84e25736978fd1e367f977a6c8caf44b0f1c610,NO,"Legacy template, admin or interface asset",Not rendered in the redesigned public site,INTENTIONALLY_EXCLUDED,Not required,Not applicable,"Administrative, plugin, theme-demo or interface artwork; not Vista company content.",admin/js/jquery-ui/css/ui-lightness/images/ui-bg_glass_65_ffffff_1x400.png; admin/js/jquery-ui/development-bundle/themes/ui-lightness/minified/images/ui-bg_glass_65_ffffff_1x400.png; Eski/admin/js/jquery-ui/css/ui-lightness/images/ui-bg_glass_65_ffffff_1x400.png; Eski/admin/js/jquery-ui/development-bundle/themes/ui-lightness/images/ui-bg_glass_65_ffffff_1x400.png; Eski/admin/js/jquery-ui/development-bundle/themes/ui-lightness/minified/images/ui-bg_glass_65_ffffff_1x400.png
public_html/admin/js/jquery-ui/development-bundle/themes/ui-lightness/images/ui-bg_gloss-wave_35_f6a828_500x100.png,png,5815,500,100,,68f41f75f38bcd32eec32cf6f4cc5f292042b7b1dc3fdfc9b1d5ad79f9b6972e,NO,"Legacy template, admin or interface asset",Not rendered in the redesigned public site,INTENTIONALLY_EXCLUDED,Not required,Not applicable,"Administrative, plugin, theme-demo or interface artwork; not Vista company content.",admin/js/jquery-ui/css/ui-lightness/images/ui-bg_gloss-wave_35_f6a828_500x100.png; admin/js/jquery-ui/development-bundle/themes/ui-lightness/minified/images/ui-bg_gloss-wave_35_f6a828_500x100.png; Eski/admin/js/jquery-ui/css/ui-lightness/images/ui-bg_gloss-wave_35_f6a828_500x100.png; Eski/admin/js/jquery-ui/development-bundle/themes/ui-lightness/images/ui-bg_gloss-wave_35_f6a828_500x100.png; Eski/admin/js/jquery-ui/development-bundle/themes/ui-lightness/minified/images/ui-bg_gloss-wave_35_f6a828_500x100.png
public_html/admin/js/jquery-ui/development-bundle/themes/ui-lightness/images/ui-bg_highlight-soft_100_eeeeee_1x100.png,png,278,1,100,,278b7aeed09d0ba70c5804364273d629bd5bbd468c54e5b9f29afc21b69d0d65,NO,"Legacy template, admin or interface asset",Not rendered in the redesigned public site,INTENTIONALLY_EXCLUDED,Not required,Not applicable,"Administrative, plugin, theme-demo or interface artwork; not Vista company content.",admin/js/jquery-ui/css/ui-lightness/images/ui-bg_highlight-soft_100_eeeeee_1x100.png; admin/js/jquery-ui/development-bundle/themes/ui-lightness/minified/images/ui-bg_highlight-soft_100_eeeeee_1x100.png; Eski/admin/js/jquery-ui/css/ui-lightness/images/ui-bg_highlight-soft_100_eeeeee_1x100.png; Eski/admin/js/jquery-ui/development-bundle/themes/ui-lightness/images/ui-bg_highlight-soft_100_eeeeee_1x100.png; Eski/admin/js/jquery-ui/development-bundle/themes/ui-lightness/minified/images/ui-bg_highlight-soft_100_eeeeee_1x100.png
public_html/admin/js/jquery-ui/development-bundle/themes/ui-lightness/images/ui-bg_highlight-soft_75_ffe45c_1x100.png,png,328,1,100,,9e207093740c4165d4bdfc63fdcf6ead39e323ede53bb60c8457c68984e719fd,NO,"Legacy template, admin or interface asset",Not rendered in the redesigned public site,INTENTIONALLY_EXCLUDED,Not required,Not applicable,"Administrative, plugin, theme-demo or interface artwork; not Vista company content.",admin/js/jquery-ui/css/ui-lightness/images/ui-bg_highlight-soft_75_ffe45c_1x100.png; admin/js/jquery-ui/development-bundle/themes/ui-lightness/minified/images/ui-bg_highlight-soft_75_ffe45c_1x100.png; Eski/admin/js/jquery-ui/css/ui-lightness/images/ui-bg_highlight-soft_75_ffe45c_1x100.png; Eski/admin/js/jquery-ui/development-bundle/themes/ui-lightness/images/ui-bg_highlight-soft_75_ffe45c_1x100.png; Eski/admin/js/jquery-ui/development-bundle/themes/ui-lightness/minified/images/ui-bg_highlight-soft_75_ffe45c_1x100.png
public_html/admin/js/jquery-ui/development-bundle/themes/ui-lightness/images/ui-icons_222222_256x240.png,png,6922,256,240,,3b1ac036763d3a59c88578486ae698d22a37dd2d46a553485e1eabb9fe255b3f,NO,"Legacy template, admin or interface asset",Not rendered in the redesigned public site,INTENTIONALLY_EXCLUDED,Not required,Not applicable,"Administrative, plugin, theme-demo or interface artwork; not Vista company content.",admin/css/plugins/jQueryUI/images/ui-icons_222222_256x240.png; admin/js/jquery-ui/css/ui-lightness/images/ui-icons_222222_256x240.png; admin/js/jquery-ui/development-bundle/themes/ui-lightness/minified/images/ui-icons_222222_256x240.png; Eski/admin/css/plugins/jQueryUI/images/ui-icons_222222_256x240.png; Eski/admin/js/jquery-ui/css/ui-lightness/images/ui-icons_222222_256x240.png; Eski/admin/js/jquery-ui/development-bundle/themes/ui-lightness/images/ui-icons_222222_256x240.png; Eski/admin/js/jquery-ui/development-bundle/themes/ui-lightness/minified/images/ui-icons_222222_256x240.png
public_html/admin/js/jquery-ui/development-bundle/themes/ui-lightness/images/ui-icons_228ef1_256x240.png,png,4549,256,240,,80b92d36768a48d7719925dd3803aa4e724568177cf4bb07184c7c98ca51fa9e,NO,"Legacy template, admin or interface asset",Not rendered in the redesigned public site,INTENTIONALLY_EXCLUDED,Not required,Not applicable,"Administrative, plugin, theme-demo or interface artwork; not Vista company content.",admin/js/jquery-ui/css/ui-lightness/images/ui-icons_228ef1_256x240.png; admin/js/jquery-ui/development-bundle/themes/ui-lightness/minified/images/ui-icons_228ef1_256x240.png; Eski/admin/js/jquery-ui/css/ui-lightness/images/ui-icons_228ef1_256x240.png; Eski/admin/js/jquery-ui/development-bundle/themes/ui-lightness/images/ui-icons_228ef1_256x240.png; Eski/admin/js/jquery-ui/development-bundle/themes/ui-lightness/minified/images/ui-icons_228ef1_256x240.png
public_html/admin/js/jquery-ui/development-bundle/themes/ui-lightness/images/ui-icons_ef8c08_256x240.png,png,4549,256,240,,0e8e93c2251a5c217d104a7bd041c990936e7af8cd0ff3a117f76fcb77675a43,NO,"Legacy template, admin or interface asset",Not rendered in the redesigned public site,INTENTIONALLY_EXCLUDED,Not required,Not applicable,"Administrative, plugin, theme-demo or interface artwork; not Vista company content.",admin/js/jquery-ui/css/ui-lightness/images/ui-icons_ef8c08_256x240.png; admin/js/jquery-ui/development-bundle/themes/ui-lightness/minified/images/ui-icons_ef8c08_256x240.png; Eski/admin/js/jquery-ui/css/ui-lightness/images/ui-icons_ef8c08_256x240.png; Eski/admin/js/jquery-ui/development-bundle/themes/ui-lightness/images/ui-icons_ef8c08_256x240.png; Eski/admin/js/jquery-ui/development-bundle/themes/ui-lightness/minified/images/ui-icons_ef8c08_256x240.png
public_html/admin/js/jquery-ui/development-bundle/themes/ui-lightness/images/ui-icons_ffd27a_256x240.png,png,4549,256,240,,0d65c1e072407ca1d22ed1e4bf2076ab2f008a90cae7f3b8552730fc7bce2a2e,NO,"Legacy template, admin or interface asset",Not rendered in the redesigned public site,INTENTIONALLY_EXCLUDED,Not required,Not applicable,"Administrative, plugin, theme-demo or interface artwork; not Vista company content.",admin/js/jquery-ui/css/ui-lightness/images/ui-icons_ffd27a_256x240.png; admin/js/jquery-ui/development-bundle/themes/ui-lightness/minified/images/ui-icons_ffd27a_256x240.png; Eski/admin/js/jquery-ui/css/ui-lightness/images/ui-icons_ffd27a_256x240.png; Eski/admin/js/jquery-ui/development-bundle/themes/ui-lightness/images/ui-icons_ffd27a_256x240.png; Eski/admin/js/jquery-ui/development-bundle/themes/ui-lightness/minified/images/ui-icons_ffd27a_256x240.png
public_html/admin/js/jquery-ui/development-bundle/themes/ui-lightness/images/ui-icons_ffffff_256x240.png,png,6299,256,240,,98991f0262559c830f3a94608c74f95887c373b4a9fe886f0de57f8bbfcdc875,NO,"Legacy template, admin or interface asset",Not rendered in the redesigned public site,INTENTIONALLY_EXCLUDED,Not required,Not applicable,"Administrative, plugin, theme-demo or interface artwork; not Vista company content.",admin/js/jquery-ui/css/ui-lightness/images/ui-icons_ffffff_256x240.png; admin/js/jquery-ui/development-bundle/themes/ui-lightness/minified/images/ui-icons_ffffff_256x240.png; Eski/admin/js/jquery-ui/css/ui-lightness/images/ui-icons_ffffff_256x240.png; Eski/admin/js/jquery-ui/development-bundle/themes/ui-lightness/images/ui-icons_ffffff_256x240.png; Eski/admin/js/jquery-ui/development-bundle/themes/ui-lightness/minified/images/ui-icons_ffffff_256x240.png
public_html/admin/js/jquery-ui/development-bundle/themes/ui-lightness/minified/images/animated-overlay.gif,gif,1738,40,40,,c7bcc76fb23c0430b36ec448eb79f8bc34129dae95da10f3c14ed0eacdf2f1b9,NO,"Legacy template, admin or interface asset",Not rendered in the redesigned public site,INTENTIONALLY_EXCLUDED,Not required,Not applicable,"Administrative, plugin, theme-demo or interface artwork; not Vista company content.",admin/css/plugins/jQueryUI/images/animated-overlay.gif; admin/js/jquery-ui/css/ui-lightness/images/animated-overlay.gif; admin/js/jquery-ui/development-bundle/themes/base/images/animated-overlay.gif; admin/js/jquery-ui/development-bundle/themes/base/minified/images/animated-overlay.gif; admin/js/jquery-ui/development-bundle/themes/ui-lightness/images/animated-overlay.gif; admin/js/plugins/jquery-ui/images/animated-overlay.gif; Eski/admin/css/plugins/jQueryUI/images/animated-overlay.gif; Eski/admin/js/jquery-ui/css/ui-lightness/images/animated-overlay.gif; Eski/admin/js/jquery-ui/development-bundle/themes/base/images/animated-overlay.gif; Eski/admin/js/jquery-ui/development-bundle/themes/base/minified/images/animated-overlay.gif; Eski/admin/js/jquery-ui/development-bundle/themes/ui-lightness/images/animated-overlay.gif; Eski/admin/js/jquery-ui/development-bundle/themes/ui-lightness/minified/images/animated-overlay.gif; Eski/admin/js/plugins/jquery-ui/images/animated-overlay.gif
public_html/admin/js/jquery-ui/development-bundle/themes/ui-lightness/minified/images/ui-bg_diagonals-thick_18_b81900_40x40.png,png,418,40,40,,efe6120ab3a3945618abe61a1afc4d5acfc100561f1108e76d44fa9bbacab796,NO,"Legacy template, admin or interface asset",Not rendered in the redesigned public site,INTENTIONALLY_EXCLUDED,Not required,Not applicable,"Administrative, plugin, theme-demo or interface artwork; not Vista company content.",admin/js/jquery-ui/css/ui-lightness/images/ui-bg_diagonals-thick_18_b81900_40x40.png; admin/js/jquery-ui/development-bundle/themes/ui-lightness/images/ui-bg_diagonals-thick_18_b81900_40x40.png; Eski/admin/js/jquery-ui/css/ui-lightness/images/ui-bg_diagonals-thick_18_b81900_40x40.png; Eski/admin/js/jquery-ui/development-bundle/themes/ui-lightness/images/ui-bg_diagonals-thick_18_b81900_40x40.png; Eski/admin/js/jquery-ui/development-bundle/themes/ui-lightness/minified/images/ui-bg_diagonals-thick_18_b81900_40x40.png
public_html/admin/js/jquery-ui/development-bundle/themes/ui-lightness/minified/images/ui-bg_diagonals-thick_20_666666_40x40.png,png,312,40,40,,005b9142f38f3713f379d208c4e4e9d54ec8101c8d4f1838b560f99de42999d1,NO,"Legacy template, admin or interface asset",Not rendered in the redesigned public site,INTENTIONALLY_EXCLUDED,Not required,Not applicable,"Administrative, plugin, theme-demo or interface artwork; not Vista company content.",admin/js/jquery-ui/css/ui-lightness/images/ui-bg_diagonals-thick_20_666666_40x40.png; admin/js/jquery-ui/development-bundle/themes/ui-lightness/images/ui-bg_diagonals-thick_20_666666_40x40.png; Eski/admin/js/jquery-ui/css/ui-lightness/images/ui-bg_diagonals-thick_20_666666_40x40.png; Eski/admin/js/jquery-ui/development-bundle/themes/ui-lightness/images/ui-bg_diagonals-thick_20_666666_40x40.png; Eski/admin/js/jquery-ui/development-bundle/themes/ui-lightness/minified/images/ui-bg_diagonals-thick_20_666666_40x40.png
public_html/admin/js/jquery-ui/development-bundle/themes/ui-lightness/minified/images/ui-bg_flat_10_000000_40x100.png,png,205,40,100,,b3f70c835f507e84d401d02ffc6d82748397f24b8888817dab8cf069d5dc8301,NO,"Legacy template, admin or interface asset",Not rendered in the redesigned public site,INTENTIONALLY_EXCLUDED,Not required,Not applicable,"Administrative, plugin, theme-demo or interface artwork; not Vista company content.",admin/js/jquery-ui/css/ui-lightness/images/ui-bg_flat_10_000000_40x100.png; admin/js/jquery-ui/development-bundle/themes/ui-lightness/images/ui-bg_flat_10_000000_40x100.png; Eski/admin/js/jquery-ui/css/ui-lightness/images/ui-bg_flat_10_000000_40x100.png; Eski/admin/js/jquery-ui/development-bundle/themes/ui-lightness/images/ui-bg_flat_10_000000_40x100.png; Eski/admin/js/jquery-ui/development-bundle/themes/ui-lightness/minified/images/ui-bg_flat_10_000000_40x100.png
public_html/admin/js/jquery-ui/development-bundle/themes/ui-lightness/minified/images/ui-bg_glass_100_f6f6f6_1x400.png,png,262,1,400,,941b2616571078eb1bb07b425ff0404ab8ae70dfd2cc63348706629055a205c0,NO,"Legacy template, admin or interface asset",Not rendered in the redesigned public site,INTENTIONALLY_EXCLUDED,Not required,Not applicable,"Administrative, plugin, theme-demo or interface artwork; not Vista company content.",admin/js/jquery-ui/css/ui-lightness/images/ui-bg_glass_100_f6f6f6_1x400.png; admin/js/jquery-ui/development-bundle/themes/ui-lightness/images/ui-bg_glass_100_f6f6f6_1x400.png; Eski/admin/js/jquery-ui/css/ui-lightness/images/ui-bg_glass_100_f6f6f6_1x400.png; Eski/admin/js/jquery-ui/development-bundle/themes/ui-lightness/images/ui-bg_glass_100_f6f6f6_1x400.png; Eski/admin/js/jquery-ui/development-bundle/themes/ui-lightness/minified/images/ui-bg_glass_100_f6f6f6_1x400.png
public_html/admin/js/jquery-ui/development-bundle/themes/ui-lightness/minified/images/ui-bg_glass_100_fdf5ce_1x400.png,png,348,1,400,,a9dc3fdeefe1ac48f45eedb4077bb6f85d3c917b6df2518d34b9a3590e10608d,NO,"Legacy template, admin or interface asset",Not rendered in the redesigned public site,INTENTIONALLY_EXCLUDED,Not required,Not applicable,"Administrative, plugin, theme-demo or interface artwork; not Vista company content.",admin/js/jquery-ui/css/ui-lightness/images/ui-bg_glass_100_fdf5ce_1x400.png; admin/js/jquery-ui/development-bundle/themes/ui-lightness/images/ui-bg_glass_100_fdf5ce_1x400.png; Eski/admin/js/jquery-ui/css/ui-lightness/images/ui-bg_glass_100_fdf5ce_1x400.png; Eski/admin/js/jquery-ui/development-bundle/themes/ui-lightness/images/ui-bg_glass_100_fdf5ce_1x400.png; Eski/admin/js/jquery-ui/development-bundle/themes/ui-lightness/minified/images/ui-bg_glass_100_fdf5ce_1x400.png
public_html/admin/js/jquery-ui/development-bundle/themes/ui-lightness/minified/images/ui-bg_glass_65_ffffff_1x400.png,png,207,1,400,,9f37a9695c85c145a0185428a84e25736978fd1e367f977a6c8caf44b0f1c610,NO,"Legacy template, admin or interface asset",Not rendered in the redesigned public site,INTENTIONALLY_EXCLUDED,Not required,Not applicable,"Administrative, plugin, theme-demo or interface artwork; not Vista company content.",admin/js/jquery-ui/css/ui-lightness/images/ui-bg_glass_65_ffffff_1x400.png; admin/js/jquery-ui/development-bundle/themes/ui-lightness/images/ui-bg_glass_65_ffffff_1x400.png; Eski/admin/js/jquery-ui/css/ui-lightness/images/ui-bg_glass_65_ffffff_1x400.png; Eski/admin/js/jquery-ui/development-bundle/themes/ui-lightness/images/ui-bg_glass_65_ffffff_1x400.png; Eski/admin/js/jquery-ui/development-bundle/themes/ui-lightness/minified/images/ui-bg_glass_65_ffffff_1x400.png
public_html/admin/js/jquery-ui/development-bundle/themes/ui-lightness/minified/images/ui-bg_gloss-wave_35_f6a828_500x100.png,png,5815,500,100,,68f41f75f38bcd32eec32cf6f4cc5f292042b7b1dc3fdfc9b1d5ad79f9b6972e,NO,"Legacy template, admin or interface asset",Not rendered in the redesigned public site,INTENTIONALLY_EXCLUDED,Not required,Not applicable,"Administrative, plugin, theme-demo or interface artwork; not Vista company content.",admin/js/jquery-ui/css/ui-lightness/images/ui-bg_gloss-wave_35_f6a828_500x100.png; admin/js/jquery-ui/development-bundle/themes/ui-lightness/images/ui-bg_gloss-wave_35_f6a828_500x100.png; Eski/admin/js/jquery-ui/css/ui-lightness/images/ui-bg_gloss-wave_35_f6a828_500x100.png; Eski/admin/js/jquery-ui/development-bundle/themes/ui-lightness/images/ui-bg_gloss-wave_35_f6a828_500x100.png; Eski/admin/js/jquery-ui/development-bundle/themes/ui-lightness/minified/images/ui-bg_gloss-wave_35_f6a828_500x100.png
public_html/admin/js/jquery-ui/development-bundle/themes/ui-lightness/minified/images/ui-bg_highlight-soft_100_eeeeee_1x100.png,png,278,1,100,,278b7aeed09d0ba70c5804364273d629bd5bbd468c54e5b9f29afc21b69d0d65,NO,"Legacy template, admin or interface asset",Not rendered in the redesigned public site,INTENTIONALLY_EXCLUDED,Not required,Not applicable,"Administrative, plugin, theme-demo or interface artwork; not Vista company content.",admin/js/jquery-ui/css/ui-lightness/images/ui-bg_highlight-soft_100_eeeeee_1x100.png; admin/js/jquery-ui/development-bundle/themes/ui-lightness/images/ui-bg_highlight-soft_100_eeeeee_1x100.png; Eski/admin/js/jquery-ui/css/ui-lightness/images/ui-bg_highlight-soft_100_eeeeee_1x100.png; Eski/admin/js/jquery-ui/development-bundle/themes/ui-lightness/images/ui-bg_highlight-soft_100_eeeeee_1x100.png; Eski/admin/js/jquery-ui/development-bundle/themes/ui-lightness/minified/images/ui-bg_highlight-soft_100_eeeeee_1x100.png
public_html/admin/js/jquery-ui/development-bundle/themes/ui-lightness/minified/images/ui-bg_highlight-soft_75_ffe45c_1x100.png,png,328,1,100,,9e207093740c4165d4bdfc63fdcf6ead39e323ede53bb60c8457c68984e719fd,NO,"Legacy template, admin or interface asset",Not rendered in the redesigned public site,INTENTIONALLY_EXCLUDED,Not required,Not applicable,"Administrative, plugin, theme-demo or interface artwork; not Vista company content.",admin/js/jquery-ui/css/ui-lightness/images/ui-bg_highlight-soft_75_ffe45c_1x100.png; admin/js/jquery-ui/development-bundle/themes/ui-lightness/images/ui-bg_highlight-soft_75_ffe45c_1x100.png; Eski/admin/js/jquery-ui/css/ui-lightness/images/ui-bg_highlight-soft_75_ffe45c_1x100.png; Eski/admin/js/jquery-ui/development-bundle/themes/ui-lightness/images/ui-bg_highlight-soft_75_ffe45c_1x100.png; Eski/admin/js/jquery-ui/development-bundle/themes/ui-lightness/minified/images/ui-bg_highlight-soft_75_ffe45c_1x100.png
public_html/admin/js/jquery-ui/development-bundle/themes/ui-lightness/minified/images/ui-icons_222222_256x240.png,png,6922,256,240,,3b1ac036763d3a59c88578486ae698d22a37dd2d46a553485e1eabb9fe255b3f,NO,"Legacy template, admin or interface asset",Not rendered in the redesigned public site,INTENTIONALLY_EXCLUDED,Not required,Not applicable,"Administrative, plugin, theme-demo or interface artwork; not Vista company content.",admin/css/plugins/jQueryUI/images/ui-icons_222222_256x240.png; admin/js/jquery-ui/css/ui-lightness/images/ui-icons_222222_256x240.png; admin/js/jquery-ui/development-bundle/themes/ui-lightness/images/ui-icons_222222_256x240.png; Eski/admin/css/plugins/jQueryUI/images/ui-icons_222222_256x240.png; Eski/admin/js/jquery-ui/css/ui-lightness/images/ui-icons_222222_256x240.png; Eski/admin/js/jquery-ui/development-bundle/themes/ui-lightness/images/ui-icons_222222_256x240.png; Eski/admin/js/jquery-ui/development-bundle/themes/ui-lightness/minified/images/ui-icons_222222_256x240.png
public_html/admin/js/jquery-ui/development-bundle/themes/ui-lightness/minified/images/ui-icons_228ef1_256x240.png,png,4549,256,240,,80b92d36768a48d7719925dd3803aa4e724568177cf4bb07184c7c98ca51fa9e,NO,"Legacy template, admin or interface asset",Not rendered in the redesigned public site,INTENTIONALLY_EXCLUDED,Not required,Not applicable,"Administrative, plugin, theme-demo or interface artwork; not Vista company content.",admin/js/jquery-ui/css/ui-lightness/images/ui-icons_228ef1_256x240.png; admin/js/jquery-ui/development-bundle/themes/ui-lightness/images/ui-icons_228ef1_256x240.png; Eski/admin/js/jquery-ui/css/ui-lightness/images/ui-icons_228ef1_256x240.png; Eski/admin/js/jquery-ui/development-bundle/themes/ui-lightness/images/ui-icons_228ef1_256x240.png; Eski/admin/js/jquery-ui/development-bundle/themes/ui-lightness/minified/images/ui-icons_228ef1_256x240.png
public_html/admin/js/jquery-ui/development-bundle/themes/ui-lightness/minified/images/ui-icons_ef8c08_256x240.png,png,4549,256,240,,0e8e93c2251a5c217d104a7bd041c990936e7af8cd0ff3a117f76fcb77675a43,NO,"Legacy template, admin or interface asset",Not rendered in the redesigned public site,INTENTIONALLY_EXCLUDED,Not required,Not applicable,"Administrative, plugin, theme-demo or interface artwork; not Vista company content.",admin/js/jquery-ui/css/ui-lightness/images/ui-icons_ef8c08_256x240.png; admin/js/jquery-ui/development-bundle/themes/ui-lightness/images/ui-icons_ef8c08_256x240.png; Eski/admin/js/jquery-ui/css/ui-lightness/images/ui-icons_ef8c08_256x240.png; Eski/admin/js/jquery-ui/development-bundle/themes/ui-lightness/images/ui-icons_ef8c08_256x240.png; Eski/admin/js/jquery-ui/development-bundle/themes/ui-lightness/minified/images/ui-icons_ef8c08_256x240.png
public_html/admin/js/jquery-ui/development-bundle/themes/ui-lightness/minified/images/ui-icons_ffd27a_256x240.png,png,4549,256,240,,0d65c1e072407ca1d22ed1e4bf2076ab2f008a90cae7f3b8552730fc7bce2a2e,NO,"Legacy template, admin or interface asset",Not rendered in the redesigned public site,INTENTIONALLY_EXCLUDED,Not required,Not applicable,"Administrative, plugin, theme-demo or interface artwork; not Vista company content.",admin/js/jquery-ui/css/ui-lightness/images/ui-icons_ffd27a_256x240.png; admin/js/jquery-ui/development-bundle/themes/ui-lightness/images/ui-icons_ffd27a_256x240.png; Eski/admin/js/jquery-ui/css/ui-lightness/images/ui-icons_ffd27a_256x240.png; Eski/admin/js/jquery-ui/development-bundle/themes/ui-lightness/images/ui-icons_ffd27a_256x240.png; Eski/admin/js/jquery-ui/development-bundle/themes/ui-lightness/minified/images/ui-icons_ffd27a_256x240.png
public_html/admin/js/jquery-ui/development-bundle/themes/ui-lightness/minified/images/ui-icons_ffffff_256x240.png,png,6299,256,240,,98991f0262559c830f3a94608c74f95887c373b4a9fe886f0de57f8bbfcdc875,NO,"Legacy template, admin or interface asset",Not rendered in the redesigned public site,INTENTIONALLY_EXCLUDED,Not required,Not applicable,"Administrative, plugin, theme-demo or interface artwork; not Vista company content.",admin/js/jquery-ui/css/ui-lightness/images/ui-icons_ffffff_256x240.png; admin/js/jquery-ui/development-bundle/themes/ui-lightness/images/ui-icons_ffffff_256x240.png; Eski/admin/js/jquery-ui/css/ui-lightness/images/ui-icons_ffffff_256x240.png; Eski/admin/js/jquery-ui/development-bundle/themes/ui-lightness/images/ui-icons_ffffff_256x240.png; Eski/admin/js/jquery-ui/development-bundle/themes/ui-lightness/minified/images/ui-icons_ffffff_256x240.png
public_html/admin/js/plugins/fancybox/blank.gif,gif,43,1,1,,b1442e85b03bdcaf66dc58c7abb98745dd2687d86350be9a298a1d9382ac849b,NO,"Legacy template, admin or interface asset",Not rendered in the redesigned public site,INTENTIONALLY_EXCLUDED,Not required,Not applicable,"Administrative, plugin, theme-demo or interface artwork; not Vista company content.",Eski/admin/js/plugins/fancybox/blank.gif
public_html/admin/js/plugins/fancybox/fancybox_loading.gif,gif,6567,24,24,,b8681cce947f5b28ed3181b11601e2470b40811722a49564d1271e7b40015064,NO,"Legacy template, admin or interface asset",Not rendered in the redesigned public site,INTENTIONALLY_EXCLUDED,Not required,Not applicable,"Administrative, plugin, theme-demo or interface artwork; not Vista company content.",Eski/admin/js/plugins/fancybox/fancybox_loading.gif
public_html/admin/js/plugins/fancybox/fancybox_loading@2x.gif,gif,13984,48,48,,73b27f9aeb7bc6ee3c4bd20742382f015efd89981a3706d2a29a50867849629c,NO,"Legacy template, admin or interface asset",Not rendered in the redesigned public site,INTENTIONALLY_EXCLUDED,Not required,Not applicable,"Administrative, plugin, theme-demo or interface artwork; not Vista company content.",Eski/admin/js/plugins/fancybox/fancybox_loading@2x.gif
public_html/admin/js/plugins/fancybox/fancybox_overlay.png,png,1003,10,10,,a163bab86035b0ba62c98fbbd4d8b4f5edabbbb774eca0b5e9e5081b5711b2ab,NO,"Legacy template, admin or interface asset",Not rendered in the redesigned public site,INTENTIONALLY_EXCLUDED,Not required,Not applicable,"Administrative, plugin, theme-demo or interface artwork; not Vista company content.",Eski/admin/js/plugins/fancybox/fancybox_overlay.png
public_html/admin/js/plugins/fancybox/fancybox_sprite.png,png,1362,44,152,,b9d6fddb0988440902fcfc72f371ecfa80ee2eb36073f9eebc17449ee41c886f,NO,"Legacy template, admin or interface asset",Not rendered in the redesigned public site,INTENTIONALLY_EXCLUDED,Not required,Not applicable,"Administrative, plugin, theme-demo or interface artwork; not Vista company content.",Eski/admin/js/plugins/fancybox/fancybox_sprite.png
public_html/admin/js/plugins/fancybox/fancybox_sprite@2x.png,png,6553,88,304,,6ab68245606bbe6ad87ea3f6a044c93f6c21a07e70924b35b68bfb3786d94cf0,NO,"Legacy template, admin or interface asset",Not rendered in the redesigned public site,INTENTIONALLY_EXCLUDED,Not required,Not applicable,"Administrative, plugin, theme-demo or interface artwork; not Vista company content.",Eski/admin/js/plugins/fancybox/fancybox_sprite@2x.png
public_html/admin/js/plugins/fancybox/helpers/fancybox_buttons.png,png,1080,90,90,,e31c3a8c15610109580e0f787dceb6e0a33c5f365d4cdbd4ee76f2b33aef5822,NO,"Legacy template, admin or interface asset",Not rendered in the redesigned public site,INTENTIONALLY_EXCLUDED,Not required,Not applicable,"Administrative, plugin, theme-demo or interface artwork; not Vista company content.",Eski/admin/js/plugins/fancybox/helpers/fancybox_buttons.png
public_html/admin/js/plugins/gritter/images/gritter-light.png,png,5545,602,310,,b20c359da4e1af0f76ae45a556410ae50257fbc4d83d02d6a712c7427b94fd32,NO,"Legacy template, admin or interface asset",Not rendered in the redesigned public site,INTENTIONALLY_EXCLUDED,Not required,Not applicable,"Administrative, plugin, theme-demo or interface artwork; not Vista company content.",Eski/admin/js/plugins/gritter/images/gritter-light.png
public_html/admin/js/plugins/gritter/images/gritter-long.png,png,6938,602,530,,c5626851632f64dd55ec391763ff423146e43238cb0a34782d9e526fc3c73149,NO,"Legacy template, admin or interface asset",Not rendered in the redesigned public site,INTENTIONALLY_EXCLUDED,Not required,Not applicable,"Administrative, plugin, theme-demo or interface artwork; not Vista company content.",Eski/admin/js/plugins/gritter/images/gritter-long.png
public_html/admin/js/plugins/gritter/images/gritter.png,png,5537,602,310,,28b86822cf0f1593ee8e649a66593dab4665b58908c7ea87015d33b1acefd3fc,NO,"Legacy template, admin or interface asset",Not rendered in the redesigned public site,INTENTIONALLY_EXCLUDED,Not required,Not applicable,"Administrative, plugin, theme-demo or interface artwork; not Vista company content.",Eski/admin/js/plugins/gritter/images/gritter.png
public_html/admin/js/plugins/gritter/images/ie-spacer.gif,gif,43,1,1,,548f2d6f4d0d820c6c5ffbeffcbd7f0e73193e2932eefe542accc84762deec87,NO,"Legacy template, admin or interface asset",Not rendered in the redesigned public site,INTENTIONALLY_EXCLUDED,Not required,Not applicable,"Administrative, plugin, theme-demo or interface artwork; not Vista company content.",Eski/admin/js/plugins/gritter/images/ie-spacer.gif
public_html/admin/js/plugins/jquery-ui/images/animated-overlay.gif,gif,1738,40,40,,c7bcc76fb23c0430b36ec448eb79f8bc34129dae95da10f3c14ed0eacdf2f1b9,NO,"Legacy template, admin or interface asset",Not rendered in the redesigned public site,INTENTIONALLY_EXCLUDED,Not required,Not applicable,"Administrative, plugin, theme-demo or interface artwork; not Vista company content.",admin/css/plugins/jQueryUI/images/animated-overlay.gif; admin/js/jquery-ui/css/ui-lightness/images/animated-overlay.gif; admin/js/jquery-ui/development-bundle/themes/base/images/animated-overlay.gif; admin/js/jquery-ui/development-bundle/themes/base/minified/images/animated-overlay.gif; admin/js/jquery-ui/development-bundle/themes/ui-lightness/images/animated-overlay.gif; admin/js/jquery-ui/development-bundle/themes/ui-lightness/minified/images/animated-overlay.gif; Eski/admin/css/plugins/jQueryUI/images/animated-overlay.gif; Eski/admin/js/jquery-ui/css/ui-lightness/images/animated-overlay.gif; Eski/admin/js/jquery-ui/development-bundle/themes/base/images/animated-overlay.gif; Eski/admin/js/jquery-ui/development-bundle/themes/base/minified/images/animated-overlay.gif; Eski/admin/js/jquery-ui/development-bundle/themes/ui-lightness/images/animated-overlay.gif; Eski/admin/js/jquery-ui/development-bundle/themes/ui-lightness/minified/images/animated-overlay.gif; Eski/admin/js/plugins/jquery-ui/images/animated-overlay.gif
public_html/admin/js/plugins/jquery-ui/images/ui-bg_flat_0_aaaaaa_40x100.png,png,180,40,100,,9a8492a580bf85d3e98ae8861fbd45567e5a1f83eeafcf9574da0399d5f602ab,NO,"Legacy template, admin or interface asset",Not rendered in the redesigned public site,INTENTIONALLY_EXCLUDED,Not required,Not applicable,"Administrative, plugin, theme-demo or interface artwork; not Vista company content.",admin/js/jquery-ui/development-bundle/themes/base/images/ui-bg_flat_0_aaaaaa_40x100.png; admin/js/jquery-ui/development-bundle/themes/base/minified/images/ui-bg_flat_0_aaaaaa_40x100.png; Eski/admin/js/jquery-ui/development-bundle/themes/base/images/ui-bg_flat_0_aaaaaa_40x100.png; Eski/admin/js/jquery-ui/development-bundle/themes/base/minified/images/ui-bg_flat_0_aaaaaa_40x100.png; Eski/admin/js/plugins/jquery-ui/images/ui-bg_flat_0_aaaaaa_40x100.png
public_html/admin/js/plugins/jquery-ui/images/ui-bg_flat_75_ffffff_40x100.png,png,178,40,100,,39ab7ccd9f4e82579da78a9241265df288d8eb65dbbd7cf48aed2d0129887df5,NO,"Legacy template, admin or interface asset",Not rendered in the redesigned public site,INTENTIONALLY_EXCLUDED,Not required,Not applicable,"Administrative, plugin, theme-demo or interface artwork; not Vista company content.",admin/js/jquery-ui/development-bundle/themes/base/images/ui-bg_flat_75_ffffff_40x100.png; admin/js/jquery-ui/development-bundle/themes/base/minified/images/ui-bg_flat_75_ffffff_40x100.png; Eski/admin/js/jquery-ui/development-bundle/themes/base/images/ui-bg_flat_75_ffffff_40x100.png; Eski/admin/js/jquery-ui/development-bundle/themes/base/minified/images/ui-bg_flat_75_ffffff_40x100.png; Eski/admin/js/plugins/jquery-ui/images/ui-bg_flat_75_ffffff_40x100.png
public_html/admin/js/plugins/jquery-ui/images/ui-bg_glass_55_fbf9ee_1x400.png,png,120,1,400,,691597e8a40a891ea94d3589976ecfc33e6145c49422443b00ac2b5a0022964c,NO,"Legacy template, admin or interface asset",Not rendered in the redesigned public site,INTENTIONALLY_EXCLUDED,Not required,Not applicable,"Administrative, plugin, theme-demo or interface artwork; not Vista company content.",admin/js/jquery-ui/development-bundle/themes/base/images/ui-bg_glass_55_fbf9ee_1x400.png; admin/js/jquery-ui/development-bundle/themes/base/minified/images/ui-bg_glass_55_fbf9ee_1x400.png; Eski/admin/js/jquery-ui/development-bundle/themes/base/images/ui-bg_glass_55_fbf9ee_1x400.png; Eski/admin/js/jquery-ui/development-bundle/themes/base/minified/images/ui-bg_glass_55_fbf9ee_1x400.png; Eski/admin/js/plugins/jquery-ui/images/ui-bg_glass_55_fbf9ee_1x400.png
public_html/admin/js/plugins/jquery-ui/images/ui-bg_glass_65_ffffff_1x400.png,png,105,1,400,,f0e6cd91b837d5c5644d026e5ffeccd907953317cd5c0f689901733afda260b2,NO,"Legacy template, admin or interface asset",Not rendered in the redesigned public site,INTENTIONALLY_EXCLUDED,Not required,Not applicable,"Administrative, plugin, theme-demo or interface artwork; not Vista company content.",admin/js/jquery-ui/development-bundle/themes/base/images/ui-bg_glass_65_ffffff_1x400.png; admin/js/jquery-ui/development-bundle/themes/base/minified/images/ui-bg_glass_65_ffffff_1x400.png; Eski/admin/js/jquery-ui/development-bundle/themes/base/images/ui-bg_glass_65_ffffff_1x400.png; Eski/admin/js/jquery-ui/development-bundle/themes/base/minified/images/ui-bg_glass_65_ffffff_1x400.png; Eski/admin/js/plugins/jquery-ui/images/ui-bg_glass_65_ffffff_1x400.png
public_html/admin/js/plugins/jquery-ui/images/ui-bg_glass_75_dadada_1x400.png,png,111,1,400,,c108f5cbf2dd9ec07a26530695ddd95e1664597ce6c056ae44c162cc2e28cec4,NO,"Legacy template, admin or interface asset",Not rendered in the redesigned public site,INTENTIONALLY_EXCLUDED,Not required,Not applicable,"Administrative, plugin, theme-demo or interface artwork; not Vista company content.",admin/js/jquery-ui/development-bundle/themes/base/images/ui-bg_glass_75_dadada_1x400.png; admin/js/jquery-ui/development-bundle/themes/base/minified/images/ui-bg_glass_75_dadada_1x400.png; Eski/admin/js/jquery-ui/development-bundle/themes/base/images/ui-bg_glass_75_dadada_1x400.png; Eski/admin/js/jquery-ui/development-bundle/themes/base/minified/images/ui-bg_glass_75_dadada_1x400.png; Eski/admin/js/plugins/jquery-ui/images/ui-bg_glass_75_dadada_1x400.png
public_html/admin/js/plugins/jquery-ui/images/ui-bg_glass_75_e6e6e6_1x400.png,png,110,1,400,,ddf5dd4e0ef2b185e8bb0af7b6e90ebe74a84384cb4700658e76e754c8bfe550,NO,"Legacy template, admin or interface asset",Not rendered in the redesigned public site,INTENTIONALLY_EXCLUDED,Not required,Not applicable,"Administrative, plugin, theme-demo or interface artwork; not Vista company content.",admin/js/jquery-ui/development-bundle/themes/base/images/ui-bg_glass_75_e6e6e6_1x400.png; admin/js/jquery-ui/development-bundle/themes/base/minified/images/ui-bg_glass_75_e6e6e6_1x400.png; Eski/admin/js/jquery-ui/development-bundle/themes/base/images/ui-bg_glass_75_e6e6e6_1x400.png; Eski/admin/js/jquery-ui/development-bundle/themes/base/minified/images/ui-bg_glass_75_e6e6e6_1x400.png; Eski/admin/js/plugins/jquery-ui/images/ui-bg_glass_75_e6e6e6_1x400.png
public_html/admin/js/plugins/jquery-ui/images/ui-bg_glass_95_fef1ec_1x400.png,png,119,1,400,,f6f1c1bedf1a0f37cfef81d12f5f012869d1ee7c984775a569827a1784d34f5c,NO,"Legacy template, admin or interface asset",Not rendered in the redesigned public site,INTENTIONALLY_EXCLUDED,Not required,Not applicable,"Administrative, plugin, theme-demo or interface artwork; not Vista company content.",admin/js/jquery-ui/development-bundle/themes/base/images/ui-bg_glass_95_fef1ec_1x400.png; admin/js/jquery-ui/development-bundle/themes/base/minified/images/ui-bg_glass_95_fef1ec_1x400.png; Eski/admin/js/jquery-ui/development-bundle/themes/base/images/ui-bg_glass_95_fef1ec_1x400.png; Eski/admin/js/jquery-ui/development-bundle/themes/base/minified/images/ui-bg_glass_95_fef1ec_1x400.png; Eski/admin/js/plugins/jquery-ui/images/ui-bg_glass_95_fef1ec_1x400.png
public_html/admin/js/plugins/jquery-ui/images/ui-bg_highlight-soft_75_cccccc_1x100.png,png,101,1,100,,54270656df079c4da5182629a080fc633b6f84b87985eb016d25a560e2c38d4a,NO,"Legacy template, admin or interface asset",Not rendered in the redesigned public site,INTENTIONALLY_EXCLUDED,Not required,Not applicable,"Administrative, plugin, theme-demo or interface artwork; not Vista company content.",admin/js/jquery-ui/development-bundle/themes/base/images/ui-bg_highlight-soft_75_cccccc_1x100.png; admin/js/jquery-ui/development-bundle/themes/base/minified/images/ui-bg_highlight-soft_75_cccccc_1x100.png; Eski/admin/js/jquery-ui/development-bundle/themes/base/images/ui-bg_highlight-soft_75_cccccc_1x100.png; Eski/admin/js/jquery-ui/development-bundle/themes/base/minified/images/ui-bg_highlight-soft_75_cccccc_1x100.png; Eski/admin/js/plugins/jquery-ui/images/ui-bg_highlight-soft_75_cccccc_1x100.png
public_html/admin/js/plugins/jquery-ui/images/ui-icons_222222_256x240.png,png,4369,256,240,,57adb0d65f4e91dacfee975d9574422bee7486c8a182d60133728c672f2cdbbc,NO,"Legacy template, admin or interface asset",Not rendered in the redesigned public site,INTENTIONALLY_EXCLUDED,Not required,Not applicable,"Administrative, plugin, theme-demo or interface artwork; not Vista company content.",admin/js/jquery-ui/development-bundle/themes/base/images/ui-icons_222222_256x240.png; admin/js/jquery-ui/development-bundle/themes/base/minified/images/ui-icons_222222_256x240.png; Eski/admin/js/jquery-ui/development-bundle/themes/base/images/ui-icons_222222_256x240.png; Eski/admin/js/jquery-ui/development-bundle/themes/base/minified/images/ui-icons_222222_256x240.png; Eski/admin/js/plugins/jquery-ui/images/ui-icons_222222_256x240.png
public_html/admin/js/plugins/jquery-ui/images/ui-icons_2e83ff_256x240.png,png,4369,256,240,,20f8c6667afc48aa433ee9eb6d8a0584bdbd6b4a4a9091ff1e6b3adb31e63bd9,NO,"Legacy template, admin or interface asset",Not rendered in the redesigned public site,INTENTIONALLY_EXCLUDED,Not required,Not applicable,"Administrative, plugin, theme-demo or interface artwork; not Vista company content.",admin/js/jquery-ui/development-bundle/themes/base/images/ui-icons_2e83ff_256x240.png; admin/js/jquery-ui/development-bundle/themes/base/minified/images/ui-icons_2e83ff_256x240.png; Eski/admin/js/jquery-ui/development-bundle/themes/base/images/ui-icons_2e83ff_256x240.png; Eski/admin/js/jquery-ui/development-bundle/themes/base/minified/images/ui-icons_2e83ff_256x240.png; Eski/admin/js/plugins/jquery-ui/images/ui-icons_2e83ff_256x240.png
public_html/admin/js/plugins/jquery-ui/images/ui-icons_454545_256x240.png,png,4369,256,240,,07460e843c3e59aaadbb34231e699e856a2980753c7a47b66447da5d9f93fb7f,NO,"Legacy template, admin or interface asset",Not rendered in the redesigned public site,INTENTIONALLY_EXCLUDED,Not required,Not applicable,"Administrative, plugin, theme-demo or interface artwork; not Vista company content.",admin/js/jquery-ui/development-bundle/themes/base/images/ui-icons_454545_256x240.png; admin/js/jquery-ui/development-bundle/themes/base/minified/images/ui-icons_454545_256x240.png; Eski/admin/js/jquery-ui/development-bundle/themes/base/images/ui-icons_454545_256x240.png; Eski/admin/js/jquery-ui/development-bundle/themes/base/minified/images/ui-icons_454545_256x240.png; Eski/admin/js/plugins/jquery-ui/images/ui-icons_454545_256x240.png
public_html/admin/js/plugins/jquery-ui/images/ui-icons_888888_256x240.png,png,4369,256,240,,ea2e29625de3463465e93b002b065f5833e05b97f7a052b1c141e754d62e1a8b,NO,"Legacy template, admin or interface asset",Not rendered in the redesigned public site,INTENTIONALLY_EXCLUDED,Not required,Not applicable,"Administrative, plugin, theme-demo or interface artwork; not Vista company content.",admin/js/jquery-ui/development-bundle/themes/base/images/ui-icons_888888_256x240.png; admin/js/jquery-ui/development-bundle/themes/base/minified/images/ui-icons_888888_256x240.png; Eski/admin/js/jquery-ui/development-bundle/themes/base/images/ui-icons_888888_256x240.png; Eski/admin/js/jquery-ui/development-bundle/themes/base/minified/images/ui-icons_888888_256x240.png; Eski/admin/js/plugins/jquery-ui/images/ui-icons_888888_256x240.png
public_html/admin/js/plugins/jquery-ui/images/ui-icons_cd0a0a_256x240.png,png,4369,256,240,,1e32c6dbf5d3fd342f27a78aa881550d6412aa207f48468724a6a15402b6041b,NO,"Legacy template, admin or interface asset",Not rendered in the redesigned public site,INTENTIONALLY_EXCLUDED,Not required,Not applicable,"Administrative, plugin, theme-demo or interface artwork; not Vista company content.",admin/js/jquery-ui/development-bundle/themes/base/images/ui-icons_cd0a0a_256x240.png; admin/js/jquery-ui/development-bundle/themes/base/minified/images/ui-icons_cd0a0a_256x240.png; Eski/admin/js/jquery-ui/development-bundle/themes/base/images/ui-icons_cd0a0a_256x240.png; Eski/admin/js/jquery-ui/development-bundle/themes/base/minified/images/ui-icons_cd0a0a_256x240.png; Eski/admin/js/plugins/jquery-ui/images/ui-icons_cd0a0a_256x240.png
public_html/admin/js/plugins/justified-gallery/loading.gif,gif,9427,32,32,,27fd660c381c89206a31a367a3d8dc024880a6862b6b5e6c13bbab0c39df64c8,NO,"Legacy template, admin or interface asset",Not rendered in the redesigned public site,INTENTIONALLY_EXCLUDED,Not required,Not applicable,"Administrative, plugin, theme-demo or interface artwork; not Vista company content.",Eski/admin/js/plugins/justified-gallery/loading.gif
public_html/admin/plupload/jquery.plupload.queue/img/backgrounds.gif,gif,2977,80,365,,c1c3ced1897ce15e8cb02f83cef3fdfb163fc7d73509c2b93ed4fdb450e2cd9f,NO,"Legacy template, admin or interface asset",Not rendered in the redesigned public site,INTENTIONALLY_EXCLUDED,Not required,Not applicable,"Administrative, plugin, theme-demo or interface artwork; not Vista company content.",Eski/admin/plupload/jquery.plupload.queue/img/backgrounds.gif
public_html/admin/plupload/jquery.plupload.queue/img/buttons-disabled.png,png,1292,361,20,,da2ee521c5bde41b9231eb7bde2150207939948889b10fbeb5d1c9463b0711d2,NO,"Legacy template, admin or interface asset",Not rendered in the redesigned public site,INTENTIONALLY_EXCLUDED,Not required,Not applicable,"Administrative, plugin, theme-demo or interface artwork; not Vista company content.",Eski/admin/plupload/jquery.plupload.queue/img/buttons-disabled.png
public_html/admin/plupload/jquery.plupload.queue/img/buttons.png,png,1439,361,20,,117caf5d4e2e27e8a93ec137ef35c613f5ae90fe2afa4d171ab27ebb135e3c7d,NO,"Legacy template, admin or interface asset",Not rendered in the redesigned public site,INTENTIONALLY_EXCLUDED,Not required,Not applicable,"Administrative, plugin, theme-demo or interface artwork; not Vista company content.",Eski/admin/plupload/jquery.plupload.queue/img/buttons.png
public_html/admin/plupload/jquery.plupload.queue/img/delete.gif,gif,180,16,16,,5ff07b8d8e68f1243e66e0afb951025661924de06ba2ab38f16af8493de43196,NO,"Legacy template, admin or interface asset",Not rendered in the redesigned public site,INTENTIONALLY_EXCLUDED,Not required,Not applicable,"Administrative, plugin, theme-demo or interface artwork; not Vista company content.",Eski/admin/plupload/jquery.plupload.queue/img/delete.gif
public_html/admin/plupload/jquery.plupload.queue/img/done.gif,gif,1024,16,16,,5b7c3fb420d6da5c7d6572c331ca031c6466f827480a0092d5ae54f17472940e,NO,"Legacy template, admin or interface asset",Not rendered in the redesigned public site,INTENTIONALLY_EXCLUDED,Not required,Not applicable,"Administrative, plugin, theme-demo or interface artwork; not Vista company content.",Eski/admin/plupload/jquery.plupload.queue/img/done.gif
public_html/admin/plupload/jquery.plupload.queue/img/error.gif,gif,994,16,16,,8825d8d0764ef5f39665e651da984326adfdc17a02759dfc42e8c52ed9e66ffc,NO,"Legacy template, admin or interface asset",Not rendered in the redesigned public site,INTENTIONALLY_EXCLUDED,Not required,Not applicable,"Administrative, plugin, theme-demo or interface artwork; not Vista company content.",Eski/admin/plupload/jquery.plupload.queue/img/error.gif
public_html/admin/plupload/jquery.plupload.queue/img/throbber.gif,gif,1922,16,16,,a1ea586438d9763e27195f660f743bb162aa68991e2f5a3788bcc53ed6e5c8e1,NO,"Legacy template, admin or interface asset",Not rendered in the redesigned public site,INTENTIONALLY_EXCLUDED,Not required,Not applicable,"Administrative, plugin, theme-demo or interface artwork; not Vista company content.",Eski/admin/plupload/jquery.plupload.queue/img/throbber.gif
public_html/admin/plupload/jquery.plupload.queue/img/transp50.png,png,399,150,150,,05d2e2c53eddf1da659130d72a27bca9efd9314245f6b65c0d96a1b38173526c,NO,"Legacy template, admin or interface asset",Not rendered in the redesigned public site,INTENTIONALLY_EXCLUDED,Not required,Not applicable,"Administrative, plugin, theme-demo or interface artwork; not Vista company content.",Eski/admin/plupload/jquery.plupload.queue/img/transp50.png
public_html/admin/plupload/jquery.ui.plupload/img/loading.gif,gif,4023,24,24,,e27c9aa9ddd664cde99c76dcbe6a56fc8e7c107a520a2e2940c34ecd8af9e4c4,NO,"Legacy template, admin or interface asset",Not rendered in the redesigned public site,INTENTIONALLY_EXCLUDED,Not required,Not applicable,"Administrative, plugin, theme-demo or interface artwork; not Vista company content.",Eski/admin/plupload/jquery.ui.plupload/img/loading.gif
public_html/admin/plupload/jquery.ui.plupload/img/plupload.png,png,6597,80,104,,b1226e4414a486c01ec48ae90409001de4f5130e69613e8af010316ccde77ecb,NO,"Legacy template, admin or interface asset",Not rendered in the redesigned public site,INTENTIONALLY_EXCLUDED,Not required,Not applicable,"Administrative, plugin, theme-demo or interface artwork; not Vista company content.",Eski/admin/plupload/jquery.ui.plupload/img/plupload.png
public_html/assets/fonts/fontawesome/brands.svg,svg,475910,,,,df405ed1a342f600d9c6aef9c86c719a5a09ed4ff2820ae21ec0e2a1ff8e3582,NO,"Legacy template, admin or interface asset",Not rendered in the redesigned public site,INTENTIONALLY_EXCLUDED,Not required,Not applicable,"Administrative, plugin, theme-demo or interface artwork; not Vista company content.",
public_html/assets/fonts/fontawesome/duotone.svg,svg,2855020,,,,b9b69958ff4eb0ec22e0b8dcf9b1b52e54419b1d0df2f819406f0c5c335c0bde,NO,"Legacy template, admin or interface asset",Not rendered in the redesigned public site,INTENTIONALLY_EXCLUDED,Not required,Not applicable,"Administrative, plugin, theme-demo or interface artwork; not Vista company content.",
public_html/assets/fonts/fontawesome/light.svg,svg,3087021,,,,aee5d5834b56250d4340902b4a46227db0e865129a8086ec6a9183e651d6db7c,NO,"Legacy template, admin or interface asset",Not rendered in the redesigned public site,INTENTIONALLY_EXCLUDED,Not required,Not applicable,"Administrative, plugin, theme-demo or interface artwork; not Vista company content.",
public_html/assets/fonts/fontawesome/regular.svg,svg,2706462,,,,9c3caff43cb6d6cd4558ecc9753f4798184eacc9dec64918768ca22783137cd8,NO,"Legacy template, admin or interface asset",Not rendered in the redesigned public site,INTENTIONALLY_EXCLUDED,Not required,Not applicable,"Administrative, plugin, theme-demo or interface artwork; not Vista company content.",
public_html/assets/fonts/fontawesome/solid.svg,svg,2269925,,,,88d177c88c5f80b885a34fcce174180a95d9afb07890e29c6c689ab7fcdbfa09,NO,"Legacy template, admin or interface asset",Not rendered in the redesigned public site,INTENTIONALLY_EXCLUDED,Not required,Not applicable,"Administrative, plugin, theme-demo or interface artwork; not Vista company content.",
public_html/assets/fonts/fontawesome/thin.svg,svg,3452052,,,,37a8084e3a08f282de774a830106598fcbb914deae23e1c2068f4d78d525aa2f,NO,"Legacy template, admin or interface asset",Not rendered in the redesigned public site,INTENTIONALLY_EXCLUDED,Not required,Not applicable,"Administrative, plugin, theme-demo or interface artwork; not Vista company content.",
public_html/assets/img/bg/about_bg_dot1.png,png,53239,893,788,,d3a337a944b571c944a5e4f78213506029fb725e6a7609931a4823af0efbcc1b,NO,"Legacy template, admin or interface asset",Not rendered in the redesigned public site,INTENTIONALLY_EXCLUDED,Not required,Not applicable,"Administrative, plugin, theme-demo or interface artwork; not Vista company content.",
public_html/assets/img/bg/about_bg_dot2.png,png,55319,1095,882,,f7467068e16ba6bf5ff20aa7068c0e8e2b217db22ec2313c451be53e9ac31353,NO,"Legacy template, admin or interface asset",Not rendered in the redesigned public site,INTENTIONALLY_EXCLUDED,Not required,Not applicable,"Administrative, plugin, theme-demo or interface artwork; not Vista company content.",
public_html/assets/img/bg/brand-bg1.png,png,60415,1920,375,,b4ebc60f84f5e8ea2096809f4818ba7253530c5edc108a72057507b715cb3693,NO,"Legacy template, admin or interface asset",Not rendered in the redesigned public site,INTENTIONALLY_EXCLUDED,Not required,Not applicable,"Administrative, plugin, theme-demo or interface artwork; not Vista company content.",
public_html/assets/img/bg/contact-bg.png,png,102076,1920,590,,2974ef601efe45897bfda60900b4a0d74a324973a3bde04ea87a1130bebb2ba5,NO,"Legacy template, admin or interface asset",Not rendered in the redesigned public site,INTENTIONALLY_EXCLUDED,Not required,Not applicable,"Administrative, plugin, theme-demo or interface artwork; not Vista company content.",
public_html/assets/img/bg/contact-bg2.png,png,59267,1920,645,,f45f393863fe9fbd0841f691a08fedfd831f2f80da0068f724e10dd5b4a6d257,NO,"Legacy template, admin or interface asset",Not rendered in the redesigned public site,INTENTIONALLY_EXCLUDED,Not required,Not applicable,"Administrative, plugin, theme-demo or interface artwork; not Vista company content.",
public_html/assets/img/bg/cta_bg_1.png,png,95428,1605,220,,9f7fe9a03faf4a9d1db4f4e5d8c88e3665bdfb16b1cf0604058f4b907782f7e8,NO,"Legacy template, admin or interface asset",Not rendered in the redesigned public site,INTENTIONALLY_EXCLUDED,Not required,Not applicable,"Administrative, plugin, theme-demo or interface artwork; not Vista company content.",
public_html/assets/img/bg/cta_bg_2.png,png,11979,1920,120,,2d615abc3ef30d4634371b2a093759c5013a58eb15ef51942f914827746a27d7,NO,"Legacy template, admin or interface asset",Not rendered in the redesigned public site,INTENTIONALLY_EXCLUDED,Not required,Not applicable,"Administrative, plugin, theme-demo or interface artwork; not Vista company content.",
public_html/assets/img/bg/cta_bg_3.png,png,13066,2010,1340,,8bca0b2a9d8fe5cfdb7590b066ff4a2646f4c3fb03ba0be77661dde42fed4786,NO,"Legacy template, admin or interface asset",Not rendered in the redesigned public site,INTENTIONALLY_EXCLUDED,Not required,Not applicable,"Administrative, plugin, theme-demo or interface artwork; not Vista company content.",
public_html/assets/img/bg/cta_bg_4.png,png,61983,1290,200,,1ae16657f4a629b76c39ba3fdddd85dbfd8b64cd19ac1a2edb7b9acaa571edc4,NO,"Legacy template, admin or interface asset",Not rendered in the redesigned public site,INTENTIONALLY_EXCLUDED,Not required,Not applicable,"Administrative, plugin, theme-demo or interface artwork; not Vista company content.",
public_html/assets/img/bg/cta_bg_5.png,png,13786,1920,490,,06240230a7956ed760687679728ad021f2edb7972df4bd16c344f3d476671d1a,NO,"Legacy template, admin or interface asset",Not rendered in the redesigned public site,INTENTIONALLY_EXCLUDED,Not required,Not applicable,"Administrative, plugin, theme-demo or interface artwork; not Vista company content.",
public_html/assets/img/bg/cta_bg_6.png,png,84085,1920,195,,fae56088c3ed598e665fe9a294bc06b32e96cf0f2015158b2172003a2ce430eb,NO,"Legacy template, admin or interface asset",Not rendered in the redesigned public site,INTENTIONALLY_EXCLUDED,Not required,Not applicable,"Administrative, plugin, theme-demo or interface artwork; not Vista company content.",
public_html/assets/img/bg/fact_bg_1.png,png,70141,1920,314,,28a358e3ac56557b9f15910bddb69d7403fcc66a7c4fafc0f7939f84d8652780,NO,"Legacy template, admin or interface asset",Not rendered in the redesigned public site,INTENTIONALLY_EXCLUDED,Not required,Not applicable,"Administrative, plugin, theme-demo or interface artwork; not Vista company content.",
public_html/assets/img/bg/fact_bg_2.png,png,64930,1290,314,,0df427f22e44e06df6afb6d990089e17c2fb1d0a04a3ce2ff56ad88b93c990e4,NO,"Legacy template, admin or interface asset",Not rendered in the redesigned public site,INTENTIONALLY_EXCLUDED,Not required,Not applicable,"Administrative, plugin, theme-demo or interface artwork; not Vista company content.",
public_html/assets/img/bg/faq-bg-1.png,png,142651,1920,987,,acd31dfee5549891214bf5bf2a25f890284cd823bc1f7ec19f952912001019b3,NO,"Legacy template, admin or interface asset",Not rendered in the redesigned public site,INTENTIONALLY_EXCLUDED,Not required,Not applicable,"Administrative, plugin, theme-demo or interface artwork; not Vista company content.",
public_html/assets/img/bg/footer_bg_1.png,png,44638,1920,613,,9e6df7abd23a2dfd2f9594d11a44c436c5b706da184252341a8b37d3985832ce,NO,"Legacy template, admin or interface asset",Not rendered in the redesigned public site,INTENTIONALLY_EXCLUDED,Not required,Not applicable,"Administrative, plugin, theme-demo or interface artwork; not Vista company content.",
public_html/assets/img/bg/footer_bg_2.png,png,198425,1920,578,,661d82f1d15b3788eb93b2d8735ba1197e7b04cdc8aa1c55da43afb108269944,NO,"Legacy template, admin or interface asset",Not rendered in the redesigned public site,INTENTIONALLY_EXCLUDED,Not required,Not applicable,"Administrative, plugin, theme-demo or interface artwork; not Vista company content.",
public_html/assets/img/bg/footer_bg_3.png,png,250612,1920,587,,5f945f57fe853bd5c47ec29abf22062c935c734bd7d504b3df0428daf25780af,NO,"Legacy template, admin or interface asset",Not rendered in the redesigned public site,INTENTIONALLY_EXCLUDED,Not required,Not applicable,"Administrative, plugin, theme-demo or interface artwork; not Vista company content.",
public_html/assets/img/bg/footer_bg_4.png,png,84595,1920,727,,17ff6917aa6539d87345758e1a21eb58d78a34453e5799677e9ffa35131510de,NO,"Legacy template, admin or interface asset",Not rendered in the redesigned public site,INTENTIONALLY_EXCLUDED,Not required,Not applicable,"Administrative, plugin, theme-demo or interface artwork; not Vista company content.",
public_html/assets/img/bg/header-bg4.png,png,679,1920,50,,7e7759511b9834e0abb12d3b17beb2c4069a7bf83b011aff8727fb20a3cfb9c7,NO,"Legacy template, admin or interface asset",Not rendered in the redesigned public site,INTENTIONALLY_EXCLUDED,Not required,Not applicable,"Administrative, plugin, theme-demo or interface artwork; not Vista company content.",
public_html/assets/img/bg/header-bg5.png,png,4755,1920,50,,312f55e055bc7a9d9555d88c4a0656ca1735f1ec8190996868c63a974bb2f66f,NO,"Legacy template, admin or interface asset",Not rendered in the redesigned public site,INTENTIONALLY_EXCLUDED,Not required,Not applicable,"Administrative, plugin, theme-demo or interface artwork; not Vista company content.",
public_html/assets/img/bg/pricing-box-bg.png,png,42244,410,387,,a348fa3a41b63a4f132d1bb15158450469d66ddbff892a5f9c7bd75b4b707da5,NO,"Legacy template, admin or interface asset",Not rendered in the redesigned public site,INTENTIONALLY_EXCLUDED,Not required,Not applicable,"Administrative, plugin, theme-demo or interface artwork; not Vista company content.",
public_html/assets/img/bg/process-bg-shape.png,png,157370,830,704,,c715a81a1f5ba5847e476d9798a4b4b9941f121e1ae8980dc06e1b025efcda00,NO,"Legacy template, admin or interface asset",Not rendered in the redesigned public site,INTENTIONALLY_EXCLUDED,Not required,Not applicable,"Administrative, plugin, theme-demo or interface artwork; not Vista company content.",
public_html/assets/img/bg/service-5-left.png,png,6686,950,780,,15c0869292546d7e31f434ccabd6051f5913ef7fabf3b57847de1d52ce6d9f4e,NO,"Legacy template, admin or interface asset",Not rendered in the redesigned public site,INTENTIONALLY_EXCLUDED,Not required,Not applicable,"Administrative, plugin, theme-demo or interface artwork; not Vista company content.",
public_html/assets/img/bg/service-bg-5.png,png,46100,1920,900,,106ce2c1c055c1f88eb07b28e10e6e6063c5b0f8d5a4b5cf62dd05eb389e8708,NO,"Legacy template, admin or interface asset",Not rendered in the redesigned public site,INTENTIONALLY_EXCLUDED,Not required,Not applicable,"Administrative, plugin, theme-demo or interface artwork; not Vista company content.",
public_html/assets/img/bg/service-bg-6.png,png,55978,1920,826,,fbde7e586755d1a95e626277fd9ce93eb88251f9daa739324bd728c094965cbf,NO,"Legacy template, admin or interface asset",Not rendered in the redesigned public site,INTENTIONALLY_EXCLUDED,Not required,Not applicable,"Administrative, plugin, theme-demo or interface artwork; not Vista company content.",
public_html/assets/img/bg/service_bg-3overlay.png,png,104572,1920,963,,27c1fb168c94936e32ffcf62c2cf709972a59e189cbc209ce276037a6e5d3d5b,NO,"Legacy template, admin or interface asset",Not rendered in the redesigned public site,INTENTIONALLY_EXCLUDED,Not required,Not applicable,"Administrative, plugin, theme-demo or interface artwork; not Vista company content.",
public_html/assets/img/bg/service_bg_2overlay.png,png,101698,1920,500,,af09de0e7ac3b5f12a77727e9942c51cdb1e48ac1a4b7f6e00c9f91e328c1aa5,NO,"Legacy template, admin or interface asset",Not rendered in the redesigned public site,INTENTIONALLY_EXCLUDED,Not required,Not applicable,"Administrative, plugin, theme-demo or interface artwork; not Vista company content.",
public_html/assets/img/bg/service_bg_overlay.png,png,514525,2700,2573,,fa6237da0156a8ef2874d99286c68dff24e051b124a1d27916747ab7aa8627e8,NO,"Legacy template, admin or interface asset",Not rendered in the redesigned public site,INTENTIONALLY_EXCLUDED,Not required,Not applicable,"Administrative, plugin, theme-demo or interface artwork; not Vista company content.",
public_html/assets/img/bg/service_box_bg.png,png,29683,300,329,,5f7928e9136bc3ffb77739e83d4825004109b8a75e6439ce6b786706c43cf036,NO,"Legacy template, admin or interface asset",Not rendered in the redesigned public site,INTENTIONALLY_EXCLUDED,Not required,Not applicable,"Administrative, plugin, theme-demo or interface artwork; not Vista company content.",
public_html/assets/img/bg/testimonial-bg.png,png,175189,1920,941,,d590a7b92dc3cd68f0d2eb11d9abbabc5c9732fac2ecb0a792d5f02051ee7dd8,NO,"Legacy template, admin or interface asset",Not rendered in the redesigned public site,INTENTIONALLY_EXCLUDED,Not required,Not applicable,"Administrative, plugin, theme-demo or interface artwork; not Vista company content.",
public_html/assets/img/bg/testimonial-bg4.png,png,25271,925,729,,7f08c2d259ec296563d981b3095ea872cc2afcea2d9206527cc2e539727e924f,NO,"Legacy template, admin or interface asset",Not rendered in the redesigned public site,INTENTIONALLY_EXCLUDED,Not required,Not applicable,"Administrative, plugin, theme-demo or interface artwork; not Vista company content.",
public_html/assets/img/bg/video-bg3-1.png,png,10985,1605,380,,e22529f8eb0e02538e0d6f1fcbd7d214240f05f4d3cb79fe529f5986bac3421f,NO,"Legacy template, admin or interface asset",Not rendered in the redesigned public site,INTENTIONALLY_EXCLUDED,Not required,Not applicable,"Administrative, plugin, theme-demo or interface artwork; not Vista company content.",
public_html/assets/img/bg/video-bg3-2.jpg,jpg,13280,1920,660,,318393dd4a1c7597ded56f731e9b2272652e97c213ff9e045ffa46b14db53ec5,NO,"Legacy template, admin or interface asset",Not rendered in the redesigned public site,INTENTIONALLY_EXCLUDED,Not required,Not applicable,"Administrative, plugin, theme-demo or interface artwork; not Vista company content.",
public_html/assets/img/bg/video-bg4-1.png,png,13055,1920,600,,b96372e4925437dddf5bcea9b9dd3b7366e49c4c0349f9f32216bc6b852424bb,NO,"Legacy template, admin or interface asset",Not rendered in the redesigned public site,INTENTIONALLY_EXCLUDED,Not required,Not applicable,"Administrative, plugin, theme-demo or interface artwork; not Vista company content.",
public_html/assets/img/bg/wcu-bg-shape3-1.png,png,81789,988,843,,692857c2ead607e3f36d6dd416c57120b4876ae2e1388a566fb8f67c175befdb,NO,"Legacy template, admin or interface asset",Not rendered in the redesigned public site,INTENTIONALLY_EXCLUDED,Not required,Not applicable,"Administrative, plugin, theme-demo or interface artwork; not Vista company content.",
public_html/assets/img/bg/wcu-bg-shape3-2.png,png,26325,460,421,,9b0533ef0d9dd7ff767ff9ab78f6d442dc95cf79ad790aefe2fc708a18079453,NO,"Legacy template, admin or interface asset",Not rendered in the redesigned public site,INTENTIONALLY_EXCLUDED,Not required,Not applicable,"Administrative, plugin, theme-demo or interface artwork; not Vista company content.",
public_html/assets/img/bg/wcu-skill-wrap-bg.png,png,5118,520,194,,a813827ed3a922a0aca546604a6247bd9c1e83b515ff2bfd7021ed855ff905ec,NO,"Legacy template, admin or interface asset",Not rendered in the redesigned public site,INTENTIONALLY_EXCLUDED,Not required,Not applicable,"Administrative, plugin, theme-demo or interface artwork; not Vista company content.",
public_html/assets/img/bg/why_bg_shape.png,png,36084,575,996,,d177ef8d8ee0c769f192448d33bff666c21fae01afd9421eafb4c3b38dc4d6a0,NO,"Legacy template, admin or interface asset",Not rendered in the redesigned public site,INTENTIONALLY_EXCLUDED,Not required,Not applicable,"Administrative, plugin, theme-demo or interface artwork; not Vista company content.",
public_html/assets/img/blog/blog-details-1.jpg,jpg,1759,370,250,,471419fb040522a921df8a74ffefdfebf8768b28c51c41e7fdd081138cb4814a,NO,"Legacy template, admin or interface asset",Not rendered in the redesigned public site,INTENTIONALLY_EXCLUDED,Not required,Not applicable,"Administrative, plugin, theme-demo or interface artwork; not Vista company content.",assets/img/blog/blog-details-2.jpg
public_html/assets/img/blog/blog-details-2.jpg,jpg,1759,370,250,,471419fb040522a921df8a74ffefdfebf8768b28c51c41e7fdd081138cb4814a,NO,"Legacy template, admin or interface asset",Not rendered in the redesigned public site,INTENTIONALLY_EXCLUDED,Not required,Not applicable,"Administrative, plugin, theme-demo or interface artwork; not Vista company content.",assets/img/blog/blog-details-1.jpg
public_html/assets/img/blog/blog-s-1-1.jpg,jpg,4277,850,500,,30fa11c6e29950ac80d67b6fcea6b53edf8389c6f6e367d3007c1647dd66e180,NO,"Legacy template, admin or interface asset",Not rendered in the redesigned public site,INTENTIONALLY_EXCLUDED,Not required,Not applicable,"Administrative, plugin, theme-demo or interface artwork; not Vista company content.",assets/img/blog/blog-s-1-2.jpg; assets/img/blog/blog-s-1-3.jpg; assets/img/blog/blog-s-1-4.jpg; assets/img/project/portfolio_5_1.png; assets/img/project/portfolio_5_2.png; assets/img/project/portfolio_5_3.png; assets/img/project/project_details.png; assets/img/service/service_details.jpg
public_html/assets/img/blog/blog-s-1-2.jpg,jpg,4277,850,500,,30fa11c6e29950ac80d67b6fcea6b53edf8389c6f6e367d3007c1647dd66e180,NO,"Legacy template, admin or interface asset",Not rendered in the redesigned public site,INTENTIONALLY_EXCLUDED,Not required,Not applicable,"Administrative, plugin, theme-demo or interface artwork; not Vista company content.",assets/img/blog/blog-s-1-1.jpg; assets/img/blog/blog-s-1-3.jpg; assets/img/blog/blog-s-1-4.jpg; assets/img/project/portfolio_5_1.png; assets/img/project/portfolio_5_2.png; assets/img/project/portfolio_5_3.png; assets/img/project/project_details.png; assets/img/service/service_details.jpg
public_html/assets/img/blog/blog-s-1-3.jpg,jpg,4277,850,500,,30fa11c6e29950ac80d67b6fcea6b53edf8389c6f6e367d3007c1647dd66e180,NO,"Legacy template, admin or interface asset",Not rendered in the redesigned public site,INTENTIONALLY_EXCLUDED,Not required,Not applicable,"Administrative, plugin, theme-demo or interface artwork; not Vista company content.",assets/img/blog/blog-s-1-1.jpg; assets/img/blog/blog-s-1-2.jpg; assets/img/blog/blog-s-1-4.jpg; assets/img/project/portfolio_5_1.png; assets/img/project/portfolio_5_2.png; assets/img/project/portfolio_5_3.png; assets/img/project/project_details.png; assets/img/service/service_details.jpg
public_html/assets/img/blog/blog-s-1-4.jpg,jpg,4277,850,500,,30fa11c6e29950ac80d67b6fcea6b53edf8389c6f6e367d3007c1647dd66e180,NO,"Legacy template, admin or interface asset",Not rendered in the redesigned public site,INTENTIONALLY_EXCLUDED,Not required,Not applicable,"Administrative, plugin, theme-demo or interface artwork; not Vista company content.",assets/img/blog/blog-s-1-1.jpg; assets/img/blog/blog-s-1-2.jpg; assets/img/blog/blog-s-1-3.jpg; assets/img/project/portfolio_5_1.png; assets/img/project/portfolio_5_2.png; assets/img/project/portfolio_5_3.png; assets/img/project/project_details.png; assets/img/service/service_details.jpg
public_html/assets/img/blog/blog_1_1.jpg,jpg,1866,410,300,,40227fb4b91d0ee2785fb36460b3508ed32cb08ff9b7fed95545f27a444edfec,NO,"Legacy template, admin or interface asset",Not rendered in the redesigned public site,INTENTIONALLY_EXCLUDED,Not required,Not applicable,"Administrative, plugin, theme-demo or interface artwork; not Vista company content.",assets/img/blog/blog_1_2.jpg; assets/img/blog/blog_1_3.jpg
public_html/assets/img/blog/blog_1_2.jpg,jpg,1866,410,300,,40227fb4b91d0ee2785fb36460b3508ed32cb08ff9b7fed95545f27a444edfec,NO,"Legacy template, admin or interface asset",Not rendered in the redesigned public site,INTENTIONALLY_EXCLUDED,Not required,Not applicable,"Administrative, plugin, theme-demo or interface artwork; not Vista company content.",assets/img/blog/blog_1_1.jpg; assets/img/blog/blog_1_3.jpg
public_html/assets/img/blog/blog_1_3.jpg,jpg,1866,410,300,,40227fb4b91d0ee2785fb36460b3508ed32cb08ff9b7fed95545f27a444edfec,NO,"Legacy template, admin or interface asset",Not rendered in the redesigned public site,INTENTIONALLY_EXCLUDED,Not required,Not applicable,"Administrative, plugin, theme-demo or interface artwork; not Vista company content.",assets/img/blog/blog_1_1.jpg; assets/img/blog/blog_1_2.jpg
public_html/assets/img/blog/blog_2_1.png,png,1991,410,250,,60758c3f5f1b453e8ea9f9999ab81e27631afbd2fb3ff51fc53a2ff8717f90db,NO,"Legacy template, admin or interface asset",Not rendered in the redesigned public site,INTENTIONALLY_EXCLUDED,Not required,Not applicable,"Administrative, plugin, theme-demo or interface artwork; not Vista company content.",assets/img/blog/blog_2_2.png; assets/img/blog/blog_2_3.png
public_html/assets/img/blog/blog_2_2.png,png,1991,410,250,,60758c3f5f1b453e8ea9f9999ab81e27631afbd2fb3ff51fc53a2ff8717f90db,NO,"Legacy template, admin or interface asset",Not rendered in the redesigned public site,INTENTIONALLY_EXCLUDED,Not required,Not applicable,"Administrative, plugin, theme-demo or interface artwork; not Vista company content.",assets/img/blog/blog_2_1.png; assets/img/blog/blog_2_3.png
public_html/assets/img/blog/blog_2_3.png,png,1991,410,250,,60758c3f5f1b453e8ea9f9999ab81e27631afbd2fb3ff51fc53a2ff8717f90db,NO,"Legacy template, admin or interface asset",Not rendered in the redesigned public site,INTENTIONALLY_EXCLUDED,Not required,Not applicable,"Administrative, plugin, theme-demo or interface artwork; not Vista company content.",assets/img/blog/blog_2_1.png; assets/img/blog/blog_2_2.png
public_html/assets/img/blog/blog_3_1.png,png,2013,410,450,,ba83f67d9dea894803db358276f9d9f50936ad7547a4f34dc952a01c0a84a9c2,NO,"Legacy template, admin or interface asset",Not rendered in the redesigned public site,INTENTIONALLY_EXCLUDED,Not required,Not applicable,"Administrative, plugin, theme-demo or interface artwork; not Vista company content.",assets/img/blog/blog_3_2.png; assets/img/blog/blog_3_3.png
public_html/assets/img/blog/blog_3_2.png,png,2013,410,450,,ba83f67d9dea894803db358276f9d9f50936ad7547a4f34dc952a01c0a84a9c2,NO,"Legacy template, admin or interface asset",Not rendered in the redesigned public site,INTENTIONALLY_EXCLUDED,Not required,Not applicable,"Administrative, plugin, theme-demo or interface artwork; not Vista company content.",assets/img/blog/blog_3_1.png; assets/img/blog/blog_3_3.png
public_html/assets/img/blog/blog_3_3.png,png,2013,410,450,,ba83f67d9dea894803db358276f9d9f50936ad7547a4f34dc952a01c0a84a9c2,NO,"Legacy template, admin or interface asset",Not rendered in the redesigned public site,INTENTIONALLY_EXCLUDED,Not required,Not applicable,"Administrative, plugin, theme-demo or interface artwork; not Vista company content.",assets/img/blog/blog_3_1.png; assets/img/blog/blog_3_2.png
public_html/assets/img/blog/comment-author-1.jpg,jpg,421,80,80,,550b5db66c00b7eff422bae3468ff82eb007f4da29ff82b4a8b76cb4bea2264c,NO,"Legacy template, admin or interface asset",Not rendered in the redesigned public site,INTENTIONALLY_EXCLUDED,Not required,Not applicable,"Administrative, plugin, theme-demo or interface artwork; not Vista company content.",assets/img/blog/comment-author-2.jpg; assets/img/blog/comment-author-3.jpg; assets/img/blog/recent-post-1-1.png; assets/img/blog/recent-post-1-2.png; assets/img/blog/recent-post-1-3.png; assets/img/testimonial/testi_1_1.png; assets/img/testimonial/testi_1_2.png; assets/img/testimonial/testi_1_3.png; assets/img/testimonial/testi_1_4.png; assets/img/widget/gallery_1_1.png; assets/img/widget/gallery_1_2.png; assets/img/widget/gallery_1_3.png; assets/img/widget/gallery_1_4.png; assets/img/widget/gallery_1_5.png; assets/img/widget/gallery_1_6.png
public_html/assets/img/blog/comment-author-2.jpg,jpg,421,80,80,,550b5db66c00b7eff422bae3468ff82eb007f4da29ff82b4a8b76cb4bea2264c,NO,"Legacy template, admin or interface asset",Not rendered in the redesigned public site,INTENTIONALLY_EXCLUDED,Not required,Not applicable,"Administrative, plugin, theme-demo or interface artwork; not Vista company content.",assets/img/blog/comment-author-1.jpg; assets/img/blog/comment-author-3.jpg; assets/img/blog/recent-post-1-1.png; assets/img/blog/recent-post-1-2.png; assets/img/blog/recent-post-1-3.png; assets/img/testimonial/testi_1_1.png; assets/img/testimonial/testi_1_2.png; assets/img/testimonial/testi_1_3.png; assets/img/testimonial/testi_1_4.png; assets/img/widget/gallery_1_1.png; assets/img/widget/gallery_1_2.png; assets/img/widget/gallery_1_3.png; assets/img/widget/gallery_1_4.png; assets/img/widget/gallery_1_5.png; assets/img/widget/gallery_1_6.png
public_html/assets/img/blog/comment-author-3.jpg,jpg,421,80,80,,550b5db66c00b7eff422bae3468ff82eb007f4da29ff82b4a8b76cb4bea2264c,NO,"Legacy template, admin or interface asset",Not rendered in the redesigned public site,INTENTIONALLY_EXCLUDED,Not required,Not applicable,"Administrative, plugin, theme-demo or interface artwork; not Vista company content.",assets/img/blog/comment-author-1.jpg; assets/img/blog/comment-author-2.jpg; assets/img/blog/recent-post-1-1.png; assets/img/blog/recent-post-1-2.png; assets/img/blog/recent-post-1-3.png; assets/img/testimonial/testi_1_1.png; assets/img/testimonial/testi_1_2.png; assets/img/testimonial/testi_1_3.png; assets/img/testimonial/testi_1_4.png; assets/img/widget/gallery_1_1.png; assets/img/widget/gallery_1_2.png; assets/img/widget/gallery_1_3.png; assets/img/widget/gallery_1_4.png; assets/img/widget/gallery_1_5.png; assets/img/widget/gallery_1_6.png
public_html/assets/img/blog/recent-post-1-1.png,png,421,80,80,,550b5db66c00b7eff422bae3468ff82eb007f4da29ff82b4a8b76cb4bea2264c,NO,"Legacy template, admin or interface asset",Not rendered in the redesigned public site,INTENTIONALLY_EXCLUDED,Not required,Not applicable,"Administrative, plugin, theme-demo or interface artwork; not Vista company content.",assets/img/blog/comment-author-1.jpg; assets/img/blog/comment-author-2.jpg; assets/img/blog/comment-author-3.jpg; assets/img/blog/recent-post-1-2.png; assets/img/blog/recent-post-1-3.png; assets/img/testimonial/testi_1_1.png; assets/img/testimonial/testi_1_2.png; assets/img/testimonial/testi_1_3.png; assets/img/testimonial/testi_1_4.png; assets/img/widget/gallery_1_1.png; assets/img/widget/gallery_1_2.png; assets/img/widget/gallery_1_3.png; assets/img/widget/gallery_1_4.png; assets/img/widget/gallery_1_5.png; assets/img/widget/gallery_1_6.png
public_html/assets/img/blog/recent-post-1-2.png,png,421,80,80,,550b5db66c00b7eff422bae3468ff82eb007f4da29ff82b4a8b76cb4bea2264c,NO,"Legacy template, admin or interface asset",Not rendered in the redesigned public site,INTENTIONALLY_EXCLUDED,Not required,Not applicable,"Administrative, plugin, theme-demo or interface artwork; not Vista company content.",assets/img/blog/comment-author-1.jpg; assets/img/blog/comment-author-2.jpg; assets/img/blog/comment-author-3.jpg; assets/img/blog/recent-post-1-1.png; assets/img/blog/recent-post-1-3.png; assets/img/testimonial/testi_1_1.png; assets/img/testimonial/testi_1_2.png; assets/img/testimonial/testi_1_3.png; assets/img/testimonial/testi_1_4.png; assets/img/widget/gallery_1_1.png; assets/img/widget/gallery_1_2.png; assets/img/widget/gallery_1_3.png; assets/img/widget/gallery_1_4.png; assets/img/widget/gallery_1_5.png; assets/img/widget/gallery_1_6.png
public_html/assets/img/blog/recent-post-1-3.png,png,421,80,80,,550b5db66c00b7eff422bae3468ff82eb007f4da29ff82b4a8b76cb4bea2264c,NO,"Legacy template, admin or interface asset",Not rendered in the redesigned public site,INTENTIONALLY_EXCLUDED,Not required,Not applicable,"Administrative, plugin, theme-demo or interface artwork; not Vista company content.",assets/img/blog/comment-author-1.jpg; assets/img/blog/comment-author-2.jpg; assets/img/blog/comment-author-3.jpg; assets/img/blog/recent-post-1-1.png; assets/img/blog/recent-post-1-2.png; assets/img/testimonial/testi_1_1.png; assets/img/testimonial/testi_1_2.png; assets/img/testimonial/testi_1_3.png; assets/img/testimonial/testi_1_4.png; assets/img/widget/gallery_1_1.png; assets/img/widget/gallery_1_2.png; assets/img/widget/gallery_1_3.png; assets/img/widget/gallery_1_4.png; assets/img/widget/gallery_1_5.png; assets/img/widget/gallery_1_6.png
public_html/assets/img/brand/brand1-1.png,png,1190,234,90,,3d67a5129c8edf524c28c7a911b5b8c3b123438aee8508fba009d87c5148fea2,NO,"Legacy template, admin or interface asset",Not rendered in the redesigned public site,INTENTIONALLY_EXCLUDED,Not required,Not applicable,"Administrative, plugin, theme-demo or interface artwork; not Vista company content.",assets/img/brand/brand1-2.png; assets/img/brand/brand1-3.png; assets/img/brand/brand1-4.png; assets/img/brand/brand1-5.png
public_html/assets/img/brand/brand1-2.png,png,1190,234,90,,3d67a5129c8edf524c28c7a911b5b8c3b123438aee8508fba009d87c5148fea2,NO,"Legacy template, admin or interface asset",Not rendered in the redesigned public site,INTENTIONALLY_EXCLUDED,Not required,Not applicable,"Administrative, plugin, theme-demo or interface artwork; not Vista company content.",assets/img/brand/brand1-1.png; assets/img/brand/brand1-3.png; assets/img/brand/brand1-4.png; assets/img/brand/brand1-5.png
public_html/assets/img/brand/brand1-3.png,png,1190,234,90,,3d67a5129c8edf524c28c7a911b5b8c3b123438aee8508fba009d87c5148fea2,NO,"Legacy template, admin or interface asset",Not rendered in the redesigned public site,INTENTIONALLY_EXCLUDED,Not required,Not applicable,"Administrative, plugin, theme-demo or interface artwork; not Vista company content.",assets/img/brand/brand1-1.png; assets/img/brand/brand1-2.png; assets/img/brand/brand1-4.png; assets/img/brand/brand1-5.png
public_html/assets/img/brand/brand1-4.png,png,1190,234,90,,3d67a5129c8edf524c28c7a911b5b8c3b123438aee8508fba009d87c5148fea2,NO,"Legacy template, admin or interface asset",Not rendered in the redesigned public site,INTENTIONALLY_EXCLUDED,Not required,Not applicable,"Administrative, plugin, theme-demo or interface artwork; not Vista company content.",assets/img/brand/brand1-1.png; assets/img/brand/brand1-2.png; assets/img/brand/brand1-3.png; assets/img/brand/brand1-5.png
public_html/assets/img/brand/brand1-5.png,png,1190,234,90,,3d67a5129c8edf524c28c7a911b5b8c3b123438aee8508fba009d87c5148fea2,NO,"Legacy template, admin or interface asset",Not rendered in the redesigned public site,INTENTIONALLY_EXCLUDED,Not required,Not applicable,"Administrative, plugin, theme-demo or interface artwork; not Vista company content.",assets/img/brand/brand1-1.png; assets/img/brand/brand1-2.png; assets/img/brand/brand1-3.png; assets/img/brand/brand1-4.png
public_html/assets/img/breadcumb/breadcrumb-bg.png,png,12718,1920,500,,ff6ae499f037a0c92ee70b23997492a3141cc1290a3b7bcb553ce897c65a1ea8,NO,"Legacy template, admin or interface asset",Not rendered in the redesigned public site,INTENTIONALLY_EXCLUDED,Not required,Not applicable,"Administrative, plugin, theme-demo or interface artwork; not Vista company content.",
public_html/assets/img/favicons/android-chrome-512x512.png,png,25417,512,512,,a8813254fb1604dba717bacb1e91720a72ea908a2dbbb099c4818766052651c2,NO,"Legacy template, admin or interface asset",Not rendered in the redesigned public site,INTENTIONALLY_EXCLUDED,Not required,Not applicable,"Administrative, plugin, theme-demo or interface artwork; not Vista company content.",
public_html/assets/img/favicons/android-icon-144x144.png,png,6705,144,144,,c49c36b63eebc8a1db284417f2c9ba25ef6e51529deb95bf595b0ddd385a687e,NO,"Legacy template, admin or interface asset",Not rendered in the redesigned public site,INTENTIONALLY_EXCLUDED,Not required,Not applicable,"Administrative, plugin, theme-demo or interface artwork; not Vista company content.",assets/img/favicons/apple-icon-144x144.png; assets/img/favicons/ms-icon-144x144.png
public_html/assets/img/favicons/android-icon-192x192.png,png,7843,192,192,,13fceb3f42256de5f638af8de85266ba32246ecc01c81e6a4036a9bad8cbebde,NO,"Legacy template, admin or interface asset",Not rendered in the redesigned public site,INTENTIONALLY_EXCLUDED,Not required,Not applicable,"Administrative, plugin, theme-demo or interface artwork; not Vista company content.",
public_html/assets/img/favicons/android-icon-36x36.png,png,1754,36,36,,58260a7c38af5c3cc67e4ec5b99f149149f2b88c657c0a1fd3e4ef3a0a07e671,NO,"Legacy template, admin or interface asset",Not rendered in the redesigned public site,INTENTIONALLY_EXCLUDED,Not required,Not applicable,"Administrative, plugin, theme-demo or interface artwork; not Vista company content.",
public_html/assets/img/favicons/android-icon-48x48.png,png,2205,48,48,,8cce92a16519af419fc59227b620e0db5d2403ed88206200e660b8a8b102ba81,NO,"Legacy template, admin or interface asset",Not rendered in the redesigned public site,INTENTIONALLY_EXCLUDED,Not required,Not applicable,"Administrative, plugin, theme-demo or interface artwork; not Vista company content.",
public_html/assets/img/favicons/android-icon-72x72.png,png,3333,72,72,,7166f176514fa9ed192100f1873d3696adeeab96c32fcdc5a0c91bd57e9404fb,NO,"Legacy template, admin or interface asset",Not rendered in the redesigned public site,INTENTIONALLY_EXCLUDED,Not required,Not applicable,"Administrative, plugin, theme-demo or interface artwork; not Vista company content.",assets/img/favicons/apple-icon-72x72.png
public_html/assets/img/favicons/android-icon-96x96.png,png,4406,96,96,,d507f74f1ed9d8d1a81133bbd10e4965503f72b06b823f3e5a0a01b38e37fee6,NO,"Legacy template, admin or interface asset",Not rendered in the redesigned public site,INTENTIONALLY_EXCLUDED,Not required,Not applicable,"Administrative, plugin, theme-demo or interface artwork; not Vista company content.",assets/img/favicons/favicon-96x96.png
public_html/assets/img/favicons/apple-icon-114x114.png,png,5250,114,114,,7e6722bc7a588083d584d4314370cbaf11b792ca89aa916055a3dfcbdef2e454,NO,"Legacy template, admin or interface asset",Not rendered in the redesigned public site,INTENTIONALLY_EXCLUDED,Not required,Not applicable,"Administrative, plugin, theme-demo or interface artwork; not Vista company content.",
public_html/assets/img/favicons/apple-icon-120x120.png,png,5453,120,120,,a195e59d50b00d77ef1253bd022b2a5dfd200d249faadc7c8570ea31ef2145f3,NO,"Legacy template, admin or interface asset",Not rendered in the redesigned public site,INTENTIONALLY_EXCLUDED,Not required,Not applicable,"Administrative, plugin, theme-demo or interface artwork; not Vista company content.",
public_html/assets/img/favicons/apple-icon-144x144.png,png,6705,144,144,,c49c36b63eebc8a1db284417f2c9ba25ef6e51529deb95bf595b0ddd385a687e,NO,"Legacy template, admin or interface asset",Not rendered in the redesigned public site,INTENTIONALLY_EXCLUDED,Not required,Not applicable,"Administrative, plugin, theme-demo or interface artwork; not Vista company content.",assets/img/favicons/android-icon-144x144.png; assets/img/favicons/ms-icon-144x144.png
public_html/assets/img/favicons/apple-icon-152x152.png,png,7146,152,152,,722127de4b3e4c1ca6f7c2d575496f34fa31218c1289fa680c4d34a39ab7a2f0,NO,"Legacy template, admin or interface asset",Not rendered in the redesigned public site,INTENTIONALLY_EXCLUDED,Not required,Not applicable,"Administrative, plugin, theme-demo or interface artwork; not Vista company content.",
public_html/assets/img/favicons/apple-icon-180x180.png,png,8699,180,180,,d967202fb4e8f085daa997d6c91df75cf004d056513adf65063dc68c59695b3f,NO,"Legacy template, admin or interface asset",Not rendered in the redesigned public site,INTENTIONALLY_EXCLUDED,Not required,Not applicable,"Administrative, plugin, theme-demo or interface artwork; not Vista company content.",
public_html/assets/img/favicons/apple-icon-57x57.png,png,2375,57,57,,b544ac0af11b00bb93a90f3f85fd04fd766410e9d7804f181e22af8c1cd12dfd,NO,"Legacy template, admin or interface asset",Not rendered in the redesigned public site,INTENTIONALLY_EXCLUDED,Not required,Not applicable,"Administrative, plugin, theme-demo or interface artwork; not Vista company content.",
public_html/assets/img/favicons/apple-icon-60x60.png,png,2440,60,60,,18b0aad39e21bf0fe4571d57dbc6f792b687886cabc0923b5c5c9658ba0045c4,NO,"Legacy template, admin or interface asset",Not rendered in the redesigned public site,INTENTIONALLY_EXCLUDED,Not required,Not applicable,"Administrative, plugin, theme-demo or interface artwork; not Vista company content.",
public_html/assets/img/favicons/apple-icon-72x72.png,png,3333,72,72,,7166f176514fa9ed192100f1873d3696adeeab96c32fcdc5a0c91bd57e9404fb,NO,"Legacy template, admin or interface asset",Not rendered in the redesigned public site,INTENTIONALLY_EXCLUDED,Not required,Not applicable,"Administrative, plugin, theme-demo or interface artwork; not Vista company content.",assets/img/favicons/android-icon-72x72.png
public_html/assets/img/favicons/apple-icon-76x76.png,png,3489,76,76,,c4b9a6c32a57dd4fd901c2567a56d11f82581e634de3f354ffd2210a52a223de,NO,"Legacy template, admin or interface asset",Not rendered in the redesigned public site,INTENTIONALLY_EXCLUDED,Not required,Not applicable,"Administrative, plugin, theme-demo or interface artwork; not Vista company content.",
public_html/assets/img/favicons/apple-icon-precomposed.png,png,8364,192,192,,452465f1e2909da83233162ea8d8e209b6720a11d8d2d42521032134922210d4,NO,"Legacy template, admin or interface asset",Not rendered in the redesigned public site,INTENTIONALLY_EXCLUDED,Not required,Not applicable,"Administrative, plugin, theme-demo or interface artwork; not Vista company content.",assets/img/favicons/apple-icon.png
public_html/assets/img/favicons/apple-icon.png,png,8364,192,192,,452465f1e2909da83233162ea8d8e209b6720a11d8d2d42521032134922210d4,NO,"Legacy template, admin or interface asset",Not rendered in the redesigned public site,INTENTIONALLY_EXCLUDED,Not required,Not applicable,"Administrative, plugin, theme-demo or interface artwork; not Vista company content.",assets/img/favicons/apple-icon-precomposed.png
public_html/assets/img/favicons/favicon-16x16.png,png,1100,16,16,,8fb2117eb5a4b279eb24c56996f9df25a6696dd0ee616c07ae9b26beb26430cb,NO,"Legacy template, admin or interface asset",Not rendered in the redesigned public site,INTENTIONALLY_EXCLUDED,Not required,Not applicable,"Administrative, plugin, theme-demo or interface artwork; not Vista company content.",assets/img/favicons/favicon.png
public_html/assets/img/favicons/favicon-32x32.png,png,1635,32,32,,64cc9c44c27ca9eed018b569f758fec2b637e233ca56a625bcafc25ad040e912,NO,"Legacy template, admin or interface asset",Not rendered in the redesigned public site,INTENTIONALLY_EXCLUDED,Not required,Not applicable,"Administrative, plugin, theme-demo or interface artwork; not Vista company content.",
public_html/assets/img/favicons/favicon-96x96.png,png,4406,96,96,,d507f74f1ed9d8d1a81133bbd10e4965503f72b06b823f3e5a0a01b38e37fee6,NO,"Legacy template, admin or interface asset",Not rendered in the redesigned public site,INTENTIONALLY_EXCLUDED,Not required,Not applicable,"Administrative, plugin, theme-demo or interface artwork; not Vista company content.",assets/img/favicons/android-icon-96x96.png
public_html/assets/img/favicons/favicon.png,png,1100,16,16,,8fb2117eb5a4b279eb24c56996f9df25a6696dd0ee616c07ae9b26beb26430cb,NO,"Legacy template, admin or interface asset",Not rendered in the redesigned public site,INTENTIONALLY_EXCLUDED,Not required,Not applicable,"Administrative, plugin, theme-demo or interface artwork; not Vista company content.",assets/img/favicons/favicon-16x16.png
public_html/assets/img/favicons/ms-icon-144x144.png,png,6705,144,144,,c49c36b63eebc8a1db284417f2c9ba25ef6e51529deb95bf595b0ddd385a687e,NO,"Legacy template, admin or interface asset",Not rendered in the redesigned public site,INTENTIONALLY_EXCLUDED,Not required,Not applicable,"Administrative, plugin, theme-demo or interface artwork; not Vista company content.",assets/img/favicons/android-icon-144x144.png; assets/img/favicons/apple-icon-144x144.png
public_html/assets/img/favicons/ms-icon-150x150.png,png,6976,150,150,,567057ef92d3d89d186ac09eef6801706ac04ccc7da39b315bf475ba047c3c67,NO,"Legacy template, admin or interface asset",Not rendered in the redesigned public site,INTENTIONALLY_EXCLUDED,Not required,Not applicable,"Administrative, plugin, theme-demo or interface artwork; not Vista company content.",
public_html/assets/img/favicons/ms-icon-310x310.png,png,19038,310,310,,b71aa51e13d44f96e3bcff7d88c04766c80e89f205269f462abe7c0ebbee6911,NO,"Legacy template, admin or interface asset",Not rendered in the redesigned public site,INTENTIONALLY_EXCLUDED,Not required,Not applicable,"Administrative, plugin, theme-demo or interface artwork; not Vista company content.",
public_html/assets/img/favicons/ms-icon-70x70.png,png,3255,70,70,,17940e0e07185449881e59cdf4e5b101ad2e56f8738414ec594a64eba3ce9d4e,NO,"Legacy template, admin or interface asset",Not rendered in the redesigned public site,INTENTIONALLY_EXCLUDED,Not required,Not applicable,"Administrative, plugin, theme-demo or interface artwork; not Vista company content.",
public_html/assets/img/gallery/gallery_1_1.png,png,4549,850,450,,dcca924c14908a5df76b3eff0ce31f52924c466933ef788899804f28bd340397,NO,"Legacy template, admin or interface asset",Not rendered in the redesigned public site,INTENTIONALLY_EXCLUDED,Not required,Not applicable,"Administrative, plugin, theme-demo or interface artwork; not Vista company content.",assets/img/gallery/gallery_1_3.png; assets/img/gallery/gallery_1_4.png
public_html/assets/img/gallery/gallery_1_2.png,png,4788,833,470,,6cb7816e9a8e1f4da85aad2a509c222efc1ed1ca3661f1a640413137920e8ddd,NO,"Legacy template, admin or interface asset",Not rendered in the redesigned public site,INTENTIONALLY_EXCLUDED,Not required,Not applicable,"Administrative, plugin, theme-demo or interface artwork; not Vista company content.",
public_html/assets/img/gallery/gallery_1_3.png,png,4549,850,450,,dcca924c14908a5df76b3eff0ce31f52924c466933ef788899804f28bd340397,NO,"Legacy template, admin or interface asset",Not rendered in the redesigned public site,INTENTIONALLY_EXCLUDED,Not required,Not applicable,"Administrative, plugin, theme-demo or interface artwork; not Vista company content.",assets/img/gallery/gallery_1_1.png; assets/img/gallery/gallery_1_4.png
public_html/assets/img/gallery/gallery_1_4.png,png,4549,850,450,,dcca924c14908a5df76b3eff0ce31f52924c466933ef788899804f28bd340397,NO,"Legacy template, admin or interface asset",Not rendered in the redesigned public site,INTENTIONALLY_EXCLUDED,Not required,Not applicable,"Administrative, plugin, theme-demo or interface artwork; not Vista company content.",assets/img/gallery/gallery_1_1.png; assets/img/gallery/gallery_1_3.png
public_html/assets/img/hero/hero_bg_1_1.jpg,jpg,14438,1920,820,,69a90718aa83f1b9cd17ed341cd379e6030f91cf1f91295ff32a57a7db63cf86,NO,"Legacy template, admin or interface asset",Not rendered in the redesigned public site,INTENTIONALLY_EXCLUDED,Not required,Not applicable,"Administrative, plugin, theme-demo or interface artwork; not Vista company content.",assets/img/hero/hero_bg_1_2.jpg; assets/img/hero/hero_bg_1_3.jpg; assets/img/hero/hero_bg_5_1.png; assets/img/hero/hero_bg_5_3.png; assets/img/hero/hero_bg_5_4.png
public_html/assets/img/hero/hero_bg_1_2.jpg,jpg,14438,1920,820,,69a90718aa83f1b9cd17ed341cd379e6030f91cf1f91295ff32a57a7db63cf86,NO,"Legacy template, admin or interface asset",Not rendered in the redesigned public site,INTENTIONALLY_EXCLUDED,Not required,Not applicable,"Administrative, plugin, theme-demo or interface artwork; not Vista company content.",assets/img/hero/hero_bg_1_1.jpg; assets/img/hero/hero_bg_1_3.jpg; assets/img/hero/hero_bg_5_1.png; assets/img/hero/hero_bg_5_3.png; assets/img/hero/hero_bg_5_4.png
public_html/assets/img/hero/hero_bg_1_3.jpg,jpg,14438,1920,820,,69a90718aa83f1b9cd17ed341cd379e6030f91cf1f91295ff32a57a7db63cf86,NO,"Legacy template, admin or interface asset",Not rendered in the redesigned public site,INTENTIONALLY_EXCLUDED,Not required,Not applicable,"Administrative, plugin, theme-demo or interface artwork; not Vista company content.",assets/img/hero/hero_bg_1_1.jpg; assets/img/hero/hero_bg_1_2.jpg; assets/img/hero/hero_bg_5_1.png; assets/img/hero/hero_bg_5_3.png; assets/img/hero/hero_bg_5_4.png
public_html/assets/img/hero/hero_bg_2_1.jpg,jpg,11520,1820,840,,6e753c24bcd4da1ddbe8f5288785730338993366d7e0b5a953147f94fe01e801,NO,"Legacy template, admin or interface asset",Not rendered in the redesigned public site,INTENTIONALLY_EXCLUDED,Not required,Not applicable,"Administrative, plugin, theme-demo or interface artwork; not Vista company content.",assets/img/hero/hero_bg_2_2.jpg; assets/img/hero/hero_bg_2_3.jpg; assets/img/hero/hero_bg_6_1.jpg; assets/img/hero/hero_bg_6_2.jpg
public_html/assets/img/hero/hero_bg_2_2.jpg,jpg,11520,1820,840,,6e753c24bcd4da1ddbe8f5288785730338993366d7e0b5a953147f94fe01e801,NO,"Legacy template, admin or interface asset",Not rendered in the redesigned public site,INTENTIONALLY_EXCLUDED,Not required,Not applicable,"Administrative, plugin, theme-demo or interface artwork; not Vista company content.",assets/img/hero/hero_bg_2_1.jpg; assets/img/hero/hero_bg_2_3.jpg; assets/img/hero/hero_bg_6_1.jpg; assets/img/hero/hero_bg_6_2.jpg
public_html/assets/img/hero/hero_bg_2_3.jpg,jpg,11520,1820,840,,6e753c24bcd4da1ddbe8f5288785730338993366d7e0b5a953147f94fe01e801,NO,"Legacy template, admin or interface asset",Not rendered in the redesigned public site,INTENTIONALLY_EXCLUDED,Not required,Not applicable,"Administrative, plugin, theme-demo or interface artwork; not Vista company content.",assets/img/hero/hero_bg_2_1.jpg; assets/img/hero/hero_bg_2_2.jpg; assets/img/hero/hero_bg_6_1.jpg; assets/img/hero/hero_bg_6_2.jpg
public_html/assets/img/hero/hero_bg_5_1.png,png,14438,1920,820,,69a90718aa83f1b9cd17ed341cd379e6030f91cf1f91295ff32a57a7db63cf86,NO,"Legacy template, admin or interface asset",Not rendered in the redesigned public site,INTENTIONALLY_EXCLUDED,Not required,Not applicable,"Administrative, plugin, theme-demo or interface artwork; not Vista company content.",assets/img/hero/hero_bg_1_1.jpg; assets/img/hero/hero_bg_1_2.jpg; assets/img/hero/hero_bg_1_3.jpg; assets/img/hero/hero_bg_5_3.png; assets/img/hero/hero_bg_5_4.png
public_html/assets/img/hero/hero_bg_5_2.png,png,542922,1920,820,,2c2215b6bb424e4424916e377d61d51940c0914be9816fd4a6d030b2d05feb81,NO,"Legacy template, admin or interface asset",Not rendered in the redesigned public site,INTENTIONALLY_EXCLUDED,Not required,Not applicable,"Administrative, plugin, theme-demo or interface artwork; not Vista company content.",
public_html/assets/img/hero/hero_bg_5_3.png,png,14438,1920,820,,69a90718aa83f1b9cd17ed341cd379e6030f91cf1f91295ff32a57a7db63cf86,NO,"Legacy template, admin or interface asset",Not rendered in the redesigned public site,INTENTIONALLY_EXCLUDED,Not required,Not applicable,"Administrative, plugin, theme-demo or interface artwork; not Vista company content.",assets/img/hero/hero_bg_1_1.jpg; assets/img/hero/hero_bg_1_2.jpg; assets/img/hero/hero_bg_1_3.jpg; assets/img/hero/hero_bg_5_1.png; assets/img/hero/hero_bg_5_4.png
public_html/assets/img/hero/hero_bg_5_4.png,png,14438,1920,820,,69a90718aa83f1b9cd17ed341cd379e6030f91cf1f91295ff32a57a7db63cf86,NO,"Legacy template, admin or interface asset",Not rendered in the redesigned public site,INTENTIONALLY_EXCLUDED,Not required,Not applicable,"Administrative, plugin, theme-demo or interface artwork; not Vista company content.",assets/img/hero/hero_bg_1_1.jpg; assets/img/hero/hero_bg_1_2.jpg; assets/img/hero/hero_bg_1_3.jpg; assets/img/hero/hero_bg_5_1.png; assets/img/hero/hero_bg_5_3.png
public_html/assets/img/hero/hero_bg_6_1.jpg,jpg,11520,1820,840,,6e753c24bcd4da1ddbe8f5288785730338993366d7e0b5a953147f94fe01e801,NO,"Legacy template, admin or interface asset",Not rendered in the redesigned public site,INTENTIONALLY_EXCLUDED,Not required,Not applicable,"Administrative, plugin, theme-demo or interface artwork; not Vista company content.",assets/img/hero/hero_bg_2_1.jpg; assets/img/hero/hero_bg_2_2.jpg; assets/img/hero/hero_bg_2_3.jpg; assets/img/hero/hero_bg_6_2.jpg
public_html/assets/img/hero/hero_bg_6_2.jpg,jpg,11520,1820,840,,6e753c24bcd4da1ddbe8f5288785730338993366d7e0b5a953147f94fe01e801,NO,"Legacy template, admin or interface asset",Not rendered in the redesigned public site,INTENTIONALLY_EXCLUDED,Not required,Not applicable,"Administrative, plugin, theme-demo or interface artwork; not Vista company content.",assets/img/hero/hero_bg_2_1.jpg; assets/img/hero/hero_bg_2_2.jpg; assets/img/hero/hero_bg_2_3.jpg; assets/img/hero/hero_bg_6_1.jpg
public_html/assets/img/hero/hero_bg_6_3.jpg,jpg,12137,1825,840,,57d6d695060fc432b75637ae437afea72c761d1afa3e5292b45bb186383bba60,NO,"Legacy template, admin or interface asset",Not rendered in the redesigned public site,INTENTIONALLY_EXCLUDED,Not required,Not applicable,"Administrative, plugin, theme-demo or interface artwork; not Vista company content.",
public_html/assets/img/icon/about-icon-1.svg,svg,10638,50,50,,a2af1e6a16ad1e7e37ae96c6f9dedd0019d82eb9c21f4edfa48b0aa4f258a56e,NO,"Legacy template, admin or interface asset",Not rendered in the redesigned public site,INTENTIONALLY_EXCLUDED,Not required,Not applicable,"Administrative, plugin, theme-demo or interface artwork; not Vista company content.",
public_html/assets/img/icon/about-icon-2.svg,svg,5410,50,50,,d2fb3cb12cfae6cc780565486e409204e19ae9eb4f3f124eed5d9d1fdd085c31,NO,"Legacy template, admin or interface asset",Not rendered in the redesigned public site,INTENTIONALLY_EXCLUDED,Not required,Not applicable,"Administrative, plugin, theme-demo or interface artwork; not Vista company content.",
public_html/assets/img/icon/about-icon-3-1.svg,svg,7014,40,40,,c7a84d5eea292fc4bfe3ca73883a86805e15aade7e2df650e224b130a343cbeb,NO,"Legacy template, admin or interface asset",Not rendered in the redesigned public site,INTENTIONALLY_EXCLUDED,Not required,Not applicable,"Administrative, plugin, theme-demo or interface artwork; not Vista company content.",
public_html/assets/img/icon/about-icon-3-2.svg,svg,4764,40,40,,d167a901303151cf99b66dc95c0e08dcc87f9720ae62033477e0d306769b4c6f,NO,"Legacy template, admin or interface asset",Not rendered in the redesigned public site,INTENTIONALLY_EXCLUDED,Not required,Not applicable,"Administrative, plugin, theme-demo or interface artwork; not Vista company content.",
public_html/assets/img/icon/contact-bg-arrow.svg,svg,2007,125,109,,d4b64e2ee60bf59be555b4b7ffebf96a2a65810fc33c56acbaf4bc90efd78a62,NO,"Legacy template, admin or interface asset",Not rendered in the redesigned public site,INTENTIONALLY_EXCLUDED,Not required,Not applicable,"Administrative, plugin, theme-demo or interface artwork; not Vista company content.",
public_html/assets/img/icon/counter-icon-1.svg,svg,11847,60,58,,b05ef7293cbbf1cd2f030282a76c0288165932aa140e75c56bac76d3a036afbc,NO,"Legacy template, admin or interface asset",Not rendered in the redesigned public site,INTENTIONALLY_EXCLUDED,Not required,Not applicable,"Administrative, plugin, theme-demo or interface artwork; not Vista company content.",
public_html/assets/img/icon/counter-icon-2-1.svg,svg,3812,50,50,,fe4c73f005e084b06281e4aeb2985e081cd4c740da1a7f8411a291ab3bc0adae,NO,"Legacy template, admin or interface asset",Not rendered in the redesigned public site,INTENTIONALLY_EXCLUDED,Not required,Not applicable,"Administrative, plugin, theme-demo or interface artwork; not Vista company content.",
public_html/assets/img/icon/counter-icon-2-2.svg,svg,7720,50,50,,a60c2d2dbea3a1a96e9e02bfc7b41c48ffa097c3a6e1bab43f5f6233abf57b1c,NO,"Legacy template, admin or interface asset",Not rendered in the redesigned public site,INTENTIONALLY_EXCLUDED,Not required,Not applicable,"Administrative, plugin, theme-demo or interface artwork; not Vista company content.",
public_html/assets/img/icon/counter-icon-2-3.svg,svg,11712,50,50,,597f0036fc6100be4305f4646c6d426b9d2890b742b5747e7e63d6fc78e0614f,NO,"Legacy template, admin or interface asset",Not rendered in the redesigned public site,INTENTIONALLY_EXCLUDED,Not required,Not applicable,"Administrative, plugin, theme-demo or interface artwork; not Vista company content.",
public_html/assets/img/icon/counter-icon-2-4.svg,svg,7372,50,50,,66075e8976b1514ea999c41dff735544e3a94f14ef544b1f303b94cce0308fa2,NO,"Legacy template, admin or interface asset",Not rendered in the redesigned public site,INTENTIONALLY_EXCLUDED,Not required,Not applicable,"Administrative, plugin, theme-demo or interface artwork; not Vista company content.",
public_html/assets/img/icon/counter-icon-2.svg,svg,7719,50,50,,5e77a4e0281b6e7d91012ecfacf379871ec7c5996deb4e00bff554fe74087968,NO,"Legacy template, admin or interface asset",Not rendered in the redesigned public site,INTENTIONALLY_EXCLUDED,Not required,Not applicable,"Administrative, plugin, theme-demo or interface artwork; not Vista company content.",
public_html/assets/img/icon/counter-icon-3-1.svg,svg,11849,60,58,,7969573ca650993bafc334cf431f7fd5156e7e11d5c6d01a68ef80e70e4644f7,NO,"Legacy template, admin or interface asset",Not rendered in the redesigned public site,INTENTIONALLY_EXCLUDED,Not required,Not applicable,"Administrative, plugin, theme-demo or interface artwork; not Vista company content.",
public_html/assets/img/icon/counter-icon-3-2.svg,svg,7730,60,60,,f8a9383a9d207185bdd533ae45a92b470b82043bc63c574ad954473988ba2b7a,NO,"Legacy template, admin or interface asset",Not rendered in the redesigned public site,INTENTIONALLY_EXCLUDED,Not required,Not applicable,"Administrative, plugin, theme-demo or interface artwork; not Vista company content.",
public_html/assets/img/icon/counter-icon-3-3.svg,svg,11697,60,60,,c48690e39d9b1b027767f6aa24dad5c4efbb2bcb4bcf602f9d2ac45a3c51b946,NO,"Legacy template, admin or interface asset",Not rendered in the redesigned public site,INTENTIONALLY_EXCLUDED,Not required,Not applicable,"Administrative, plugin, theme-demo or interface artwork; not Vista company content.",
public_html/assets/img/icon/counter-icon-3-4.svg,svg,10189,60,60,,f114772bfabc58f9491dcd0626ba0fbdff0b8614c3436d65940be74b520577ff,NO,"Legacy template, admin or interface asset",Not rendered in the redesigned public site,INTENTIONALLY_EXCLUDED,Not required,Not applicable,"Administrative, plugin, theme-demo or interface artwork; not Vista company content.",
public_html/assets/img/icon/counter-icon-3.svg,svg,11709,50,50,,c181880a9fcf13f7eff63b2cfb484bae219e03a2721b257f236f3a680525c4b8,NO,"Legacy template, admin or interface asset",Not rendered in the redesigned public site,INTENTIONALLY_EXCLUDED,Not required,Not applicable,"Administrative, plugin, theme-demo or interface artwork; not Vista company content.",
public_html/assets/img/icon/counter-icon-4.svg,svg,7370,50,50,,919c2e34caccf956d79456ce3a014d985535d7285259c697cb801762bd486949,NO,"Legacy template, admin or interface asset",Not rendered in the redesigned public site,INTENTIONALLY_EXCLUDED,Not required,Not applicable,"Administrative, plugin, theme-demo or interface artwork; not Vista company content.",
public_html/assets/img/icon/counter-icon-5-1.svg,svg,11847,60,58,,b68654b1de4fd91e568d9d1267116d1eb79fbfdc79074d893ab1c44a6aab9ca2,NO,"Legacy template, admin or interface asset",Not rendered in the redesigned public site,INTENTIONALLY_EXCLUDED,Not required,Not applicable,"Administrative, plugin, theme-demo or interface artwork; not Vista company content.",
public_html/assets/img/icon/counter-icon-5-2.svg,svg,7373,60,60,,fc7644779627fb8faeb0cd132b6132b0f82e23bcaf8a376d73a66c11c64647a3,NO,"Legacy template, admin or interface asset",Not rendered in the redesigned public site,INTENTIONALLY_EXCLUDED,Not required,Not applicable,"Administrative, plugin, theme-demo or interface artwork; not Vista company content.",
public_html/assets/img/icon/country-flag.svg,svg,2380,30,30,,14d3091e52eb8ef0c45df9c01a4aba37db7c0b95bf213e68f35fefb0f015a05d,NO,"Legacy template, admin or interface asset",Not rendered in the redesigned public site,INTENTIONALLY_EXCLUDED,Not required,Not applicable,"Administrative, plugin, theme-demo or interface artwork; not Vista company content.",
public_html/assets/img/icon/cta-icon-1.svg,svg,4133,40,40,,2cc52bceff3948749b528ac2cbedaaf2f6172f9c81783c1bf685aadf99542676,NO,"Legacy template, admin or interface asset",Not rendered in the redesigned public site,INTENTIONALLY_EXCLUDED,Not required,Not applicable,"Administrative, plugin, theme-demo or interface artwork; not Vista company content.",
public_html/assets/img/icon/email-envelope.svg,svg,2530,25,25,,046977637218705c279a75af09f2c8f534bde8e78e2760d7013f267aa884892f,NO,"Legacy template, admin or interface asset",Not rendered in the redesigned public site,INTENTIONALLY_EXCLUDED,Not required,Not applicable,"Administrative, plugin, theme-demo or interface artwork; not Vista company content.",
public_html/assets/img/icon/map-marker.svg,svg,1659,25,25,,34f2b4ae45cd1b4f58837832ab07e9c7359d8896ea011f65e0cd1eb80a9aea97,NO,"Legacy template, admin or interface asset",Not rendered in the redesigned public site,INTENTIONALLY_EXCLUDED,Not required,Not applicable,"Administrative, plugin, theme-demo or interface artwork; not Vista company content.",
public_html/assets/img/icon/phone-contact.svg,svg,3196,25,25,,52a1d35f221f437b6fb7a27bbcc2ef2b88f8c4864d107c58225f76b354309fdb,NO,"Legacy template, admin or interface asset",Not rendered in the redesigned public site,INTENTIONALLY_EXCLUDED,Not required,Not applicable,"Administrative, plugin, theme-demo or interface artwork; not Vista company content.",
public_html/assets/img/icon/process-arrow.svg,svg,363,12,65,,fe38b1c3d0d43786c170bc88efec58db5b4db7660e21ebb878097f4049b3097b,NO,"Legacy template, admin or interface asset",Not rendered in the redesigned public site,INTENTIONALLY_EXCLUDED,Not required,Not applicable,"Administrative, plugin, theme-demo or interface artwork; not Vista company content.",
public_html/assets/img/icon/process-icon-1.svg,svg,7357,50,50,,ab626c16fc6013afe7636d459bf9fa7d5222bfd750bb3e64006b3adc5936de6b,NO,"Legacy template, admin or interface asset",Not rendered in the redesigned public site,INTENTIONALLY_EXCLUDED,Not required,Not applicable,"Administrative, plugin, theme-demo or interface artwork; not Vista company content.",
public_html/assets/img/icon/process-icon-2.svg,svg,7037,50,50,,1f6dbf561cdd7da37b69101becb813857d6decbe09045318ec2a57fe1f9f3894,NO,"Legacy template, admin or interface asset",Not rendered in the redesigned public site,INTENTIONALLY_EXCLUDED,Not required,Not applicable,"Administrative, plugin, theme-demo or interface artwork; not Vista company content.",
public_html/assets/img/icon/process-icon-3.svg,svg,3561,50,50,,c888d3b63efdecebf833900caeb1e7ea6da481e467cd3f617692d470e3a8beae,NO,"Legacy template, admin or interface asset",Not rendered in the redesigned public site,INTENTIONALLY_EXCLUDED,Not required,Not applicable,"Administrative, plugin, theme-demo or interface artwork; not Vista company content.",
public_html/assets/img/icon/quote2.svg,svg,1142,70,55,,d5efb8bb0d6e7a091601d8214ec430adb1f7a6a231bff4830b1c2e6e1b89112a,NO,"Legacy template, admin or interface asset",Not rendered in the redesigned public site,INTENTIONALLY_EXCLUDED,Not required,Not applicable,"Administrative, plugin, theme-demo or interface artwork; not Vista company content.",
public_html/assets/img/icon/quote_left.svg,svg,5330,50,38,,5fa09cee27fef51f9128a8a5d8b62405c673294f52698a4a6d521b6a0c79ef4a,NO,"Legacy template, admin or interface asset",Not rendered in the redesigned public site,INTENTIONALLY_EXCLUDED,Not required,Not applicable,"Administrative, plugin, theme-demo or interface artwork; not Vista company content.",
public_html/assets/img/icon/service_icon_1_1.svg,svg,5528,50,50,,8c7834a35c9d15975d72426c5c6280ad49d0969cd4414dffb2983f54649cf100,NO,"Legacy template, admin or interface asset",Not rendered in the redesigned public site,INTENTIONALLY_EXCLUDED,Not required,Not applicable,"Administrative, plugin, theme-demo or interface artwork; not Vista company content.",
public_html/assets/img/icon/service_icon_1_2.svg,svg,6150,51,51,,bce79cdea416cb64dd18e547ea1a55fcae81e24d24f1c53a17576bcbfa67eb38,NO,"Legacy template, admin or interface asset",Not rendered in the redesigned public site,INTENTIONALLY_EXCLUDED,Not required,Not applicable,"Administrative, plugin, theme-demo or interface artwork; not Vista company content.",
public_html/assets/img/icon/service_icon_1_3.svg,svg,3705,50,49,,8cd7ac76d3f9c28f2e94cce75042eca1b135971931e1283499c400643a7a4650,NO,"Legacy template, admin or interface asset",Not rendered in the redesigned public site,INTENTIONALLY_EXCLUDED,Not required,Not applicable,"Administrative, plugin, theme-demo or interface artwork; not Vista company content.",
public_html/assets/img/icon/service_icon_1_4.svg,svg,6182,50,50,,31f7fadeeda9b64041185be22a86193bdc5044f1d6f3e8e852d4cd985da532f0,NO,"Legacy template, admin or interface asset",Not rendered in the redesigned public site,INTENTIONALLY_EXCLUDED,Not required,Not applicable,"Administrative, plugin, theme-demo or interface artwork; not Vista company content.",
public_html/assets/img/icon/service_icon_1_5.svg,svg,3943,50,50,,97aa021c5199281a85fe601f95ddfad4e92159941aa5336172b49063bc99464a,NO,"Legacy template, admin or interface asset",Not rendered in the redesigned public site,INTENTIONALLY_EXCLUDED,Not required,Not applicable,"Administrative, plugin, theme-demo or interface artwork; not Vista company content.",
public_html/assets/img/icon/service_icon_1_6.svg,svg,6816,51,47,,c0d49741cb9de47a2b6de80030e45a58f4d4037a23eab91a7370acf3ba456b6e,NO,"Legacy template, admin or interface asset",Not rendered in the redesigned public site,INTENTIONALLY_EXCLUDED,Not required,Not applicable,"Administrative, plugin, theme-demo or interface artwork; not Vista company content.",
public_html/assets/img/icon/service_icon_2_1.svg,svg,1571,50,50,,cbeec31ddf507f2be64be717a7558cbfdd022008c48bed298a897e80ddacd1c0,NO,"Legacy template, admin or interface asset",Not rendered in the redesigned public site,INTENTIONALLY_EXCLUDED,Not required,Not applicable,"Administrative, plugin, theme-demo or interface artwork; not Vista company content.",
public_html/assets/img/icon/service_icon_2_2.svg,svg,7752,50,50,,a0d13383673c0a99bce22dc5192f94c440e2ae01644f412ad68aa36851861aae,NO,"Legacy template, admin or interface asset",Not rendered in the redesigned public site,INTENTIONALLY_EXCLUDED,Not required,Not applicable,"Administrative, plugin, theme-demo or interface artwork; not Vista company content.",
public_html/assets/img/icon/service_icon_2_3.svg,svg,6146,50,50,,d0501c3a1f5bd49e423d2c73a6074405487aaeb1a245d82cbf5d0dcb84b56d14,NO,"Legacy template, admin or interface asset",Not rendered in the redesigned public site,INTENTIONALLY_EXCLUDED,Not required,Not applicable,"Administrative, plugin, theme-demo or interface artwork; not Vista company content.",
public_html/assets/img/icon/service_icon_2_4.svg,svg,3939,50,50,,6b67faab7fe3e054c1aadfdcb7f91993783858ad81f224a7897dbaa834d1be44,NO,"Legacy template, admin or interface asset",Not rendered in the redesigned public site,INTENTIONALLY_EXCLUDED,Not required,Not applicable,"Administrative, plugin, theme-demo or interface artwork; not Vista company content.",
public_html/assets/img/icon/service_icon_3_1.svg,svg,3082,50,50,,d316ff7f639b26d3838d5f407bb069bdfc46e38af199676cd3a547b36a39736d,NO,"Legacy template, admin or interface asset",Not rendered in the redesigned public site,INTENTIONALLY_EXCLUDED,Not required,Not applicable,"Administrative, plugin, theme-demo or interface artwork; not Vista company content.",
public_html/assets/img/icon/service_icon_3_2.svg,svg,9693,50,50,,a7f7cda8d3326c61aaa32b1b7264c3e2fef6d06896db063b488ba1974dc03272,NO,"Legacy template, admin or interface asset",Not rendered in the redesigned public site,INTENTIONALLY_EXCLUDED,Not required,Not applicable,"Administrative, plugin, theme-demo or interface artwork; not Vista company content.",
public_html/assets/img/icon/service_icon_3_3.svg,svg,4641,50,50,,54aefda044019ed7b79b86077e23eb074b9099bf4feb3c0d8dac88480af5ade7,NO,"Legacy template, admin or interface asset",Not rendered in the redesigned public site,INTENTIONALLY_EXCLUDED,Not required,Not applicable,"Administrative, plugin, theme-demo or interface artwork; not Vista company content.",
public_html/assets/img/icon/service_icon_3_4.svg,svg,3848,50,50,,2f7b027cbf96d78294eb32b7cb2a4be1d6e0e72ba5ede4531e0fd4f5f8f81cca,NO,"Legacy template, admin or interface asset",Not rendered in the redesigned public site,INTENTIONALLY_EXCLUDED,Not required,Not applicable,"Administrative, plugin, theme-demo or interface artwork; not Vista company content.",
public_html/assets/img/icon/service_icon_3_5.svg,svg,8276,50,50,,6fd4250e31df43ce4c053e26522a8954d23f829925dcdac83527b243c5f99f1b,NO,"Legacy template, admin or interface asset",Not rendered in the redesigned public site,INTENTIONALLY_EXCLUDED,Not required,Not applicable,"Administrative, plugin, theme-demo or interface artwork; not Vista company content.",
public_html/assets/img/icon/service_icon_4_1.svg,svg,6198,70,70,,1c2cc63301e96ffa1107b311a317575acdbef6ed3d16ff2938e53691609f5e08,NO,"Legacy template, admin or interface asset",Not rendered in the redesigned public site,INTENTIONALLY_EXCLUDED,Not required,Not applicable,"Administrative, plugin, theme-demo or interface artwork; not Vista company content.",
public_html/assets/img/icon/service_icon_4_2.svg,svg,5364,70,70,,f3cea6b73616e2aef36ef417f9fc030ee809b067c9372c938539e7dc7ef4b21b,NO,"Legacy template, admin or interface asset",Not rendered in the redesigned public site,INTENTIONALLY_EXCLUDED,Not required,Not applicable,"Administrative, plugin, theme-demo or interface artwork; not Vista company content.",
public_html/assets/img/icon/service_icon_4_3.svg,svg,6234,75,75,,794777ce36e52b04dfceb315894503efecf3edf1e1dd9a720c17dc1459ac7eba,NO,"Legacy template, admin or interface asset",Not rendered in the redesigned public site,INTENTIONALLY_EXCLUDED,Not required,Not applicable,"Administrative, plugin, theme-demo or interface artwork; not Vista company content.",
public_html/assets/img/icon/service_icon_4_4.svg,svg,4708,70,70,,4d7944bb3166d0e228101a669e57f8118f3484ac5fdee3012fa7740f88d5b9f3,NO,"Legacy template, admin or interface asset",Not rendered in the redesigned public site,INTENTIONALLY_EXCLUDED,Not required,Not applicable,"Administrative, plugin, theme-demo or interface artwork; not Vista company content.",
public_html/assets/img/icon/service_icon_4_5.svg,svg,5144,100,100,,3b27edbe0c81ff0cb1845833f6c15dd23f829a265651a3a5b8e1b43b68a0e543,NO,"Legacy template, admin or interface asset",Not rendered in the redesigned public site,INTENTIONALLY_EXCLUDED,Not required,Not applicable,"Administrative, plugin, theme-demo or interface artwork; not Vista company content.",
public_html/assets/img/icon/service_icon_5_1.svg,svg,11843,70,70,,e112738adfc692b42d4abea799502519261a38a07411a2ebdced221d5850238d,NO,"Legacy template, admin or interface asset",Not rendered in the redesigned public site,INTENTIONALLY_EXCLUDED,Not required,Not applicable,"Administrative, plugin, theme-demo or interface artwork; not Vista company content.",
public_html/assets/img/icon/service_icon_5_2.svg,svg,3973,70,70,,ef4d90c046ffbbbc6dbf5a66d03ed38f1f1bdecf6180cda08cd60761e52408b1,NO,"Legacy template, admin or interface asset",Not rendered in the redesigned public site,INTENTIONALLY_EXCLUDED,Not required,Not applicable,"Administrative, plugin, theme-demo or interface artwork; not Vista company content.",
public_html/assets/img/icon/service_icon_5_3.svg,svg,4930,70,70,,52f70a5e2e10b89bc2d95bbf4b6b0ebb86e85085908854abbf0d8105ac0161b9,NO,"Legacy template, admin or interface asset",Not rendered in the redesigned public site,INTENTIONALLY_EXCLUDED,Not required,Not applicable,"Administrative, plugin, theme-demo or interface artwork; not Vista company content.",
public_html/assets/img/icon/service_icon_5_4.svg,svg,4785,70,70,,21a4aa3740d421535ec20f25c3dde7746c04202360de60b9e1fea2ebc89bb698,NO,"Legacy template, admin or interface asset",Not rendered in the redesigned public site,INTENTIONALLY_EXCLUDED,Not required,Not applicable,"Administrative, plugin, theme-demo or interface artwork; not Vista company content.",
public_html/assets/img/icon/service_icon_6_1.svg,svg,1567,50,50,,160666514dae93458014d0c5f6f345243c540964b9b3d3ffa55e994b2ae94c4d,NO,"Legacy template, admin or interface asset",Not rendered in the redesigned public site,INTENTIONALLY_EXCLUDED,Not required,Not applicable,"Administrative, plugin, theme-demo or interface artwork; not Vista company content.",
public_html/assets/img/icon/service_icon_6_2.svg,svg,5364,50,50,,aa8ea31c7b827c96d8c5a96f5c17159110271ffe0f3922b00f389a32471a44cd,NO,"Legacy template, admin or interface asset",Not rendered in the redesigned public site,INTENTIONALLY_EXCLUDED,Not required,Not applicable,"Administrative, plugin, theme-demo or interface artwork; not Vista company content.",
public_html/assets/img/icon/service_icon_6_3.svg,svg,6148,50,50,,095112a6374e71b1181416389ef913a2387c27eee0fb44baa3974deb016a0f93,NO,"Legacy template, admin or interface asset",Not rendered in the redesigned public site,INTENTIONALLY_EXCLUDED,Not required,Not applicable,"Administrative, plugin, theme-demo or interface artwork; not Vista company content.",
public_html/assets/img/icon/service_icon_6_4.svg,svg,4724,50,50,,4c0a396ba359cde66f5c369f5c2a8ad9fb2490d783ab8a54cd7256e955d8a5e8,NO,"Legacy template, admin or interface asset",Not rendered in the redesigned public site,INTENTIONALLY_EXCLUDED,Not required,Not applicable,"Administrative, plugin, theme-demo or interface artwork; not Vista company content.",
public_html/assets/img/icon/service_icon_6_5.svg,svg,3931,50,50,,0a1de1809f4dac4e7b846b759d6c50100fae7bb1e31b699c5bcb1a700d1415b8,NO,"Legacy template, admin or interface asset",Not rendered in the redesigned public site,INTENTIONALLY_EXCLUDED,Not required,Not applicable,"Administrative, plugin, theme-demo or interface artwork; not Vista company content.",
public_html/assets/img/icon/service_icon_about_1.svg,svg,11855,50,50,,7049c756c2ec661dcaba8bb059c9b972eeddfec00e1fbe1bcb76794cef0fa00d,NO,"Legacy template, admin or interface asset",Not rendered in the redesigned public site,INTENTIONALLY_EXCLUDED,Not required,Not applicable,"Administrative, plugin, theme-demo or interface artwork; not Vista company content.",
public_html/assets/img/icon/service_icon_about_2.svg,svg,4006,50,50,,4f8170c0df2d80c89666f3eaebbacd7aa1be641713a9a0d8ea103514ea636c3c,NO,"Legacy template, admin or interface asset",Not rendered in the redesigned public site,INTENTIONALLY_EXCLUDED,Not required,Not applicable,"Administrative, plugin, theme-demo or interface artwork; not Vista company content.",
public_html/assets/img/icon/service_icon_about_3.svg,svg,5093,50,50,,2e2a5a2dc5b02c755ff620e8041de026b3cc383580836e222f39210b0c37e73a,NO,"Legacy template, admin or interface asset",Not rendered in the redesigned public site,INTENTIONALLY_EXCLUDED,Not required,Not applicable,"Administrative, plugin, theme-demo or interface artwork; not Vista company content.",
public_html/assets/img/icon/service_icon_bg.svg,svg,11247,140,69,,ce9a23c23351a56d62782986066f4630596a29789c8cfda03e74cd4062b6009a,NO,"Legacy template, admin or interface asset",Not rendered in the redesigned public site,INTENTIONALLY_EXCLUDED,Not required,Not applicable,"Administrative, plugin, theme-demo or interface artwork; not Vista company content.",
public_html/assets/img/icon/service_icon_bg_2.svg,svg,11193,140,69,,c27a68ae836e9b083b5a02b686b608b97427fd5575b5c3487f3c069acaf88129,NO,"Legacy template, admin or interface asset",Not rendered in the redesigned public site,INTENTIONALLY_EXCLUDED,Not required,Not applicable,"Administrative, plugin, theme-demo or interface artwork; not Vista company content.",
public_html/assets/img/icon/video-arrow.svg,svg,1998,44,64,,09d13dbb9dbcb6abf2be6e501a3db3341a5cc68d04a243a8027d9dc3f8148102,NO,"Legacy template, admin or interface asset",Not rendered in the redesigned public site,INTENTIONALLY_EXCLUDED,Not required,Not applicable,"Administrative, plugin, theme-demo or interface artwork; not Vista company content.",
public_html/assets/img/icon/wcu-icon-1.svg,svg,2562,45,45,,acd52f043778c16eb04ec3f5cb6f5ddb7c0910de82edf42b8294a4b3639e70a7,NO,"Legacy template, admin or interface asset",Not rendered in the redesigned public site,INTENTIONALLY_EXCLUDED,Not required,Not applicable,"Administrative, plugin, theme-demo or interface artwork; not Vista company content.",
public_html/assets/img/icon/wcu-icon-2-1.svg,svg,3986,60,60,,703b22c7eeb154ad64036cbf52d31ad49859adf028e02db26d16a618da4ad6d6,NO,"Legacy template, admin or interface asset",Not rendered in the redesigned public site,INTENTIONALLY_EXCLUDED,Not required,Not applicable,"Administrative, plugin, theme-demo or interface artwork; not Vista company content.",
public_html/assets/img/icon/wcu-icon-2-2.svg,svg,7044,60,60,,d9ca6af782d1f82dad4659121f9c9cab367fb12b09abea43d8e3b1f27cbae91b,NO,"Legacy template, admin or interface asset",Not rendered in the redesigned public site,INTENTIONALLY_EXCLUDED,Not required,Not applicable,"Administrative, plugin, theme-demo or interface artwork; not Vista company content.",
public_html/assets/img/icon/wcu-icon-2-3.svg,svg,4042,60,60,,61d82cd5d6c4a73b2d571da777ce99ca66ce74d4140c04a2a1bec99e1d563a6f,NO,"Legacy template, admin or interface asset",Not rendered in the redesigned public site,INTENTIONALLY_EXCLUDED,Not required,Not applicable,"Administrative, plugin, theme-demo or interface artwork; not Vista company content.",
public_html/assets/img/icon/wcu-icon-2.svg,svg,4093,45,45,,16e15ab11d0b4fb89f3a8efd96b437dc376e6f5f45db88d4d4aef770e4a4953c,NO,"Legacy template, admin or interface asset",Not rendered in the redesigned public site,INTENTIONALLY_EXCLUDED,Not required,Not applicable,"Administrative, plugin, theme-demo or interface artwork; not Vista company content.",
public_html/assets/img/icon/wcu-icon-3-1.svg,svg,11840,60,60,,3dd4897176492a3c973b0b9cf9129edfb082ffc8564b78a3fa1f6eb8a772f10b,NO,"Legacy template, admin or interface asset",Not rendered in the redesigned public site,INTENTIONALLY_EXCLUDED,Not required,Not applicable,"Administrative, plugin, theme-demo or interface artwork; not Vista company content.",
public_html/assets/img/icon/wcu-icon-3.svg,svg,18687,50,50,,994603e5e8574d8e9333230edd23b11a0a65be07bf1c995c2ac51e6174b4ab26,NO,"Legacy template, admin or interface asset",Not rendered in the redesigned public site,INTENTIONALLY_EXCLUDED,Not required,Not applicable,"Administrative, plugin, theme-demo or interface artwork; not Vista company content.",
public_html/assets/img/icon/wcu-icon-4.svg,svg,9450,50,50,,f3cb67496c1991c5ae449b20c7349731f8321b272d6e7878f6a3dba14e443580,NO,"Legacy template, admin or interface asset",Not rendered in the redesigned public site,INTENTIONALLY_EXCLUDED,Not required,Not applicable,"Administrative, plugin, theme-demo or interface artwork; not Vista company content.",
public_html/assets/img/logo-2.png,png,22290,265,67,,4965caa46c4dcf10ccb5d27caa8a8866a33c94020d1d4319c9628693116b2e4e,NO,"Legacy template, admin or interface asset",Not rendered in the redesigned public site,INTENTIONALLY_EXCLUDED,Not required,Not applicable,"Administrative, plugin, theme-demo or interface artwork; not Vista company content.",assets/img/logo.png; Eski/images/logo.png
public_html/assets/img/logo-2.svg,svg,9679,187,40,,17d6e563778ca1b3002b9a1ccab19e7762a9eba6e2196538517c46a515faad68,NO,"Legacy template, admin or interface asset",Not rendered in the redesigned public site,INTENTIONALLY_EXCLUDED,Not required,Not applicable,"Administrative, plugin, theme-demo or interface artwork; not Vista company content.",
public_html/assets/img/logo-3.png,png,9645,265,67,,6fab4d4c32b3e7cb40af373a3e182f7e03f418d36180e4a9d051e25ff2c44688,NO,"Legacy template, admin or interface asset",Not rendered in the redesigned public site,INTENTIONALLY_EXCLUDED,Not required,Not applicable,"Administrative, plugin, theme-demo or interface artwork; not Vista company content.",
public_html/assets/img/logo-white.svg,svg,9672,187,40,,902be07dbd172de0e506e1b01d8fc3334661a191399dfdacf936d088d98d5992,NO,"Legacy template, admin or interface asset",Not rendered in the redesigned public site,INTENTIONALLY_EXCLUDED,Not required,Not applicable,"Administrative, plugin, theme-demo or interface artwork; not Vista company content.",
public_html/assets/img/logo.png,png,22290,265,67,,4965caa46c4dcf10ccb5d27caa8a8866a33c94020d1d4319c9628693116b2e4e,NO,"Legacy template, admin or interface asset",Not rendered in the redesigned public site,INTENTIONALLY_EXCLUDED,Not required,Not applicable,"Administrative, plugin, theme-demo or interface artwork; not Vista company content.",assets/img/logo-2.png; Eski/images/logo.png
public_html/assets/img/logo.svg,svg,9682,187,40,,272a2434b62c1d3915b8652bdd2c9db176f6a7873c68d2e1968948c784915644,NO,"Legacy template, admin or interface asset",Not rendered in the redesigned public site,INTENTIONALLY_EXCLUDED,Not required,Not applicable,"Administrative, plugin, theme-demo or interface artwork; not Vista company content.",
public_html/assets/img/normal/about_1.png,png,2352,450,550,,879918ef8c5a7026599ccc0982479fe5a66b5e0c927b2d146a77c0822deb3dc7,NO,"Legacy template, admin or interface asset",Not rendered in the redesigned public site,INTENTIONALLY_EXCLUDED,Not required,Not applicable,"Administrative, plugin, theme-demo or interface artwork; not Vista company content.",
public_html/assets/img/normal/about_2-1.png,png,1902,400,500,,7dc9a1771cb3ba9e034cfe4b70adc7ba9c4059a07726b5190ae2783f8189ca88,NO,"Legacy template, admin or interface asset",Not rendered in the redesigned public site,INTENTIONALLY_EXCLUDED,Not required,Not applicable,"Administrative, plugin, theme-demo or interface artwork; not Vista company content.",
public_html/assets/img/normal/about_2-2.png,png,1908,400,310,,8d75ce8df3b2ac0b30eb1a85147bbd91be978ed9900df6f495185123b245e2ad,NO,"Legacy template, admin or interface asset",Not rendered in the redesigned public site,INTENTIONALLY_EXCLUDED,Not required,Not applicable,"Administrative, plugin, theme-demo or interface artwork; not Vista company content.",
public_html/assets/img/normal/about_2-bg-shape.png,png,55244,484,484,,b08d01f7ff4ead13dc2588657ceec123b67c10a80f3c0a8c31ea53914e903822,NO,"Legacy template, admin or interface asset",Not rendered in the redesigned public site,INTENTIONALLY_EXCLUDED,Not required,Not applicable,"Administrative, plugin, theme-demo or interface artwork; not Vista company content.",
public_html/assets/img/normal/about_2.png,png,1655,350,400,,046ba997e5789ba4d2e82fb7988297d207e2747faaeb9739652786f682dd4d2f,NO,"Legacy template, admin or interface asset",Not rendered in the redesigned public site,INTENTIONALLY_EXCLUDED,Not required,Not applicable,"Administrative, plugin, theme-demo or interface artwork; not Vista company content.",
public_html/assets/img/normal/about_3-1.png,png,1959,400,420,,b8d411dd00fd01665b640c26a8779adf03e4043bb12b35f395cd282ea58b910c,NO,"Legacy template, admin or interface asset",Not rendered in the redesigned public site,INTENTIONALLY_EXCLUDED,Not required,Not applicable,"Administrative, plugin, theme-demo or interface artwork; not Vista company content.",
public_html/assets/img/normal/about_3-2.png,png,2028,400,408,,b946080405899d83e5be6a68330d434a07653342ab3e42cbf1b278d3ea80e2d0,NO,"Legacy template, admin or interface asset",Not rendered in the redesigned public site,INTENTIONALLY_EXCLUDED,Not required,Not applicable,"Administrative, plugin, theme-demo or interface artwork; not Vista company content.",
public_html/assets/img/normal/about_3-3.png,png,950,220,188,,0aeb5b5cbe0b820a43ccedf01d0a1f263452ea153267a3cefb645721172b71c1,NO,"Legacy template, admin or interface asset",Not rendered in the redesigned public site,INTENTIONALLY_EXCLUDED,Not required,Not applicable,"Administrative, plugin, theme-demo or interface artwork; not Vista company content.",
public_html/assets/img/normal/about_3-4.png,png,2125,380,450,,fb1007278ab0081b2f06beade05914c0c59dfc414a45e58851290980816db10e,NO,"Legacy template, admin or interface asset",Not rendered in the redesigned public site,INTENTIONALLY_EXCLUDED,Not required,Not applicable,"Administrative, plugin, theme-demo or interface artwork; not Vista company content.",
public_html/assets/img/normal/about_3-5.png,png,2217,420,319,,ffa6b72700555bf1f7879321c279bf5652cfd914b9922752c910c1704e72b0f0,NO,"Legacy template, admin or interface asset",Not rendered in the redesigned public site,INTENTIONALLY_EXCLUDED,Not required,Not applicable,"Administrative, plugin, theme-demo or interface artwork; not Vista company content.",
public_html/assets/img/normal/about_3-bg-shape1.png,png,65076,928,759,,b2db6e7b813bedb66ed7b321f0e10db43510b6d8ac006a05c19f34479b106682,NO,"Legacy template, admin or interface asset",Not rendered in the redesigned public site,INTENTIONALLY_EXCLUDED,Not required,Not applicable,"Administrative, plugin, theme-demo or interface artwork; not Vista company content.",
public_html/assets/img/normal/about_3-bg-shape2.png,png,82377,988,843,,9c979b8672fcdde7f5da46f7405ee0990a5a4347c31d10262b43490c67b7f1ad,NO,"Legacy template, admin or interface asset",Not rendered in the redesigned public site,INTENTIONALLY_EXCLUDED,Not required,Not applicable,"Administrative, plugin, theme-demo or interface artwork; not Vista company content.",
public_html/assets/img/normal/about_4-1.png,png,2374,501,570,,9f120d770c61064421cd698a78ddb8593c6cbe9a7138f5fe74be18908f83ffd0,NO,"Legacy template, admin or interface asset",Not rendered in the redesigned public site,INTENTIONALLY_EXCLUDED,Not required,Not applicable,"Administrative, plugin, theme-demo or interface artwork; not Vista company content.",
public_html/assets/img/normal/about_4-2.png,png,1757,350,407,,cd0fe6862c7f0be2ec7159d1c4a2d27aff41567e74c919a000c6a7371ee83611,NO,"Legacy template, admin or interface asset",Not rendered in the redesigned public site,INTENTIONALLY_EXCLUDED,Not required,Not applicable,"Administrative, plugin, theme-demo or interface artwork; not Vista company content.",
public_html/assets/img/normal/about_4-3.png,png,796,190,140,,e0044261de45171e7530f4ce8691df224d152412921d7da35a4356b7602389c1,NO,"Legacy template, admin or interface asset",Not rendered in the redesigned public site,INTENTIONALLY_EXCLUDED,Not required,Not applicable,"Administrative, plugin, theme-demo or interface artwork; not Vista company content.",
public_html/assets/img/normal/about_5-1.png,png,2367,440,518,,35ef1b37707b5f55bd6f71f6ff328e840d2606b8a83ffff79a61ce312fef72ed,NO,"Legacy template, admin or interface asset",Not rendered in the redesigned public site,INTENTIONALLY_EXCLUDED,Not required,Not applicable,"Administrative, plugin, theme-demo or interface artwork; not Vista company content.",
public_html/assets/img/normal/about_counter-bg3.png,png,12680,218,200,,5160df138faa3642509a13b574cb1dd58d2e54cbdcfe27c913b424b4f2ec0a4c,NO,"Legacy template, admin or interface asset",Not rendered in the redesigned public site,INTENTIONALLY_EXCLUDED,Not required,Not applicable,"Administrative, plugin, theme-demo or interface artwork; not Vista company content.",
public_html/assets/img/normal/about_profile.png,png,884,200,250,,8c871ab036bf37135f2255b84787d337ee0bd3d326fec8cb157e46d4c56e9d84,NO,"Legacy template, admin or interface asset",Not rendered in the redesigned public site,INTENTIONALLY_EXCLUDED,Not required,Not applicable,"Administrative, plugin, theme-demo or interface artwork; not Vista company content.",
public_html/assets/img/normal/appointment-author-sign.png,png,2868,172,80,,723a60c7811b9db9a5913746c3789194bec42d2e23ab2d225c19315cdfdc1dbc,NO,"Legacy template, admin or interface asset",Not rendered in the redesigned public site,INTENTIONALLY_EXCLUDED,Not required,Not applicable,"Administrative, plugin, theme-demo or interface artwork; not Vista company content.",
public_html/assets/img/normal/appointment-author.png,png,525,150,150,,815421f4ff7d7465f1cff8b20687745c3927cafc13fd7fc1aea5aaed805122cd,NO,"Legacy template, admin or interface asset",Not rendered in the redesigned public site,INTENTIONALLY_EXCLUDED,Not required,Not applicable,"Administrative, plugin, theme-demo or interface artwork; not Vista company content.",
public_html/assets/img/normal/appointment-form-thumb.png,png,6206,895,885,,034b4ee5feba9357763682d9ee291c25ab5baec6290b796b32629393479ddf7e,NO,"Legacy template, admin or interface asset",Not rendered in the redesigned public site,INTENTIONALLY_EXCLUDED,Not required,Not applicable,"Administrative, plugin, theme-demo or interface artwork; not Vista company content.",
public_html/assets/img/normal/appointment-video.png,png,7755,1290,500,,b90980a217726203c71c834d743f5a7bed5291db402eee96cb3ec5234876416c,NO,"Legacy template, admin or interface asset",Not rendered in the redesigned public site,INTENTIONALLY_EXCLUDED,Not required,Not applicable,"Administrative, plugin, theme-demo or interface artwork; not Vista company content.",
public_html/assets/img/normal/contact-2-thumb.png,png,5683,866,645,,d2b4f214b3723983b6fc9f6a419a2423ac90552126c75aeac3f3a282c57e0429,NO,"Legacy template, admin or interface asset",Not rendered in the redesigned public site,INTENTIONALLY_EXCLUDED,Not required,Not applicable,"Administrative, plugin, theme-demo or interface artwork; not Vista company content.",assets/img/shape/contact-img-shape.png
public_html/assets/img/normal/cta7-thumb.png,png,3257,665,195,,78cd32eddd922c88210c0afd7981e59200191802c438feecc909d33434f7e551,NO,"Legacy template, admin or interface asset",Not rendered in the redesigned public site,INTENTIONALLY_EXCLUDED,Not required,Not applicable,"Administrative, plugin, theme-demo or interface artwork; not Vista company content.",
public_html/assets/img/normal/faq-img.png,png,1156,245,245,,366e18ff3bdd88b7a3e185f3ec3c7c95da9aadb1ebafd50a61e84ff4b1cf65c6,NO,"Legacy template, admin or interface asset",Not rendered in the redesigned public site,INTENTIONALLY_EXCLUDED,Not required,Not applicable,"Administrative, plugin, theme-demo or interface artwork; not Vista company content.",
public_html/assets/img/normal/image-1.png,png,297,60,60,,83217d889d65b92af5aabbd38a8c00b4d27c337df739409ef8a1f910af9e3c17,NO,"Legacy template, admin or interface asset",Not rendered in the redesigned public site,INTENTIONALLY_EXCLUDED,Not required,Not applicable,"Administrative, plugin, theme-demo or interface artwork; not Vista company content.",
public_html/assets/img/normal/image-2.png,png,430,120,120,,e8550b6230fe2951dd0ce8ae20d3fa59fdfa3ce40bc77ae65d7d232d3dd5e4d6,NO,"Legacy template, admin or interface asset",Not rendered in the redesigned public site,INTENTIONALLY_EXCLUDED,Not required,Not applicable,"Administrative, plugin, theme-demo or interface artwork; not Vista company content.",
public_html/assets/img/normal/process-thumb-1.png,png,7103,985,694,,af2ee727b3201d1f45bbcc2e92cb2ab231483c46b3f9d01d9e3bc300b8468655,NO,"Legacy template, admin or interface asset",Not rendered in the redesigned public site,INTENTIONALLY_EXCLUDED,Not required,Not applicable,"Administrative, plugin, theme-demo or interface artwork; not Vista company content.",
public_html/assets/img/normal/process-thumb-2-1.png,png,701,190,190,,27cdca7b1591727866fbe467cc8a8b75cdb3158778fd92da4cf6334568b5155d,NO,"Legacy template, admin or interface asset",Not rendered in the redesigned public site,INTENTIONALLY_EXCLUDED,Not required,Not applicable,"Administrative, plugin, theme-demo or interface artwork; not Vista company content.",assets/img/normal/process-thumb-2-2.png; assets/img/normal/process-thumb-2-3.png; assets/img/normal/process-thumb-2-4.png; assets/img/testimonial/testi_2_1.png; assets/img/testimonial/testi_2_2.png
public_html/assets/img/normal/process-thumb-2-2.png,png,701,190,190,,27cdca7b1591727866fbe467cc8a8b75cdb3158778fd92da4cf6334568b5155d,NO,"Legacy template, admin or interface asset",Not rendered in the redesigned public site,INTENTIONALLY_EXCLUDED,Not required,Not applicable,"Administrative, plugin, theme-demo or interface artwork; not Vista company content.",assets/img/normal/process-thumb-2-1.png; assets/img/normal/process-thumb-2-3.png; assets/img/normal/process-thumb-2-4.png; assets/img/testimonial/testi_2_1.png; assets/img/testimonial/testi_2_2.png
public_html/assets/img/normal/process-thumb-2-3.png,png,701,190,190,,27cdca7b1591727866fbe467cc8a8b75cdb3158778fd92da4cf6334568b5155d,NO,"Legacy template, admin or interface asset",Not rendered in the redesigned public site,INTENTIONALLY_EXCLUDED,Not required,Not applicable,"Administrative, plugin, theme-demo or interface artwork; not Vista company content.",assets/img/normal/process-thumb-2-1.png; assets/img/normal/process-thumb-2-2.png; assets/img/normal/process-thumb-2-4.png; assets/img/testimonial/testi_2_1.png; assets/img/testimonial/testi_2_2.png
public_html/assets/img/normal/process-thumb-2-4.png,png,701,190,190,,27cdca7b1591727866fbe467cc8a8b75cdb3158778fd92da4cf6334568b5155d,NO,"Legacy template, admin or interface asset",Not rendered in the redesigned public site,INTENTIONALLY_EXCLUDED,Not required,Not applicable,"Administrative, plugin, theme-demo or interface artwork; not Vista company content.",assets/img/normal/process-thumb-2-1.png; assets/img/normal/process-thumb-2-2.png; assets/img/normal/process-thumb-2-3.png; assets/img/testimonial/testi_2_1.png; assets/img/testimonial/testi_2_2.png
public_html/assets/img/normal/testimonial-group-img.png,png,732,170,70,,658c883ffd4900fe348ab9ec1c9c1cb2be42f9b7aff60529c69beb4c83d4eeb8,NO,"Legacy template, admin or interface asset",Not rendered in the redesigned public site,INTENTIONALLY_EXCLUDED,Not required,Not applicable,"Administrative, plugin, theme-demo or interface artwork; not Vista company content.",
public_html/assets/img/normal/testimonial-group-img2.png,png,612,140,60,,15e08e6679a4b3d9dc7b5a2e18366b1b87b37b068ca002aa8cee95940a48d839,NO,"Legacy template, admin or interface asset",Not rendered in the redesigned public site,INTENTIONALLY_EXCLUDED,Not required,Not applicable,"Administrative, plugin, theme-demo or interface artwork; not Vista company content.",
public_html/assets/img/normal/video-thumb1.png,png,5685,876,350,,22f0104d330e713c154afda05020c7d2859de99832052b3e86cc9d5c3e1a4b14,NO,"Legacy template, admin or interface asset",Not rendered in the redesigned public site,INTENTIONALLY_EXCLUDED,Not required,Not applicable,"Administrative, plugin, theme-demo or interface artwork; not Vista company content.",
public_html/assets/img/normal/wcu-thumb-1.png,png,5440,883,764,,95ab605eea00358d6015ce0d2b2823df6bd236eaf0ab37f6e134e9f57299aca7,NO,"Legacy template, admin or interface asset",Not rendered in the redesigned public site,INTENTIONALLY_EXCLUDED,Not required,Not applicable,"Administrative, plugin, theme-demo or interface artwork; not Vista company content.",
public_html/assets/img/normal/wcu-thumb-2.png,png,4320,680,573,,d98af954ea8a1de7ac8569fc7f5ec28f5482340bc2593dadb88f6128b0418386,NO,"Legacy template, admin or interface asset",Not rendered in the redesigned public site,INTENTIONALLY_EXCLUDED,Not required,Not applicable,"Administrative, plugin, theme-demo or interface artwork; not Vista company content.",
public_html/assets/img/normal/wcu-thumb-3-2.png,png,1538,350,300,,93f0284cefcf009ef36b0bb77402c01c1c63fe63615a59324116abb3821c5be6,NO,"Legacy template, admin or interface asset",Not rendered in the redesigned public site,INTENTIONALLY_EXCLUDED,Not required,Not applicable,"Administrative, plugin, theme-demo or interface artwork; not Vista company content.",
public_html/assets/img/normal/wcu-thumb-3.png,png,6897,950,639,,a853e299746d2e847e3a14e0d917662718434abc887ce6048a629dcb135d0b82,NO,"Legacy template, admin or interface asset",Not rendered in the redesigned public site,INTENTIONALLY_EXCLUDED,Not required,Not applicable,"Administrative, plugin, theme-demo or interface artwork; not Vista company content.",
public_html/assets/img/normal/wcu-thumb-4-1.png,png,2600,520,542,,ddeb6fc08d4fc6c0054761fee9b16d658e06d31a015485a785e9d7dda16a259c,NO,"Legacy template, admin or interface asset",Not rendered in the redesigned public site,INTENTIONALLY_EXCLUDED,Not required,Not applicable,"Administrative, plugin, theme-demo or interface artwork; not Vista company content.",
public_html/assets/img/project/portfolio_1_1.jpg,jpg,2704,480,600,,111aeac360b090317b7a717a06cb371f50029b048889ff38409057b9b2b93437,NO,"Legacy template, admin or interface asset",Not rendered in the redesigned public site,INTENTIONALLY_EXCLUDED,Not required,Not applicable,"Administrative, plugin, theme-demo or interface artwork; not Vista company content.",assets/img/project/portfolio_1_2.jpg; assets/img/project/portfolio_1_3.jpg; assets/img/project/portfolio_1_4.jpg
public_html/assets/img/project/portfolio_1_2.jpg,jpg,2704,480,600,,111aeac360b090317b7a717a06cb371f50029b048889ff38409057b9b2b93437,NO,"Legacy template, admin or interface asset",Not rendered in the redesigned public site,INTENTIONALLY_EXCLUDED,Not required,Not applicable,"Administrative, plugin, theme-demo or interface artwork; not Vista company content.",assets/img/project/portfolio_1_1.jpg; assets/img/project/portfolio_1_3.jpg; assets/img/project/portfolio_1_4.jpg
public_html/assets/img/project/portfolio_1_3.jpg,jpg,2704,480,600,,111aeac360b090317b7a717a06cb371f50029b048889ff38409057b9b2b93437,NO,"Legacy template, admin or interface asset",Not rendered in the redesigned public site,INTENTIONALLY_EXCLUDED,Not required,Not applicable,"Administrative, plugin, theme-demo or interface artwork; not Vista company content.",assets/img/project/portfolio_1_1.jpg; assets/img/project/portfolio_1_2.jpg; assets/img/project/portfolio_1_4.jpg
public_html/assets/img/project/portfolio_1_4.jpg,jpg,2704,480,600,,111aeac360b090317b7a717a06cb371f50029b048889ff38409057b9b2b93437,NO,"Legacy template, admin or interface asset",Not rendered in the redesigned public site,INTENTIONALLY_EXCLUDED,Not required,Not applicable,"Administrative, plugin, theme-demo or interface artwork; not Vista company content.",assets/img/project/portfolio_1_1.jpg; assets/img/project/portfolio_1_2.jpg; assets/img/project/portfolio_1_3.jpg
public_html/assets/img/project/portfolio_2_1.png,png,2322,430,500,,c79de2478fb2f01d60fe111e384063954bfc206280995c40e830cf04da3ec53b,NO,"Legacy template, admin or interface asset",Not rendered in the redesigned public site,INTENTIONALLY_EXCLUDED,Not required,Not applicable,"Administrative, plugin, theme-demo or interface artwork; not Vista company content.",assets/img/project/portfolio_2_2.png; assets/img/project/portfolio_2_3.png; assets/img/project/portfolio_2_4.png
public_html/assets/img/project/portfolio_2_2.png,png,2322,430,500,,c79de2478fb2f01d60fe111e384063954bfc206280995c40e830cf04da3ec53b,NO,"Legacy template, admin or interface asset",Not rendered in the redesigned public site,INTENTIONALLY_EXCLUDED,Not required,Not applicable,"Administrative, plugin, theme-demo or interface artwork; not Vista company content.",assets/img/project/portfolio_2_1.png; assets/img/project/portfolio_2_3.png; assets/img/project/portfolio_2_4.png
public_html/assets/img/project/portfolio_2_3.png,png,2322,430,500,,c79de2478fb2f01d60fe111e384063954bfc206280995c40e830cf04da3ec53b,NO,"Legacy template, admin or interface asset",Not rendered in the redesigned public site,INTENTIONALLY_EXCLUDED,Not required,Not applicable,"Administrative, plugin, theme-demo or interface artwork; not Vista company content.",assets/img/project/portfolio_2_1.png; assets/img/project/portfolio_2_2.png; assets/img/project/portfolio_2_4.png
public_html/assets/img/project/portfolio_2_4.png,png,2322,430,500,,c79de2478fb2f01d60fe111e384063954bfc206280995c40e830cf04da3ec53b,NO,"Legacy template, admin or interface asset",Not rendered in the redesigned public site,INTENTIONALLY_EXCLUDED,Not required,Not applicable,"Administrative, plugin, theme-demo or interface artwork; not Vista company content.",assets/img/project/portfolio_2_1.png; assets/img/project/portfolio_2_2.png; assets/img/project/portfolio_2_3.png
public_html/assets/img/project/portfolio_3_1.png,png,2497,460,500,,ca859a095ac037d5ef9af01ab2358e3117f62142a98b86a4b2930469aaf3ff4a,NO,"Legacy template, admin or interface asset",Not rendered in the redesigned public site,INTENTIONALLY_EXCLUDED,Not required,Not applicable,"Administrative, plugin, theme-demo or interface artwork; not Vista company content.",assets/img/project/portfolio_3_2.png; assets/img/project/portfolio_3_3.png; assets/img/project/portfolio_3_4.png
public_html/assets/img/project/portfolio_3_2.png,png,2497,460,500,,ca859a095ac037d5ef9af01ab2358e3117f62142a98b86a4b2930469aaf3ff4a,NO,"Legacy template, admin or interface asset",Not rendered in the redesigned public site,INTENTIONALLY_EXCLUDED,Not required,Not applicable,"Administrative, plugin, theme-demo or interface artwork; not Vista company content.",assets/img/project/portfolio_3_1.png; assets/img/project/portfolio_3_3.png; assets/img/project/portfolio_3_4.png
public_html/assets/img/project/portfolio_3_3.png,png,2497,460,500,,ca859a095ac037d5ef9af01ab2358e3117f62142a98b86a4b2930469aaf3ff4a,NO,"Legacy template, admin or interface asset",Not rendered in the redesigned public site,INTENTIONALLY_EXCLUDED,Not required,Not applicable,"Administrative, plugin, theme-demo or interface artwork; not Vista company content.",assets/img/project/portfolio_3_1.png; assets/img/project/portfolio_3_2.png; assets/img/project/portfolio_3_4.png
public_html/assets/img/project/portfolio_3_4.png,png,2497,460,500,,ca859a095ac037d5ef9af01ab2358e3117f62142a98b86a4b2930469aaf3ff4a,NO,"Legacy template, admin or interface asset",Not rendered in the redesigned public site,INTENTIONALLY_EXCLUDED,Not required,Not applicable,"Administrative, plugin, theme-demo or interface artwork; not Vista company content.",assets/img/project/portfolio_3_1.png; assets/img/project/portfolio_3_2.png; assets/img/project/portfolio_3_3.png
public_html/assets/img/project/portfolio_4_1.png,png,1807,410,410,,ee3957bc60069539b0b826d402ac25a7a657112aeef150a7db014b0a115875a0,NO,"Legacy template, admin or interface asset",Not rendered in the redesigned public site,INTENTIONALLY_EXCLUDED,Not required,Not applicable,"Administrative, plugin, theme-demo or interface artwork; not Vista company content.",assets/img/project/portfolio_4_2.png; assets/img/project/portfolio_4_3.png; assets/img/project/portfolio_4_4.png; assets/img/project/portfolio_4_5.png; assets/img/project/portfolio_4_6.png; assets/img/project/portfolio_4_7.png; assets/img/project/portfolio_4_8.png; assets/img/project/portfolio_4_9.png; assets/img/project/project_details3.png; assets/img/project/project_details4.png; assets/img/project/project_details5.png
public_html/assets/img/project/portfolio_4_2.png,png,1807,410,410,,ee3957bc60069539b0b826d402ac25a7a657112aeef150a7db014b0a115875a0,NO,"Legacy template, admin or interface asset",Not rendered in the redesigned public site,INTENTIONALLY_EXCLUDED,Not required,Not applicable,"Administrative, plugin, theme-demo or interface artwork; not Vista company content.",assets/img/project/portfolio_4_1.png; assets/img/project/portfolio_4_3.png; assets/img/project/portfolio_4_4.png; assets/img/project/portfolio_4_5.png; assets/img/project/portfolio_4_6.png; assets/img/project/portfolio_4_7.png; assets/img/project/portfolio_4_8.png; assets/img/project/portfolio_4_9.png; assets/img/project/project_details3.png; assets/img/project/project_details4.png; assets/img/project/project_details5.png
public_html/assets/img/project/portfolio_4_3.png,png,1807,410,410,,ee3957bc60069539b0b826d402ac25a7a657112aeef150a7db014b0a115875a0,NO,"Legacy template, admin or interface asset",Not rendered in the redesigned public site,INTENTIONALLY_EXCLUDED,Not required,Not applicable,"Administrative, plugin, theme-demo or interface artwork; not Vista company content.",assets/img/project/portfolio_4_1.png; assets/img/project/portfolio_4_2.png; assets/img/project/portfolio_4_4.png; assets/img/project/portfolio_4_5.png; assets/img/project/portfolio_4_6.png; assets/img/project/portfolio_4_7.png; assets/img/project/portfolio_4_8.png; assets/img/project/portfolio_4_9.png; assets/img/project/project_details3.png; assets/img/project/project_details4.png; assets/img/project/project_details5.png
public_html/assets/img/project/portfolio_4_4.png,png,1807,410,410,,ee3957bc60069539b0b826d402ac25a7a657112aeef150a7db014b0a115875a0,NO,"Legacy template, admin or interface asset",Not rendered in the redesigned public site,INTENTIONALLY_EXCLUDED,Not required,Not applicable,"Administrative, plugin, theme-demo or interface artwork; not Vista company content.",assets/img/project/portfolio_4_1.png; assets/img/project/portfolio_4_2.png; assets/img/project/portfolio_4_3.png; assets/img/project/portfolio_4_5.png; assets/img/project/portfolio_4_6.png; assets/img/project/portfolio_4_7.png; assets/img/project/portfolio_4_8.png; assets/img/project/portfolio_4_9.png; assets/img/project/project_details3.png; assets/img/project/project_details4.png; assets/img/project/project_details5.png
public_html/assets/img/project/portfolio_4_5.png,png,1807,410,410,,ee3957bc60069539b0b826d402ac25a7a657112aeef150a7db014b0a115875a0,NO,"Legacy template, admin or interface asset",Not rendered in the redesigned public site,INTENTIONALLY_EXCLUDED,Not required,Not applicable,"Administrative, plugin, theme-demo or interface artwork; not Vista company content.",assets/img/project/portfolio_4_1.png; assets/img/project/portfolio_4_2.png; assets/img/project/portfolio_4_3.png; assets/img/project/portfolio_4_4.png; assets/img/project/portfolio_4_6.png; assets/img/project/portfolio_4_7.png; assets/img/project/portfolio_4_8.png; assets/img/project/portfolio_4_9.png; assets/img/project/project_details3.png; assets/img/project/project_details4.png; assets/img/project/project_details5.png
public_html/assets/img/project/portfolio_4_6.png,png,1807,410,410,,ee3957bc60069539b0b826d402ac25a7a657112aeef150a7db014b0a115875a0,NO,"Legacy template, admin or interface asset",Not rendered in the redesigned public site,INTENTIONALLY_EXCLUDED,Not required,Not applicable,"Administrative, plugin, theme-demo or interface artwork; not Vista company content.",assets/img/project/portfolio_4_1.png; assets/img/project/portfolio_4_2.png; assets/img/project/portfolio_4_3.png; assets/img/project/portfolio_4_4.png; assets/img/project/portfolio_4_5.png; assets/img/project/portfolio_4_7.png; assets/img/project/portfolio_4_8.png; assets/img/project/portfolio_4_9.png; assets/img/project/project_details3.png; assets/img/project/project_details4.png; assets/img/project/project_details5.png
public_html/assets/img/project/portfolio_4_7.png,png,1807,410,410,,ee3957bc60069539b0b826d402ac25a7a657112aeef150a7db014b0a115875a0,NO,"Legacy template, admin or interface asset",Not rendered in the redesigned public site,INTENTIONALLY_EXCLUDED,Not required,Not applicable,"Administrative, plugin, theme-demo or interface artwork; not Vista company content.",assets/img/project/portfolio_4_1.png; assets/img/project/portfolio_4_2.png; assets/img/project/portfolio_4_3.png; assets/img/project/portfolio_4_4.png; assets/img/project/portfolio_4_5.png; assets/img/project/portfolio_4_6.png; assets/img/project/portfolio_4_8.png; assets/img/project/portfolio_4_9.png; assets/img/project/project_details3.png; assets/img/project/project_details4.png; assets/img/project/project_details5.png
public_html/assets/img/project/portfolio_4_8.png,png,1807,410,410,,ee3957bc60069539b0b826d402ac25a7a657112aeef150a7db014b0a115875a0,NO,"Legacy template, admin or interface asset",Not rendered in the redesigned public site,INTENTIONALLY_EXCLUDED,Not required,Not applicable,"Administrative, plugin, theme-demo or interface artwork; not Vista company content.",assets/img/project/portfolio_4_1.png; assets/img/project/portfolio_4_2.png; assets/img/project/portfolio_4_3.png; assets/img/project/portfolio_4_4.png; assets/img/project/portfolio_4_5.png; assets/img/project/portfolio_4_6.png; assets/img/project/portfolio_4_7.png; assets/img/project/portfolio_4_9.png; assets/img/project/project_details3.png; assets/img/project/project_details4.png; assets/img/project/project_details5.png
public_html/assets/img/project/portfolio_4_9.png,png,1807,410,410,,ee3957bc60069539b0b826d402ac25a7a657112aeef150a7db014b0a115875a0,NO,"Legacy template, admin or interface asset",Not rendered in the redesigned public site,INTENTIONALLY_EXCLUDED,Not required,Not applicable,"Administrative, plugin, theme-demo or interface artwork; not Vista company content.",assets/img/project/portfolio_4_1.png; assets/img/project/portfolio_4_2.png; assets/img/project/portfolio_4_3.png; assets/img/project/portfolio_4_4.png; assets/img/project/portfolio_4_5.png; assets/img/project/portfolio_4_6.png; assets/img/project/portfolio_4_7.png; assets/img/project/portfolio_4_8.png; assets/img/project/project_details3.png; assets/img/project/project_details4.png; assets/img/project/project_details5.png
public_html/assets/img/project/portfolio_5_1.png,png,4277,850,500,,30fa11c6e29950ac80d67b6fcea6b53edf8389c6f6e367d3007c1647dd66e180,NO,"Legacy template, admin or interface asset",Not rendered in the redesigned public site,INTENTIONALLY_EXCLUDED,Not required,Not applicable,"Administrative, plugin, theme-demo or interface artwork; not Vista company content.",assets/img/blog/blog-s-1-1.jpg; assets/img/blog/blog-s-1-2.jpg; assets/img/blog/blog-s-1-3.jpg; assets/img/blog/blog-s-1-4.jpg; assets/img/project/portfolio_5_2.png; assets/img/project/portfolio_5_3.png; assets/img/project/project_details.png; assets/img/service/service_details.jpg
public_html/assets/img/project/portfolio_5_2.png,png,4277,850,500,,30fa11c6e29950ac80d67b6fcea6b53edf8389c6f6e367d3007c1647dd66e180,NO,"Legacy template, admin or interface asset",Not rendered in the redesigned public site,INTENTIONALLY_EXCLUDED,Not required,Not applicable,"Administrative, plugin, theme-demo or interface artwork; not Vista company content.",assets/img/blog/blog-s-1-1.jpg; assets/img/blog/blog-s-1-2.jpg; assets/img/blog/blog-s-1-3.jpg; assets/img/blog/blog-s-1-4.jpg; assets/img/project/portfolio_5_1.png; assets/img/project/portfolio_5_3.png; assets/img/project/project_details.png; assets/img/service/service_details.jpg
public_html/assets/img/project/portfolio_5_3.png,png,4277,850,500,,30fa11c6e29950ac80d67b6fcea6b53edf8389c6f6e367d3007c1647dd66e180,NO,"Legacy template, admin or interface asset",Not rendered in the redesigned public site,INTENTIONALLY_EXCLUDED,Not required,Not applicable,"Administrative, plugin, theme-demo or interface artwork; not Vista company content.",assets/img/blog/blog-s-1-1.jpg; assets/img/blog/blog-s-1-2.jpg; assets/img/blog/blog-s-1-3.jpg; assets/img/blog/blog-s-1-4.jpg; assets/img/project/portfolio_5_1.png; assets/img/project/portfolio_5_2.png; assets/img/project/project_details.png; assets/img/service/service_details.jpg
public_html/assets/img/project/project_details.png,png,4277,850,500,,30fa11c6e29950ac80d67b6fcea6b53edf8389c6f6e367d3007c1647dd66e180,NO,"Legacy template, admin or interface asset",Not rendered in the redesigned public site,INTENTIONALLY_EXCLUDED,Not required,Not applicable,"Administrative, plugin, theme-demo or interface artwork; not Vista company content.",assets/img/blog/blog-s-1-1.jpg; assets/img/blog/blog-s-1-2.jpg; assets/img/blog/blog-s-1-3.jpg; assets/img/blog/blog-s-1-4.jpg; assets/img/project/portfolio_5_1.png; assets/img/project/portfolio_5_2.png; assets/img/project/portfolio_5_3.png; assets/img/service/service_details.jpg
public_html/assets/img/project/project_details2.png,png,1931,410,500,,b21564ac376a7f05e6b960878e906b049d6859712498aa25d36f3971a59ae9a9,NO,"Legacy template, admin or interface asset",Not rendered in the redesigned public site,INTENTIONALLY_EXCLUDED,Not required,Not applicable,"Administrative, plugin, theme-demo or interface artwork; not Vista company content.",
public_html/assets/img/project/project_details3.png,png,1807,410,410,,ee3957bc60069539b0b826d402ac25a7a657112aeef150a7db014b0a115875a0,NO,"Legacy template, admin or interface asset",Not rendered in the redesigned public site,INTENTIONALLY_EXCLUDED,Not required,Not applicable,"Administrative, plugin, theme-demo or interface artwork; not Vista company content.",assets/img/project/portfolio_4_1.png; assets/img/project/portfolio_4_2.png; assets/img/project/portfolio_4_3.png; assets/img/project/portfolio_4_4.png; assets/img/project/portfolio_4_5.png; assets/img/project/portfolio_4_6.png; assets/img/project/portfolio_4_7.png; assets/img/project/portfolio_4_8.png; assets/img/project/portfolio_4_9.png; assets/img/project/project_details4.png; assets/img/project/project_details5.png
public_html/assets/img/project/project_details4.png,png,1807,410,410,,ee3957bc60069539b0b826d402ac25a7a657112aeef150a7db014b0a115875a0,NO,"Legacy template, admin or interface asset",Not rendered in the redesigned public site,INTENTIONALLY_EXCLUDED,Not required,Not applicable,"Administrative, plugin, theme-demo or interface artwork; not Vista company content.",assets/img/project/portfolio_4_1.png; assets/img/project/portfolio_4_2.png; assets/img/project/portfolio_4_3.png; assets/img/project/portfolio_4_4.png; assets/img/project/portfolio_4_5.png; assets/img/project/portfolio_4_6.png; assets/img/project/portfolio_4_7.png; assets/img/project/portfolio_4_8.png; assets/img/project/portfolio_4_9.png; assets/img/project/project_details3.png; assets/img/project/project_details5.png
public_html/assets/img/project/project_details5.png,png,1807,410,410,,ee3957bc60069539b0b826d402ac25a7a657112aeef150a7db014b0a115875a0,NO,"Legacy template, admin or interface asset",Not rendered in the redesigned public site,INTENTIONALLY_EXCLUDED,Not required,Not applicable,"Administrative, plugin, theme-demo or interface artwork; not Vista company content.",assets/img/project/portfolio_4_1.png; assets/img/project/portfolio_4_2.png; assets/img/project/portfolio_4_3.png; assets/img/project/portfolio_4_4.png; assets/img/project/portfolio_4_5.png; assets/img/project/portfolio_4_6.png; assets/img/project/portfolio_4_7.png; assets/img/project/portfolio_4_8.png; assets/img/project/portfolio_4_9.png; assets/img/project/project_details3.png; assets/img/project/project_details4.png
public_html/assets/img/project/project_details6.png,png,391,100,100,,f442e839c200e2d46d098e4a131bf1d842b3f9ee115958ba327c4d463ae094dd,NO,"Legacy template, admin or interface asset",Not rendered in the redesigned public site,INTENTIONALLY_EXCLUDED,Not required,Not applicable,"Administrative, plugin, theme-demo or interface artwork; not Vista company content.",assets/img/project/project_details7.png; assets/img/testimonial/testi_3_1.png; assets/img/testimonial/testi_4_1.png; assets/img/testimonial/testi_4_2.png; assets/img/testimonial/testi_5_1.png; assets/img/testimonial/testi_5_2.png
public_html/assets/img/project/project_details7.png,png,391,100,100,,f442e839c200e2d46d098e4a131bf1d842b3f9ee115958ba327c4d463ae094dd,NO,"Legacy template, admin or interface asset",Not rendered in the redesigned public site,INTENTIONALLY_EXCLUDED,Not required,Not applicable,"Administrative, plugin, theme-demo or interface artwork; not Vista company content.",assets/img/project/project_details6.png; assets/img/testimonial/testi_3_1.png; assets/img/testimonial/testi_4_1.png; assets/img/testimonial/testi_4_2.png; assets/img/testimonial/testi_5_1.png; assets/img/testimonial/testi_5_2.png
public_html/assets/img/service/service_1_1.jpg,jpg,1880,410,270,,77e839b4739377c945b98d2b8791ad4a10e918fcaec186fa0939726d4e9463e9,NO,"Legacy template, admin or interface asset",Not rendered in the redesigned public site,INTENTIONALLY_EXCLUDED,Not required,Not applicable,"Administrative, plugin, theme-demo or interface artwork; not Vista company content.",assets/img/service/service_1_2.jpg; assets/img/service/service_1_3.jpg; assets/img/service/service_1_4.jpg; assets/img/service/service_1_5.jpg; assets/img/service/service_1_6.jpg
public_html/assets/img/service/service_1_2.jpg,jpg,1880,410,270,,77e839b4739377c945b98d2b8791ad4a10e918fcaec186fa0939726d4e9463e9,NO,"Legacy template, admin or interface asset",Not rendered in the redesigned public site,INTENTIONALLY_EXCLUDED,Not required,Not applicable,"Administrative, plugin, theme-demo or interface artwork; not Vista company content.",assets/img/service/service_1_1.jpg; assets/img/service/service_1_3.jpg; assets/img/service/service_1_4.jpg; assets/img/service/service_1_5.jpg; assets/img/service/service_1_6.jpg
public_html/assets/img/service/service_1_3.jpg,jpg,1880,410,270,,77e839b4739377c945b98d2b8791ad4a10e918fcaec186fa0939726d4e9463e9,NO,"Legacy template, admin or interface asset",Not rendered in the redesigned public site,INTENTIONALLY_EXCLUDED,Not required,Not applicable,"Administrative, plugin, theme-demo or interface artwork; not Vista company content.",assets/img/service/service_1_1.jpg; assets/img/service/service_1_2.jpg; assets/img/service/service_1_4.jpg; assets/img/service/service_1_5.jpg; assets/img/service/service_1_6.jpg
public_html/assets/img/service/service_1_4.jpg,jpg,1880,410,270,,77e839b4739377c945b98d2b8791ad4a10e918fcaec186fa0939726d4e9463e9,NO,"Legacy template, admin or interface asset",Not rendered in the redesigned public site,INTENTIONALLY_EXCLUDED,Not required,Not applicable,"Administrative, plugin, theme-demo or interface artwork; not Vista company content.",assets/img/service/service_1_1.jpg; assets/img/service/service_1_2.jpg; assets/img/service/service_1_3.jpg; assets/img/service/service_1_5.jpg; assets/img/service/service_1_6.jpg
public_html/assets/img/service/service_1_5.jpg,jpg,1880,410,270,,77e839b4739377c945b98d2b8791ad4a10e918fcaec186fa0939726d4e9463e9,NO,"Legacy template, admin or interface asset",Not rendered in the redesigned public site,INTENTIONALLY_EXCLUDED,Not required,Not applicable,"Administrative, plugin, theme-demo or interface artwork; not Vista company content.",assets/img/service/service_1_1.jpg; assets/img/service/service_1_2.jpg; assets/img/service/service_1_3.jpg; assets/img/service/service_1_4.jpg; assets/img/service/service_1_6.jpg
public_html/assets/img/service/service_1_6.jpg,jpg,1880,410,270,,77e839b4739377c945b98d2b8791ad4a10e918fcaec186fa0939726d4e9463e9,NO,"Legacy template, admin or interface asset",Not rendered in the redesigned public site,INTENTIONALLY_EXCLUDED,Not required,Not applicable,"Administrative, plugin, theme-demo or interface artwork; not Vista company content.",assets/img/service/service_1_1.jpg; assets/img/service/service_1_2.jpg; assets/img/service/service_1_3.jpg; assets/img/service/service_1_4.jpg; assets/img/service/service_1_5.jpg
public_html/assets/img/service/service_5_1.jpg,jpg,1335,280,220,,07673391839b821ee8c59fd90f470e7d7dd2958544be8321134a6663a61d2a1a,NO,"Legacy template, admin or interface asset",Not rendered in the redesigned public site,INTENTIONALLY_EXCLUDED,Not required,Not applicable,"Administrative, plugin, theme-demo or interface artwork; not Vista company content.",assets/img/service/service_5_2.jpg; assets/img/service/service_5_3.jpg; assets/img/service/service_5_4.jpg; assets/img/service/service_5_5.jpg
public_html/assets/img/service/service_5_2.jpg,jpg,1335,280,220,,07673391839b821ee8c59fd90f470e7d7dd2958544be8321134a6663a61d2a1a,NO,"Legacy template, admin or interface asset",Not rendered in the redesigned public site,INTENTIONALLY_EXCLUDED,Not required,Not applicable,"Administrative, plugin, theme-demo or interface artwork; not Vista company content.",assets/img/service/service_5_1.jpg; assets/img/service/service_5_3.jpg; assets/img/service/service_5_4.jpg; assets/img/service/service_5_5.jpg
public_html/assets/img/service/service_5_3.jpg,jpg,1335,280,220,,07673391839b821ee8c59fd90f470e7d7dd2958544be8321134a6663a61d2a1a,NO,"Legacy template, admin or interface asset",Not rendered in the redesigned public site,INTENTIONALLY_EXCLUDED,Not required,Not applicable,"Administrative, plugin, theme-demo or interface artwork; not Vista company content.",assets/img/service/service_5_1.jpg; assets/img/service/service_5_2.jpg; assets/img/service/service_5_4.jpg; assets/img/service/service_5_5.jpg
public_html/assets/img/service/service_5_4.jpg,jpg,1335,280,220,,07673391839b821ee8c59fd90f470e7d7dd2958544be8321134a6663a61d2a1a,NO,"Legacy template, admin or interface asset",Not rendered in the redesigned public site,INTENTIONALLY_EXCLUDED,Not required,Not applicable,"Administrative, plugin, theme-demo or interface artwork; not Vista company content.",assets/img/service/service_5_1.jpg; assets/img/service/service_5_2.jpg; assets/img/service/service_5_3.jpg; assets/img/service/service_5_5.jpg
public_html/assets/img/service/service_5_5.jpg,jpg,1335,280,220,,07673391839b821ee8c59fd90f470e7d7dd2958544be8321134a6663a61d2a1a,NO,"Legacy template, admin or interface asset",Not rendered in the redesigned public site,INTENTIONALLY_EXCLUDED,Not required,Not applicable,"Administrative, plugin, theme-demo or interface artwork; not Vista company content.",assets/img/service/service_5_1.jpg; assets/img/service/service_5_2.jpg; assets/img/service/service_5_3.jpg; assets/img/service/service_5_4.jpg
public_html/assets/img/service/service_details.jpg,jpg,4277,850,500,,30fa11c6e29950ac80d67b6fcea6b53edf8389c6f6e367d3007c1647dd66e180,NO,"Legacy template, admin or interface asset",Not rendered in the redesigned public site,INTENTIONALLY_EXCLUDED,Not required,Not applicable,"Administrative, plugin, theme-demo or interface artwork; not Vista company content.",assets/img/blog/blog-s-1-1.jpg; assets/img/blog/blog-s-1-2.jpg; assets/img/blog/blog-s-1-3.jpg; assets/img/blog/blog-s-1-4.jpg; assets/img/project/portfolio_5_1.png; assets/img/project/portfolio_5_2.png; assets/img/project/portfolio_5_3.png; assets/img/project/project_details.png
public_html/assets/img/service/service_details2.jpg,jpg,1810,410,240,,de6a6ec0e894c1a0f98aeaf56257a511e359229d8a1154895c26677de2683065,NO,"Legacy template, admin or interface asset",Not rendered in the redesigned public site,INTENTIONALLY_EXCLUDED,Not required,Not applicable,"Administrative, plugin, theme-demo or interface artwork; not Vista company content.",
public_html/assets/img/shape/appointment-bg-shape.png,png,46787,961,735,,2d91e843448ff2711bd25773a99f7a0144f3aa27310bfe057c1a46dfc5d7ba03,NO,"Legacy template, admin or interface asset",Not rendered in the redesigned public site,INTENTIONALLY_EXCLUDED,Not required,Not applicable,"Administrative, plugin, theme-demo or interface artwork; not Vista company content.",
public_html/assets/img/shape/contact-img-border.png,png,6109,901,645,,50e864916fa5d0e25d302a4ee525d62d691c237d2db4e7e3500860742ba25ee7,NO,"Legacy template, admin or interface asset",Not rendered in the redesigned public site,INTENTIONALLY_EXCLUDED,Not required,Not applicable,"Administrative, plugin, theme-demo or interface artwork; not Vista company content.",
public_html/assets/img/shape/contact-img-shape.png,png,5683,866,645,,d2b4f214b3723983b6fc9f6a419a2423ac90552126c75aeac3f3a282c57e0429,NO,"Legacy template, admin or interface asset",Not rendered in the redesigned public site,INTENTIONALLY_EXCLUDED,Not required,Not applicable,"Administrative, plugin, theme-demo or interface artwork; not Vista company content.",assets/img/normal/contact-2-thumb.png
public_html/assets/img/shape/cta-6-shape.png,png,46075,1049,404,,cd4486c915177960766012d3fc3617812fb1145d3a64f1f2cabd69a2357360e1,NO,"Legacy template, admin or interface asset",Not rendered in the redesigned public site,INTENTIONALLY_EXCLUDED,Not required,Not applicable,"Administrative, plugin, theme-demo or interface artwork; not Vista company content.",
public_html/assets/img/shape/dots.png,png,843,276,276,,1f6e1a4cc4c7aea6877aba9a9dfd3f2f2af7d1491e61e3a3b7792723e4fab8af,NO,"Legacy template, admin or interface asset",Not rendered in the redesigned public site,INTENTIONALLY_EXCLUDED,Not required,Not applicable,"Administrative, plugin, theme-demo or interface artwork; not Vista company content.",
public_html/assets/img/shape/process-bg-shape.png,png,210038,1189,655,,18973320df2f7d98eaf79fe615170433e5f64741fc893505906135c30cd8c421,NO,"Legacy template, admin or interface asset",Not rendered in the redesigned public site,INTENTIONALLY_EXCLUDED,Not required,Not applicable,"Administrative, plugin, theme-demo or interface artwork; not Vista company content.",
public_html/assets/img/shape/process-line.png,png,14084,1535,301,,b65297cd3712f3f17e60c8ca5206445a4c11ba1e48cd5afdd3ff032436c9b5a6,NO,"Legacy template, admin or interface asset",Not rendered in the redesigned public site,INTENTIONALLY_EXCLUDED,Not required,Not applicable,"Administrative, plugin, theme-demo or interface artwork; not Vista company content.",
public_html/assets/img/shape/service-box-shape.png,png,13887,358,192,,ec471bc718276424c6fb16af1565398b174dd63979194d6b9eca88fdb64104fb,NO,"Legacy template, admin or interface asset",Not rendered in the redesigned public site,INTENTIONALLY_EXCLUDED,Not required,Not applicable,"Administrative, plugin, theme-demo or interface artwork; not Vista company content.",
public_html/assets/img/shape/service-box-shape2.png,png,5814,300,275,,1f67295fd0e8915b458e8eaa2532b0b1bf6d8f3e36dc862e5c097ab4c4bbe3c6,NO,"Legacy template, admin or interface asset",Not rendered in the redesigned public site,INTENTIONALLY_EXCLUDED,Not required,Not applicable,"Administrative, plugin, theme-demo or interface artwork; not Vista company content.",
public_html/assets/img/shape/testi-thumb-4-shape.png,png,10101,192,192,,4746fb17be4a556b004f3cd31939e98fecc83593e28c4140fb6160b55acb2908,NO,"Legacy template, admin or interface asset",Not rendered in the redesigned public site,INTENTIONALLY_EXCLUDED,Not required,Not applicable,"Administrative, plugin, theme-demo or interface artwork; not Vista company content.",
public_html/assets/img/shape/wcu-thumb-2-shape.png,png,28636,292,292,,0c71a933b910e32ba625c853b4ba8915cbb179615cce9527be4c4e2206f2a5cd,NO,"Legacy template, admin or interface asset",Not rendered in the redesigned public site,INTENTIONALLY_EXCLUDED,Not required,Not applicable,"Administrative, plugin, theme-demo or interface artwork; not Vista company content.",
public_html/assets/img/team/team_3_1.png,png,1093,300,300,,0186c64125d22bebfdd236739faa0469c56182afe177e31ad6c006598a010a19,NO,"Legacy template, admin or interface asset",Not rendered in the redesigned public site,INTENTIONALLY_EXCLUDED,Not required,Not applicable,"Administrative, plugin, theme-demo or interface artwork; not Vista company content.",assets/img/team/team_3_2.png; assets/img/team/team_3_3.png; assets/img/team/team_3_4.png; assets/img/team/team_3_5.png; assets/img/team/team_3_6.png; assets/img/team/team_3_7.png; assets/img/team/team_3_8.png
public_html/assets/img/team/team_3_2.png,png,1093,300,300,,0186c64125d22bebfdd236739faa0469c56182afe177e31ad6c006598a010a19,NO,"Legacy template, admin or interface asset",Not rendered in the redesigned public site,INTENTIONALLY_EXCLUDED,Not required,Not applicable,"Administrative, plugin, theme-demo or interface artwork; not Vista company content.",assets/img/team/team_3_1.png; assets/img/team/team_3_3.png; assets/img/team/team_3_4.png; assets/img/team/team_3_5.png; assets/img/team/team_3_6.png; assets/img/team/team_3_7.png; assets/img/team/team_3_8.png
public_html/assets/img/team/team_3_3.png,png,1093,300,300,,0186c64125d22bebfdd236739faa0469c56182afe177e31ad6c006598a010a19,NO,"Legacy template, admin or interface asset",Not rendered in the redesigned public site,INTENTIONALLY_EXCLUDED,Not required,Not applicable,"Administrative, plugin, theme-demo or interface artwork; not Vista company content.",assets/img/team/team_3_1.png; assets/img/team/team_3_2.png; assets/img/team/team_3_4.png; assets/img/team/team_3_5.png; assets/img/team/team_3_6.png; assets/img/team/team_3_7.png; assets/img/team/team_3_8.png
public_html/assets/img/team/team_3_4.png,png,1093,300,300,,0186c64125d22bebfdd236739faa0469c56182afe177e31ad6c006598a010a19,NO,"Legacy template, admin or interface asset",Not rendered in the redesigned public site,INTENTIONALLY_EXCLUDED,Not required,Not applicable,"Administrative, plugin, theme-demo or interface artwork; not Vista company content.",assets/img/team/team_3_1.png; assets/img/team/team_3_2.png; assets/img/team/team_3_3.png; assets/img/team/team_3_5.png; assets/img/team/team_3_6.png; assets/img/team/team_3_7.png; assets/img/team/team_3_8.png
public_html/assets/img/team/team_3_5.png,png,1093,300,300,,0186c64125d22bebfdd236739faa0469c56182afe177e31ad6c006598a010a19,NO,"Legacy template, admin or interface asset",Not rendered in the redesigned public site,INTENTIONALLY_EXCLUDED,Not required,Not applicable,"Administrative, plugin, theme-demo or interface artwork; not Vista company content.",assets/img/team/team_3_1.png; assets/img/team/team_3_2.png; assets/img/team/team_3_3.png; assets/img/team/team_3_4.png; assets/img/team/team_3_6.png; assets/img/team/team_3_7.png; assets/img/team/team_3_8.png
public_html/assets/img/team/team_3_6.png,png,1093,300,300,,0186c64125d22bebfdd236739faa0469c56182afe177e31ad6c006598a010a19,NO,"Legacy template, admin or interface asset",Not rendered in the redesigned public site,INTENTIONALLY_EXCLUDED,Not required,Not applicable,"Administrative, plugin, theme-demo or interface artwork; not Vista company content.",assets/img/team/team_3_1.png; assets/img/team/team_3_2.png; assets/img/team/team_3_3.png; assets/img/team/team_3_4.png; assets/img/team/team_3_5.png; assets/img/team/team_3_7.png; assets/img/team/team_3_8.png
public_html/assets/img/team/team_3_7.png,png,1093,300,300,,0186c64125d22bebfdd236739faa0469c56182afe177e31ad6c006598a010a19,NO,"Legacy template, admin or interface asset",Not rendered in the redesigned public site,INTENTIONALLY_EXCLUDED,Not required,Not applicable,"Administrative, plugin, theme-demo or interface artwork; not Vista company content.",assets/img/team/team_3_1.png; assets/img/team/team_3_2.png; assets/img/team/team_3_3.png; assets/img/team/team_3_4.png; assets/img/team/team_3_5.png; assets/img/team/team_3_6.png; assets/img/team/team_3_8.png
public_html/assets/img/team/team_3_8.png,png,1093,300,300,,0186c64125d22bebfdd236739faa0469c56182afe177e31ad6c006598a010a19,NO,"Legacy template, admin or interface asset",Not rendered in the redesigned public site,INTENTIONALLY_EXCLUDED,Not required,Not applicable,"Administrative, plugin, theme-demo or interface artwork; not Vista company content.",assets/img/team/team_3_1.png; assets/img/team/team_3_2.png; assets/img/team/team_3_3.png; assets/img/team/team_3_4.png; assets/img/team/team_3_5.png; assets/img/team/team_3_6.png; assets/img/team/team_3_7.png
public_html/assets/img/team/team_details.png,png,3208,570,585,,afcd1b27da57ee481597619a338eb15dbe31f71c7d02c4e3a4489ade3d5da727,NO,"Legacy template, admin or interface asset",Not rendered in the redesigned public site,INTENTIONALLY_EXCLUDED,Not required,Not applicable,"Administrative, plugin, theme-demo or interface artwork; not Vista company content.",
public_html/assets/img/testimonial/client-img-5-1.png,png,246,50,50,,42505db231608a47c9d23c772157579255fc02b8da26cd9ed51336ef349a6435,NO,"Legacy template, admin or interface asset",Not rendered in the redesigned public site,INTENTIONALLY_EXCLUDED,Not required,Not applicable,"Administrative, plugin, theme-demo or interface artwork; not Vista company content.",assets/img/testimonial/client-img-5-2.png
public_html/assets/img/testimonial/client-img-5-2.png,png,246,50,50,,42505db231608a47c9d23c772157579255fc02b8da26cd9ed51336ef349a6435,NO,"Legacy template, admin or interface asset",Not rendered in the redesigned public site,INTENTIONALLY_EXCLUDED,Not required,Not applicable,"Administrative, plugin, theme-demo or interface artwork; not Vista company content.",assets/img/testimonial/client-img-5-1.png
public_html/assets/img/testimonial/testi-box-bg.png,png,43263,714,353,,dab13f1b320e670b19688d4fccc223f558271079baa80622e5774e003bd7b272,NO,"Legacy template, admin or interface asset",Not rendered in the redesigned public site,INTENTIONALLY_EXCLUDED,Not required,Not applicable,"Administrative, plugin, theme-demo or interface artwork; not Vista company content.",
public_html/assets/img/testimonial/testi_1_1.png,png,421,80,80,,550b5db66c00b7eff422bae3468ff82eb007f4da29ff82b4a8b76cb4bea2264c,NO,"Legacy template, admin or interface asset",Not rendered in the redesigned public site,INTENTIONALLY_EXCLUDED,Not required,Not applicable,"Administrative, plugin, theme-demo or interface artwork; not Vista company content.",assets/img/blog/comment-author-1.jpg; assets/img/blog/comment-author-2.jpg; assets/img/blog/comment-author-3.jpg; assets/img/blog/recent-post-1-1.png; assets/img/blog/recent-post-1-2.png; assets/img/blog/recent-post-1-3.png; assets/img/testimonial/testi_1_2.png; assets/img/testimonial/testi_1_3.png; assets/img/testimonial/testi_1_4.png; assets/img/widget/gallery_1_1.png; assets/img/widget/gallery_1_2.png; assets/img/widget/gallery_1_3.png; assets/img/widget/gallery_1_4.png; assets/img/widget/gallery_1_5.png; assets/img/widget/gallery_1_6.png
public_html/assets/img/testimonial/testi_1_2.png,png,421,80,80,,550b5db66c00b7eff422bae3468ff82eb007f4da29ff82b4a8b76cb4bea2264c,NO,"Legacy template, admin or interface asset",Not rendered in the redesigned public site,INTENTIONALLY_EXCLUDED,Not required,Not applicable,"Administrative, plugin, theme-demo or interface artwork; not Vista company content.",assets/img/blog/comment-author-1.jpg; assets/img/blog/comment-author-2.jpg; assets/img/blog/comment-author-3.jpg; assets/img/blog/recent-post-1-1.png; assets/img/blog/recent-post-1-2.png; assets/img/blog/recent-post-1-3.png; assets/img/testimonial/testi_1_1.png; assets/img/testimonial/testi_1_3.png; assets/img/testimonial/testi_1_4.png; assets/img/widget/gallery_1_1.png; assets/img/widget/gallery_1_2.png; assets/img/widget/gallery_1_3.png; assets/img/widget/gallery_1_4.png; assets/img/widget/gallery_1_5.png; assets/img/widget/gallery_1_6.png
public_html/assets/img/testimonial/testi_1_3.png,png,421,80,80,,550b5db66c00b7eff422bae3468ff82eb007f4da29ff82b4a8b76cb4bea2264c,NO,"Legacy template, admin or interface asset",Not rendered in the redesigned public site,INTENTIONALLY_EXCLUDED,Not required,Not applicable,"Administrative, plugin, theme-demo or interface artwork; not Vista company content.",assets/img/blog/comment-author-1.jpg; assets/img/blog/comment-author-2.jpg; assets/img/blog/comment-author-3.jpg; assets/img/blog/recent-post-1-1.png; assets/img/blog/recent-post-1-2.png; assets/img/blog/recent-post-1-3.png; assets/img/testimonial/testi_1_1.png; assets/img/testimonial/testi_1_2.png; assets/img/testimonial/testi_1_4.png; assets/img/widget/gallery_1_1.png; assets/img/widget/gallery_1_2.png; assets/img/widget/gallery_1_3.png; assets/img/widget/gallery_1_4.png; assets/img/widget/gallery_1_5.png; assets/img/widget/gallery_1_6.png
public_html/assets/img/testimonial/testi_1_4.png,png,421,80,80,,550b5db66c00b7eff422bae3468ff82eb007f4da29ff82b4a8b76cb4bea2264c,NO,"Legacy template, admin or interface asset",Not rendered in the redesigned public site,INTENTIONALLY_EXCLUDED,Not required,Not applicable,"Administrative, plugin, theme-demo or interface artwork; not Vista company content.",assets/img/blog/comment-author-1.jpg; assets/img/blog/comment-author-2.jpg; assets/img/blog/comment-author-3.jpg; assets/img/blog/recent-post-1-1.png; assets/img/blog/recent-post-1-2.png; assets/img/blog/recent-post-1-3.png; assets/img/testimonial/testi_1_1.png; assets/img/testimonial/testi_1_2.png; assets/img/testimonial/testi_1_3.png; assets/img/widget/gallery_1_1.png; assets/img/widget/gallery_1_2.png; assets/img/widget/gallery_1_3.png; assets/img/widget/gallery_1_4.png; assets/img/widget/gallery_1_5.png; assets/img/widget/gallery_1_6.png
public_html/assets/img/testimonial/testi_2_1.png,png,701,190,190,,27cdca7b1591727866fbe467cc8a8b75cdb3158778fd92da4cf6334568b5155d,NO,"Legacy template, admin or interface asset",Not rendered in the redesigned public site,INTENTIONALLY_EXCLUDED,Not required,Not applicable,"Administrative, plugin, theme-demo or interface artwork; not Vista company content.",assets/img/normal/process-thumb-2-1.png; assets/img/normal/process-thumb-2-2.png; assets/img/normal/process-thumb-2-3.png; assets/img/normal/process-thumb-2-4.png; assets/img/testimonial/testi_2_2.png
public_html/assets/img/testimonial/testi_2_2.png,png,701,190,190,,27cdca7b1591727866fbe467cc8a8b75cdb3158778fd92da4cf6334568b5155d,NO,"Legacy template, admin or interface asset",Not rendered in the redesigned public site,INTENTIONALLY_EXCLUDED,Not required,Not applicable,"Administrative, plugin, theme-demo or interface artwork; not Vista company content.",assets/img/normal/process-thumb-2-1.png; assets/img/normal/process-thumb-2-2.png; assets/img/normal/process-thumb-2-3.png; assets/img/normal/process-thumb-2-4.png; assets/img/testimonial/testi_2_1.png
public_html/assets/img/testimonial/testi_3_1.png,png,391,100,100,,f442e839c200e2d46d098e4a131bf1d842b3f9ee115958ba327c4d463ae094dd,NO,"Legacy template, admin or interface asset",Not rendered in the redesigned public site,INTENTIONALLY_EXCLUDED,Not required,Not applicable,"Administrative, plugin, theme-demo or interface artwork; not Vista company content.",assets/img/project/project_details6.png; assets/img/project/project_details7.png; assets/img/testimonial/testi_4_1.png; assets/img/testimonial/testi_4_2.png; assets/img/testimonial/testi_5_1.png; assets/img/testimonial/testi_5_2.png
public_html/assets/img/testimonial/testi_3bg.png,png,4098,709,550,,68c5038ecb6445f06a4dfd59747c95e6c93216ee7251482a269207746979fa9a,NO,"Legacy template, admin or interface asset",Not rendered in the redesigned public site,INTENTIONALLY_EXCLUDED,Not required,Not applicable,"Administrative, plugin, theme-demo or interface artwork; not Vista company content.",
public_html/assets/img/testimonial/testi_4.png,png,2854,520,263,,7fe0e02dcc9f88f1bcca81bb63fd3bac835c6d702399c1da39f5d6a3377663e0,NO,"Legacy template, admin or interface asset",Not rendered in the redesigned public site,INTENTIONALLY_EXCLUDED,Not required,Not applicable,"Administrative, plugin, theme-demo or interface artwork; not Vista company content.",
public_html/assets/img/testimonial/testi_4_1.png,png,391,100,100,,f442e839c200e2d46d098e4a131bf1d842b3f9ee115958ba327c4d463ae094dd,NO,"Legacy template, admin or interface asset",Not rendered in the redesigned public site,INTENTIONALLY_EXCLUDED,Not required,Not applicable,"Administrative, plugin, theme-demo or interface artwork; not Vista company content.",assets/img/project/project_details6.png; assets/img/project/project_details7.png; assets/img/testimonial/testi_3_1.png; assets/img/testimonial/testi_4_2.png; assets/img/testimonial/testi_5_1.png; assets/img/testimonial/testi_5_2.png
public_html/assets/img/testimonial/testi_4_2.png,png,391,100,100,,f442e839c200e2d46d098e4a131bf1d842b3f9ee115958ba327c4d463ae094dd,NO,"Legacy template, admin or interface asset",Not rendered in the redesigned public site,INTENTIONALLY_EXCLUDED,Not required,Not applicable,"Administrative, plugin, theme-demo or interface artwork; not Vista company content.",assets/img/project/project_details6.png; assets/img/project/project_details7.png; assets/img/testimonial/testi_3_1.png; assets/img/testimonial/testi_4_1.png; assets/img/testimonial/testi_5_1.png; assets/img/testimonial/testi_5_2.png
public_html/assets/img/testimonial/testi_5_1.png,png,391,100,100,,f442e839c200e2d46d098e4a131bf1d842b3f9ee115958ba327c4d463ae094dd,NO,"Legacy template, admin or interface asset",Not rendered in the redesigned public site,INTENTIONALLY_EXCLUDED,Not required,Not applicable,"Administrative, plugin, theme-demo or interface artwork; not Vista company content.",assets/img/project/project_details6.png; assets/img/project/project_details7.png; assets/img/testimonial/testi_3_1.png; assets/img/testimonial/testi_4_1.png; assets/img/testimonial/testi_4_2.png; assets/img/testimonial/testi_5_2.png
public_html/assets/img/testimonial/testi_5_2.png,png,391,100,100,,f442e839c200e2d46d098e4a131bf1d842b3f9ee115958ba327c4d463ae094dd,NO,"Legacy template, admin or interface asset",Not rendered in the redesigned public site,INTENTIONALLY_EXCLUDED,Not required,Not applicable,"Administrative, plugin, theme-demo or interface artwork; not Vista company content.",assets/img/project/project_details6.png; assets/img/project/project_details7.png; assets/img/testimonial/testi_3_1.png; assets/img/testimonial/testi_4_1.png; assets/img/testimonial/testi_4_2.png; assets/img/testimonial/testi_5_1.png
public_html/assets/img/theme-img/error.svg,svg,93304,1200,467,,3cea86c842c7b58ff39f9ee4e7873bc67c0b6dcef758d53731503343a137a458,NO,"Legacy template, admin or interface asset",Not rendered in the redesigned public site,INTENTIONALLY_EXCLUDED,Not required,Not applicable,"Administrative, plugin, theme-demo or interface artwork; not Vista company content.",
public_html/assets/img/update1/bg/header_bg_1.png,png,65319,1920,147,,42de3c53e8d9f62464b16c15cf40aab9fcea259e10db5b75b0f3012f5e3ad1cd,NO,"Legacy template, admin or interface asset",Not rendered in the redesigned public site,INTENTIONALLY_EXCLUDED,Not required,Not applicable,"Administrative, plugin, theme-demo or interface artwork; not Vista company content.",
public_html/assets/img/update1/bg/pattern_bg_1.png,png,2933,84,105,,ff43c3aaa6967d2205efe8a2528a6fd14760be52408a50250fffc8f2f7442fd7,NO,"Legacy template, admin or interface asset",Not rendered in the redesigned public site,INTENTIONALLY_EXCLUDED,Not required,Not applicable,"Administrative, plugin, theme-demo or interface artwork; not Vista company content.",
public_html/assets/img/update1/bg/pattern_bg_2.png,png,308,80,110,,e9370c451b1f5e269177bfe699448aa8972abfb88b737bb50e0f796e766a88f6,NO,"Legacy template, admin or interface asset",Not rendered in the redesigned public site,INTENTIONALLY_EXCLUDED,Not required,Not applicable,"Administrative, plugin, theme-demo or interface artwork; not Vista company content.",
public_html/assets/img/update1/hero/hero_overlay_5.png,png,439213,1820,840,,f44650de67944d75628b06aeeba9ecb305e4e3e6970f1da9bfed23ade726a093,NO,"Legacy template, admin or interface asset",Not rendered in the redesigned public site,INTENTIONALLY_EXCLUDED,Not required,Not applicable,"Administrative, plugin, theme-demo or interface artwork; not Vista company content.",
public_html/assets/img/update1/hero/hero_overlay_6.png,png,313285,1920,850,,3b13115c3076db07462dd35bb4aefb9946d33d53a294cc1dfc2dcee9880ff1a7,NO,"Legacy template, admin or interface asset",Not rendered in the redesigned public site,INTENTIONALLY_EXCLUDED,Not required,Not applicable,"Administrative, plugin, theme-demo or interface artwork; not Vista company content.",
public_html/assets/img/update1/hero/hero_overlay_7.png,png,267415,1920,1010,,37c44d0f47a233c754780ebbaef7e900f910adf08210ef1c095da1acede3b437,NO,"Legacy template, admin or interface asset",Not rendered in the redesigned public site,INTENTIONALLY_EXCLUDED,Not required,Not applicable,"Administrative, plugin, theme-demo or interface artwork; not Vista company content.",
public_html/assets/img/update1/hero/hero_overlay_8.png,png,203613,1920,900,,e844a4a1a3853c5b8839979252506b53ee2940bf173175c1fa5a2089ebec8695,NO,"Legacy template, admin or interface asset",Not rendered in the redesigned public site,INTENTIONALLY_EXCLUDED,Not required,Not applicable,"Administrative, plugin, theme-demo or interface artwork; not Vista company content.",
public_html/assets/img/widget/gallery_1_1.png,png,421,80,80,,550b5db66c00b7eff422bae3468ff82eb007f4da29ff82b4a8b76cb4bea2264c,NO,"Legacy template, admin or interface asset",Not rendered in the redesigned public site,INTENTIONALLY_EXCLUDED,Not required,Not applicable,"Administrative, plugin, theme-demo or interface artwork; not Vista company content.",assets/img/blog/comment-author-1.jpg; assets/img/blog/comment-author-2.jpg; assets/img/blog/comment-author-3.jpg; assets/img/blog/recent-post-1-1.png; assets/img/blog/recent-post-1-2.png; assets/img/blog/recent-post-1-3.png; assets/img/testimonial/testi_1_1.png; assets/img/testimonial/testi_1_2.png; assets/img/testimonial/testi_1_3.png; assets/img/testimonial/testi_1_4.png; assets/img/widget/gallery_1_2.png; assets/img/widget/gallery_1_3.png; assets/img/widget/gallery_1_4.png; assets/img/widget/gallery_1_5.png; assets/img/widget/gallery_1_6.png
public_html/assets/img/widget/gallery_1_2.png,png,421,80,80,,550b5db66c00b7eff422bae3468ff82eb007f4da29ff82b4a8b76cb4bea2264c,NO,"Legacy template, admin or interface asset",Not rendered in the redesigned public site,INTENTIONALLY_EXCLUDED,Not required,Not applicable,"Administrative, plugin, theme-demo or interface artwork; not Vista company content.",assets/img/blog/comment-author-1.jpg; assets/img/blog/comment-author-2.jpg; assets/img/blog/comment-author-3.jpg; assets/img/blog/recent-post-1-1.png; assets/img/blog/recent-post-1-2.png; assets/img/blog/recent-post-1-3.png; assets/img/testimonial/testi_1_1.png; assets/img/testimonial/testi_1_2.png; assets/img/testimonial/testi_1_3.png; assets/img/testimonial/testi_1_4.png; assets/img/widget/gallery_1_1.png; assets/img/widget/gallery_1_3.png; assets/img/widget/gallery_1_4.png; assets/img/widget/gallery_1_5.png; assets/img/widget/gallery_1_6.png
public_html/assets/img/widget/gallery_1_3.png,png,421,80,80,,550b5db66c00b7eff422bae3468ff82eb007f4da29ff82b4a8b76cb4bea2264c,NO,"Legacy template, admin or interface asset",Not rendered in the redesigned public site,INTENTIONALLY_EXCLUDED,Not required,Not applicable,"Administrative, plugin, theme-demo or interface artwork; not Vista company content.",assets/img/blog/comment-author-1.jpg; assets/img/blog/comment-author-2.jpg; assets/img/blog/comment-author-3.jpg; assets/img/blog/recent-post-1-1.png; assets/img/blog/recent-post-1-2.png; assets/img/blog/recent-post-1-3.png; assets/img/testimonial/testi_1_1.png; assets/img/testimonial/testi_1_2.png; assets/img/testimonial/testi_1_3.png; assets/img/testimonial/testi_1_4.png; assets/img/widget/gallery_1_1.png; assets/img/widget/gallery_1_2.png; assets/img/widget/gallery_1_4.png; assets/img/widget/gallery_1_5.png; assets/img/widget/gallery_1_6.png
public_html/assets/img/widget/gallery_1_4.png,png,421,80,80,,550b5db66c00b7eff422bae3468ff82eb007f4da29ff82b4a8b76cb4bea2264c,NO,"Legacy template, admin or interface asset",Not rendered in the redesigned public site,INTENTIONALLY_EXCLUDED,Not required,Not applicable,"Administrative, plugin, theme-demo or interface artwork; not Vista company content.",assets/img/blog/comment-author-1.jpg; assets/img/blog/comment-author-2.jpg; assets/img/blog/comment-author-3.jpg; assets/img/blog/recent-post-1-1.png; assets/img/blog/recent-post-1-2.png; assets/img/blog/recent-post-1-3.png; assets/img/testimonial/testi_1_1.png; assets/img/testimonial/testi_1_2.png; assets/img/testimonial/testi_1_3.png; assets/img/testimonial/testi_1_4.png; assets/img/widget/gallery_1_1.png; assets/img/widget/gallery_1_2.png; assets/img/widget/gallery_1_3.png; assets/img/widget/gallery_1_5.png; assets/img/widget/gallery_1_6.png
public_html/assets/img/widget/gallery_1_5.png,png,421,80,80,,550b5db66c00b7eff422bae3468ff82eb007f4da29ff82b4a8b76cb4bea2264c,NO,"Legacy template, admin or interface asset",Not rendered in the redesigned public site,INTENTIONALLY_EXCLUDED,Not required,Not applicable,"Administrative, plugin, theme-demo or interface artwork; not Vista company content.",assets/img/blog/comment-author-1.jpg; assets/img/blog/comment-author-2.jpg; assets/img/blog/comment-author-3.jpg; assets/img/blog/recent-post-1-1.png; assets/img/blog/recent-post-1-2.png; assets/img/blog/recent-post-1-3.png; assets/img/testimonial/testi_1_1.png; assets/img/testimonial/testi_1_2.png; assets/img/testimonial/testi_1_3.png; assets/img/testimonial/testi_1_4.png; assets/img/widget/gallery_1_1.png; assets/img/widget/gallery_1_2.png; assets/img/widget/gallery_1_3.png; assets/img/widget/gallery_1_4.png; assets/img/widget/gallery_1_6.png
public_html/assets/img/widget/gallery_1_6.png,png,421,80,80,,550b5db66c00b7eff422bae3468ff82eb007f4da29ff82b4a8b76cb4bea2264c,NO,"Legacy template, admin or interface asset",Not rendered in the redesigned public site,INTENTIONALLY_EXCLUDED,Not required,Not applicable,"Administrative, plugin, theme-demo or interface artwork; not Vista company content.",assets/img/blog/comment-author-1.jpg; assets/img/blog/comment-author-2.jpg; assets/img/blog/comment-author-3.jpg; assets/img/blog/recent-post-1-1.png; assets/img/blog/recent-post-1-2.png; assets/img/blog/recent-post-1-3.png; assets/img/testimonial/testi_1_1.png; assets/img/testimonial/testi_1_2.png; assets/img/testimonial/testi_1_3.png; assets/img/testimonial/testi_1_4.png; assets/img/widget/gallery_1_1.png; assets/img/widget/gallery_1_2.png; assets/img/widget/gallery_1_3.png; assets/img/widget/gallery_1_4.png; assets/img/widget/gallery_1_5.png
public_html/assets/img/widget/widget_banner.png,png,2064,410,382,,5a894d9760a704f856b6120efc824e8d8ee7dbc758eaf078129eca6098fc29c8,NO,"Legacy template, admin or interface asset",Not rendered in the redesigned public site,INTENTIONALLY_EXCLUDED,Not required,Not applicable,"Administrative, plugin, theme-demo or interface artwork; not Vista company content.",
public_html/cocuk.jpg,jpg,337780,850,500,,14116774f6bc40b45a97d69a990c2a434acb4e34aa064657e13e4115b911df45,YES,Original product-category image,"/galeri/galerim2, Archive filter",USE_IN_ARCHIVE_GALLERY,Original retained; lazy loaded,Not applicable,,
public_html/en.png,png,3118,128,128,,3c3f63f0342d6fadfdf636db6a04ec0a1cc824eab9cbdc77a4e7498e1a2b86c8,YES,Original language or favicon UI,Superseded by text language controls and the approved WM logo,DUPLICATE_DO_NOT_REPEAT,Not required,Not applicable,Replaced by the new accessible text switcher or approved brand asset.,
public_html/erkek.jpg,jpg,279078,850,500,,631d0e4fd6047c3021acead77ca5773499493ef9eefd3d54783d56e28b888c3f,YES,Original product-category image,"/galeri/galerim2, Archive filter",USE_IN_ARCHIVE_GALLERY,Original retained; lazy loaded,Not applicable,,
public_html/Eski/admin/ckeditor/plugins/about/dialogs/hidpi/logo_ckeditor.png,png,13339,326,116,,227a0aade8e648c3ab3977ce9e66b9491baa9aa7376082c652fdb76230adffdd,NO,"Legacy template, admin or interface asset",Not rendered in the redesigned public site,INTENTIONALLY_EXCLUDED,Not required,Not applicable,"Administrative, plugin, theme-demo or interface artwork; not Vista company content.",admin/ckeditor/plugins/about/dialogs/hidpi/logo_ckeditor.png
public_html/Eski/admin/ckeditor/plugins/about/dialogs/logo_ckeditor.png,png,6757,163,58,,954605bb634dae9f4d15ca33057d86eb62e34ae3bc57dfd5877b6d3356067413,NO,"Legacy template, admin or interface asset",Not rendered in the redesigned public site,INTENTIONALLY_EXCLUDED,Not required,Not applicable,"Administrative, plugin, theme-demo or interface artwork; not Vista company content.",admin/ckeditor/plugins/about/dialogs/logo_ckeditor.png
public_html/Eski/admin/ckeditor/plugins/icons.png,png,5881,16,1056,,88779260914cca894bda32f92ec66fa516eed8f080109593b56d2b53bfe452ba,NO,"Legacy template, admin or interface asset",Not rendered in the redesigned public site,INTENTIONALLY_EXCLUDED,Not required,Not applicable,"Administrative, plugin, theme-demo or interface artwork; not Vista company content.",admin/ckeditor/plugins/icons.png; admin/ckeditor/skins/moono-lisa/icons.png; Eski/admin/ckeditor/skins/moono-lisa/icons.png
public_html/Eski/admin/ckeditor/plugins/icons_hidpi.png,png,20430,32,2112,,bd0cf1caad03c29eda13f608e3d8470022d0a3797a93ff240a9f33d0a95b28a7,NO,"Legacy template, admin or interface asset",Not rendered in the redesigned public site,INTENTIONALLY_EXCLUDED,Not required,Not applicable,"Administrative, plugin, theme-demo or interface artwork; not Vista company content.",admin/ckeditor/plugins/icons_hidpi.png; admin/ckeditor/skins/moono-lisa/icons_hidpi.png; Eski/admin/ckeditor/skins/moono-lisa/icons_hidpi.png
public_html/Eski/admin/ckeditor/plugins/image/images/noimage.png,png,1610,40,40,,bd8c0e93d7bc89b0c36085672424fe2f698dac0e680a1b278f00a152579f2a93,NO,"Legacy template, admin or interface asset",Not rendered in the redesigned public site,INTENTIONALLY_EXCLUDED,Not required,Not applicable,"Administrative, plugin, theme-demo or interface artwork; not Vista company content.",admin/ckeditor/plugins/image/images/noimage.png
public_html/Eski/admin/ckeditor/plugins/link/images/anchor.png,png,752,16,16,,cddc8927dfdd672d655b96b551ba1ad1599c5f13d13deb2b09a28b54c853a25c,NO,"Legacy template, admin or interface asset",Not rendered in the redesigned public site,INTENTIONALLY_EXCLUDED,Not required,Not applicable,"Administrative, plugin, theme-demo or interface artwork; not Vista company content.",admin/ckeditor/plugins/link/images/anchor.png
public_html/Eski/admin/ckeditor/plugins/link/images/hidpi/anchor.png,png,1109,32,32,,b5b952c9dbf47ff88b4904b99cf673cf6ec94cd65f4c66b55eaea5dbb911f4db,NO,"Legacy template, admin or interface asset",Not rendered in the redesigned public site,INTENTIONALLY_EXCLUDED,Not required,Not applicable,"Administrative, plugin, theme-demo or interface artwork; not Vista company content.",admin/ckeditor/plugins/link/images/hidpi/anchor.png
public_html/Eski/admin/ckeditor/plugins/magicline/images/hidpi/icon-rtl.png,png,176,18,20,,4046986f6904328c9d470b44c95f1f50ef82d9e470915ea471e1f4dcc0f06618,NO,"Legacy template, admin or interface asset",Not rendered in the redesigned public site,INTENTIONALLY_EXCLUDED,Not required,Not applicable,"Administrative, plugin, theme-demo or interface artwork; not Vista company content.",admin/ckeditor/plugins/magicline/images/hidpi/icon-rtl.png
public_html/Eski/admin/ckeditor/plugins/magicline/images/hidpi/icon.png,png,199,18,20,,92dfb414e7a31e632288097db347e272ecfd001f9825423a16c623dcaeb968b8,NO,"Legacy template, admin or interface asset",Not rendered in the redesigned public site,INTENTIONALLY_EXCLUDED,Not required,Not applicable,"Administrative, plugin, theme-demo or interface artwork; not Vista company content.",admin/ckeditor/plugins/magicline/images/hidpi/icon.png
public_html/Eski/admin/ckeditor/plugins/magicline/images/icon-rtl.png,png,138,9,10,,9510f6245b266712f0ec4159e5fc5a97e1ad5c667e65b7fb97c5d1f20cfd7ba5,NO,"Legacy template, admin or interface asset",Not rendered in the redesigned public site,INTENTIONALLY_EXCLUDED,Not required,Not applicable,"Administrative, plugin, theme-demo or interface artwork; not Vista company content.",admin/ckeditor/plugins/magicline/images/icon-rtl.png
public_html/Eski/admin/ckeditor/plugins/magicline/images/icon.png,png,133,9,10,,db2f77571f3e9cb69096a5da21af65b0eacf5eaef08492bb831999504a3e115a,NO,"Legacy template, admin or interface asset",Not rendered in the redesigned public site,INTENTIONALLY_EXCLUDED,Not required,Not applicable,"Administrative, plugin, theme-demo or interface artwork; not Vista company content.",admin/ckeditor/plugins/magicline/images/icon.png
public_html/Eski/admin/ckeditor/plugins/videodetector/icons/icon_black.png,png,656,17,17,,d8af5a5333e979ca20c3e096e19975abb90ebf1f5ce606041cc8444c8758f00b,NO,"Legacy template, admin or interface asset",Not rendered in the redesigned public site,INTENTIONALLY_EXCLUDED,Not required,Not applicable,"Administrative, plugin, theme-demo or interface artwork; not Vista company content.",admin/ckeditor/plugins/videodetector/icons/icon_black.png
public_html/Eski/admin/ckeditor/plugins/videodetector/icons/icon_white.png,png,983,34,34,,8c70981a3b4a44be3514e61238fbc2c9e01a48fd336b71d432a7235a337bb553,NO,"Legacy template, admin or interface asset",Not rendered in the redesigned public site,INTENTIONALLY_EXCLUDED,Not required,Not applicable,"Administrative, plugin, theme-demo or interface artwork; not Vista company content.",admin/ckeditor/plugins/videodetector/icons/icon_white.png
public_html/Eski/admin/ckeditor/plugins/videodetector/icons/videodetector.svg,svg,746,,,,40eb96194ce18cdbd3bb3d24073c7ba95fd1d1cef90b36862eaa38ec725f4ef7,NO,"Legacy template, admin or interface asset",Not rendered in the redesigned public site,INTENTIONALLY_EXCLUDED,Not required,Not applicable,"Administrative, plugin, theme-demo or interface artwork; not Vista company content.",admin/ckeditor/plugins/videodetector/icons/videodetector.svg
public_html/Eski/admin/ckeditor/samples/img/github-top.png,png,383,19,18,,79c45a24b057fe7bf88b3e6d546f0788c1deab6712ca4a8dd2d75f776f82dc55,NO,"Legacy template, admin or interface asset",Not rendered in the redesigned public site,INTENTIONALLY_EXCLUDED,Not required,Not applicable,"Administrative, plugin, theme-demo or interface artwork; not Vista company content.",admin/ckeditor/samples/img/github-top.png
public_html/Eski/admin/ckeditor/samples/img/header-bg.png,png,13086,113,146,,2b53f5998bc03548ae2b11056260864d6da1f47764198d50d55ad874fa6f7195,NO,"Legacy template, admin or interface asset",Not rendered in the redesigned public site,INTENTIONALLY_EXCLUDED,Not required,Not applicable,"Administrative, plugin, theme-demo or interface artwork; not Vista company content.",admin/ckeditor/samples/img/header-bg.png
public_html/Eski/admin/ckeditor/samples/img/header-separator.png,png,123,1000,1,,a20d62c7bca75a7768216d6ff7330e2edebfc5cdf86e0f3cbc76914daddf276f,NO,"Legacy template, admin or interface asset",Not rendered in the redesigned public site,INTENTIONALLY_EXCLUDED,Not required,Not applicable,"Administrative, plugin, theme-demo or interface artwork; not Vista company content.",admin/ckeditor/samples/img/header-separator.png
public_html/Eski/admin/ckeditor/samples/img/logo.png,png,5891,156,60,,3f06064634e4f5c7b7d7663207df219364e79af0ab679774e175bf829328a875,NO,"Legacy template, admin or interface asset",Not rendered in the redesigned public site,INTENTIONALLY_EXCLUDED,Not required,Not applicable,"Administrative, plugin, theme-demo or interface artwork; not Vista company content.",admin/ckeditor/samples/img/logo.png
public_html/Eski/admin/ckeditor/samples/img/navigation-tip.png,png,12029,212,300,,8649715971fe8db4134ee1a96b2cafa813012c22c8a108cbdbf720aeb52c8e6a,NO,"Legacy template, admin or interface asset",Not rendered in the redesigned public site,INTENTIONALLY_EXCLUDED,Not required,Not applicable,"Administrative, plugin, theme-demo or interface artwork; not Vista company content.",admin/ckeditor/samples/img/navigation-tip.png
public_html/Eski/admin/ckeditor/samples/old/assets/inlineall/logo.png,png,4283,182,63,,69f2f3778fe884c576df24e955ac388ba8166604c04382f74d587bffe8b951ee,NO,"Legacy template, admin or interface asset",Not rendered in the redesigned public site,INTENTIONALLY_EXCLUDED,Not required,Not applicable,"Administrative, plugin, theme-demo or interface artwork; not Vista company content.",admin/ckeditor/samples/old/assets/inlineall/logo.png
public_html/Eski/admin/ckeditor/samples/old/assets/sample.jpg,jpg,14449,160,200,,934f06ef44b82e41db96ce885ed62905b47f3a02fa49d31040d436334fb3577a,NO,"Legacy template, admin or interface asset",Not rendered in the redesigned public site,INTENTIONALLY_EXCLUDED,Not required,Not applicable,"Administrative, plugin, theme-demo or interface artwork; not Vista company content.",admin/ckeditor/samples/old/assets/sample.jpg
public_html/Eski/admin/ckeditor/samples/toolbarconfigurator/font/fontello.svg,svg,1701,,,,0660da80c6903e1dda005f289c31189c5228bd540815dafe4391915d40e1c21b,NO,"Legacy template, admin or interface asset",Not rendered in the redesigned public site,INTENTIONALLY_EXCLUDED,Not required,Not applicable,"Administrative, plugin, theme-demo or interface artwork; not Vista company content.",admin/ckeditor/samples/toolbarconfigurator/font/fontello.svg
public_html/Eski/admin/ckeditor/skins/moono-lisa/icons.png,png,5881,16,1056,,88779260914cca894bda32f92ec66fa516eed8f080109593b56d2b53bfe452ba,NO,"Legacy template, admin or interface asset",Not rendered in the redesigned public site,INTENTIONALLY_EXCLUDED,Not required,Not applicable,"Administrative, plugin, theme-demo or interface artwork; not Vista company content.",admin/ckeditor/plugins/icons.png; admin/ckeditor/skins/moono-lisa/icons.png; Eski/admin/ckeditor/plugins/icons.png
public_html/Eski/admin/ckeditor/skins/moono-lisa/icons_hidpi.png,png,20430,32,2112,,bd0cf1caad03c29eda13f608e3d8470022d0a3797a93ff240a9f33d0a95b28a7,NO,"Legacy template, admin or interface asset",Not rendered in the redesigned public site,INTENTIONALLY_EXCLUDED,Not required,Not applicable,"Administrative, plugin, theme-demo or interface artwork; not Vista company content.",admin/ckeditor/plugins/icons_hidpi.png; admin/ckeditor/skins/moono-lisa/icons_hidpi.png; Eski/admin/ckeditor/plugins/icons_hidpi.png
public_html/Eski/admin/ckeditor/skins/moono-lisa/images/arrow.png,png,191,6,30,,b2277bbb26fff842ebf687d4e0db0011c97ce2ad5150e20ebd63cd15a2c9550b,NO,"Legacy template, admin or interface asset",Not rendered in the redesigned public site,INTENTIONALLY_EXCLUDED,Not required,Not applicable,"Administrative, plugin, theme-demo or interface artwork; not Vista company content.",admin/ckeditor/skins/moono-lisa/images/arrow.png
public_html/Eski/admin/ckeditor/skins/moono-lisa/images/close.png,png,615,16,16,,0d5aab99d91cdf9451203c690d1b681efac0e247873137c2e4b254f5eaed0250,NO,"Legacy template, admin or interface asset",Not rendered in the redesigned public site,INTENTIONALLY_EXCLUDED,Not required,Not applicable,"Administrative, plugin, theme-demo or interface artwork; not Vista company content.",admin/ckeditor/skins/moono-lisa/images/close.png
public_html/Eski/admin/ckeditor/skins/moono-lisa/images/hidpi/close.png,png,1238,32,32,,31ca8328e53f548322e8d6cb9b889e1fe6d918e3f944910b905a3c3a9b97f616,NO,"Legacy template, admin or interface asset",Not rendered in the redesigned public site,INTENTIONALLY_EXCLUDED,Not required,Not applicable,"Administrative, plugin, theme-demo or interface artwork; not Vista company content.",admin/ckeditor/skins/moono-lisa/images/hidpi/close.png
public_html/Eski/admin/ckeditor/skins/moono-lisa/images/hidpi/lock-open.png,png,1071,32,32,,0f89da48392084c2b92f1184b20cd15a82b00f76369619827f0c256e4d064a84,NO,"Legacy template, admin or interface asset",Not rendered in the redesigned public site,INTENTIONALLY_EXCLUDED,Not required,Not applicable,"Administrative, plugin, theme-demo or interface artwork; not Vista company content.",admin/ckeditor/skins/moono-lisa/images/hidpi/lock-open.png
public_html/Eski/admin/ckeditor/skins/moono-lisa/images/hidpi/lock.png,png,1062,32,32,,590115a32954f2bf27bdad510aa986ab4790616b3838ed840d36707c37d2e549,NO,"Legacy template, admin or interface asset",Not rendered in the redesigned public site,INTENTIONALLY_EXCLUDED,Not required,Not applicable,"Administrative, plugin, theme-demo or interface artwork; not Vista company content.",admin/ckeditor/skins/moono-lisa/images/hidpi/lock.png
public_html/Eski/admin/ckeditor/skins/moono-lisa/images/hidpi/refresh.png,png,1623,32,32,,0afa815ccda8e98ab0c53b7f84405e7af5926a2f674f294ab7e0636eab8d59bc,NO,"Legacy template, admin or interface asset",Not rendered in the redesigned public site,INTENTIONALLY_EXCLUDED,Not required,Not applicable,"Administrative, plugin, theme-demo or interface artwork; not Vista company content.",admin/ckeditor/skins/moono-lisa/images/hidpi/refresh.png
public_html/Eski/admin/ckeditor/skins/moono-lisa/images/lock-open.png,png,511,16,16,,76f7cea49f5c9c3a33ebe05a241e5278530887fe7669529a04accf237ef491ae,NO,"Legacy template, admin or interface asset",Not rendered in the redesigned public site,INTENTIONALLY_EXCLUDED,Not required,Not applicable,"Administrative, plugin, theme-demo or interface artwork; not Vista company content.",admin/ckeditor/skins/moono-lisa/images/lock-open.png
public_html/Eski/admin/ckeditor/skins/moono-lisa/images/lock.png,png,506,16,16,,591538a3e1c27b0666fbea0e16e5fd35c37824711bf843bd42e692886cd34a87,NO,"Legacy template, admin or interface asset",Not rendered in the redesigned public site,INTENTIONALLY_EXCLUDED,Not required,Not applicable,"Administrative, plugin, theme-demo or interface artwork; not Vista company content.",admin/ckeditor/skins/moono-lisa/images/lock.png
public_html/Eski/admin/ckeditor/skins/moono-lisa/images/refresh.png,png,757,16,16,,908ab5420bc35b3dbb1408cba105349ba1f47334ca98be08d0607410353d033a,NO,"Legacy template, admin or interface asset",Not rendered in the redesigned public site,INTENTIONALLY_EXCLUDED,Not required,Not applicable,"Administrative, plugin, theme-demo or interface artwork; not Vista company content.",admin/ckeditor/skins/moono-lisa/images/refresh.png
public_html/Eski/admin/ckeditor/skins/moono-lisa/images/spinner.gif,gif,2984,16,16,,fe605d83531314abeaec1f47b43c86a4a48c86e3f332ad01b5a9ed2558b8b41f,NO,"Legacy template, admin or interface asset",Not rendered in the redesigned public site,INTENTIONALLY_EXCLUDED,Not required,Not applicable,"Administrative, plugin, theme-demo or interface artwork; not Vista company content.",admin/ckeditor/skins/moono-lisa/images/spinner.gif
public_html/Eski/admin/css/patterns/1.png,png,5352,220,156,,db39efcf653c1465edab06f363af6194507cdeddf251dd13e87a9e3027ed8d0a,NO,"Legacy template, admin or interface asset",Not rendered in the redesigned public site,INTENTIONALLY_EXCLUDED,Not required,Not applicable,"Administrative, plugin, theme-demo or interface artwork; not Vista company content.",admin/css/patterns/1.png
public_html/Eski/admin/css/patterns/2.png,png,5048,220,156,,3ac16ef17307a2c1dd4eec3f8e308ef149827b580c7f6ca940ba6810e7b7710a,NO,"Legacy template, admin or interface asset",Not rendered in the redesigned public site,INTENTIONALLY_EXCLUDED,Not required,Not applicable,"Administrative, plugin, theme-demo or interface artwork; not Vista company content.",admin/css/patterns/2.png
public_html/Eski/admin/css/patterns/3.png,png,6562,220,156,,0791e57ff55d8bfd74879a0580a454ed1b7dd38976d5caf82b06162b4475f051,NO,"Legacy template, admin or interface asset",Not rendered in the redesigned public site,INTENTIONALLY_EXCLUDED,Not required,Not applicable,"Administrative, plugin, theme-demo or interface artwork; not Vista company content.",admin/css/patterns/3.png
public_html/Eski/admin/css/patterns/4.png,png,11104,440,312,,37b25141944657b7700dc4e9448cea724bdaea505d307495769e8201957a57b1,NO,"Legacy template, admin or interface asset",Not rendered in the redesigned public site,INTENTIONALLY_EXCLUDED,Not required,Not applicable,"Administrative, plugin, theme-demo or interface artwork; not Vista company content.",admin/css/patterns/4.png
public_html/Eski/admin/css/patterns/5.png,png,10843,440,312,,2c503eff01e1ff4d6fc52a142ed17f1480cdca599f7273ec33cdd5f0e8dcfc16,NO,"Legacy template, admin or interface asset",Not rendered in the redesigned public site,INTENTIONALLY_EXCLUDED,Not required,Not applicable,"Administrative, plugin, theme-demo or interface artwork; not Vista company content.",admin/css/patterns/5.png
public_html/Eski/admin/css/patterns/6.png,png,9983,440,312,,25def1280eb04acf86c0c58bc2bdee52b33d0f35d3e151d23265280d8061a8d4,NO,"Legacy template, admin or interface asset",Not rendered in the redesigned public site,INTENTIONALLY_EXCLUDED,Not required,Not applicable,"Administrative, plugin, theme-demo or interface artwork; not Vista company content.",admin/css/patterns/6.png
public_html/Eski/admin/css/patterns/7.png,png,10543,440,312,,b1cf6c5678a2de9686e38a537f386c0ed0d9bee5c4dbc073c0103b55359cd102,NO,"Legacy template, admin or interface asset",Not rendered in the redesigned public site,INTENTIONALLY_EXCLUDED,Not required,Not applicable,"Administrative, plugin, theme-demo or interface artwork; not Vista company content.",admin/css/patterns/7.png
public_html/Eski/admin/css/patterns/congruent_pentagon.png,png,28934,600,600,,c929ba16ee39fcceb02db800468f8c0a1a435230cf292320f44fce325a0846db,NO,"Legacy template, admin or interface asset",Not rendered in the redesigned public site,INTENTIONALLY_EXCLUDED,Not required,Not applicable,"Administrative, plugin, theme-demo or interface artwork; not Vista company content.",admin/css/patterns/congruent_pentagon.png
public_html/Eski/admin/css/patterns/header-profile-skin-1.png,png,26278,220,156,,056d7f8ace7f4f137febf1e7a0a4da2bd86ab60cf9b6372a6e1141e8b24984eb,NO,"Legacy template, admin or interface asset",Not rendered in the redesigned public site,INTENTIONALLY_EXCLUDED,Not required,Not applicable,"Administrative, plugin, theme-demo or interface artwork; not Vista company content.",admin/css/patterns/header-profile-skin-1.png
public_html/Eski/admin/css/patterns/header-profile-skin-2.png,png,28211,220,156,,768b213762f966d13d2e344140fb95e04d040860a4046efaff279363d60059a3,NO,"Legacy template, admin or interface asset",Not rendered in the redesigned public site,INTENTIONALLY_EXCLUDED,Not required,Not applicable,"Administrative, plugin, theme-demo or interface artwork; not Vista company content.",admin/css/patterns/header-profile-skin-2.png
public_html/Eski/admin/css/patterns/header-profile-skin-3.png,png,33032,220,156,,e68e73e5aa5808121374833ffc85bad6abcb5bd5d2ac9424bc690715e2bd5027,NO,"Legacy template, admin or interface asset",Not rendered in the redesigned public site,INTENTIONALLY_EXCLUDED,Not required,Not applicable,"Administrative, plugin, theme-demo or interface artwork; not Vista company content.",admin/css/patterns/header-profile-skin-3.png
public_html/Eski/admin/css/patterns/header-profile.png,png,5877,220,156,,c05909898218a521d3bd19ba09a9a43338de6de5fdf1d3fc771b0ec28ae416c5,NO,"Legacy template, admin or interface asset",Not rendered in the redesigned public site,INTENTIONALLY_EXCLUDED,Not required,Not applicable,"Administrative, plugin, theme-demo or interface artwork; not Vista company content.",admin/css/patterns/header-profile.png
public_html/Eski/admin/css/patterns/otis_redding.png,png,10849,100,100,,477ffbbd1777e7d0ef656024892c087de62c9ce9d424c292985f941ed8a08399,NO,"Legacy template, admin or interface asset",Not rendered in the redesigned public site,INTENTIONALLY_EXCLUDED,Not required,Not applicable,"Administrative, plugin, theme-demo or interface artwork; not Vista company content.",admin/css/patterns/otis_redding.png
public_html/Eski/admin/css/patterns/shattered.png,png,137733,500,500,,241155c2a3436bfc0a542fc31fe2908ff2bdfc90e1ac7e26c6ba715b01030dcf,NO,"Legacy template, admin or interface asset",Not rendered in the redesigned public site,INTENTIONALLY_EXCLUDED,Not required,Not applicable,"Administrative, plugin, theme-demo or interface artwork; not Vista company content.",admin/css/patterns/shattered.png; admin/img/landing/shattered.png; Eski/admin/img/landing/shattered.png
public_html/Eski/admin/css/patterns/triangular.png,png,210,60,60,,076f119eafc772e88e16f8a4a0b8b0398b5b00babebc474898f5c7faeb42a97d,NO,"Legacy template, admin or interface asset",Not rendered in the redesigned public site,INTENTIONALLY_EXCLUDED,Not required,Not applicable,"Administrative, plugin, theme-demo or interface artwork; not Vista company content.",admin/css/patterns/triangular.png
public_html/Eski/admin/css/plugins/blueimp/img/error.png,png,2216,64,64,,aa462f83787f52e75b32a16cbba63069f26ae250bcd9d838b2a119a14101ac01,NO,"Legacy template, admin or interface asset",Not rendered in the redesigned public site,INTENTIONALLY_EXCLUDED,Not required,Not applicable,"Administrative, plugin, theme-demo or interface artwork; not Vista company content.",admin/css/plugins/blueimp/img/error.png
public_html/Eski/admin/css/plugins/blueimp/img/error.svg,svg,306,64,64,,7168de2d9dbda989c0deb414fd095f63d297cb836d886e2d8d19b42417c459da,NO,"Legacy template, admin or interface asset",Not rendered in the redesigned public site,INTENTIONALLY_EXCLUDED,Not required,Not applicable,"Administrative, plugin, theme-demo or interface artwork; not Vista company content.",admin/css/plugins/blueimp/img/error.svg
public_html/Eski/admin/css/plugins/blueimp/img/loading.gif,gif,3897,128,128,,b84750cc5a395288fcfd0cf42e3a60d6135e2f14db83fce05e97e5abacc2f9b4,NO,"Legacy template, admin or interface asset",Not rendered in the redesigned public site,INTENTIONALLY_EXCLUDED,Not required,Not applicable,"Administrative, plugin, theme-demo or interface artwork; not Vista company content.",admin/css/plugins/blueimp/img/loading.gif
public_html/Eski/admin/css/plugins/blueimp/img/play-pause.png,png,606,30,15,,104817e9f808da1039e66cb0e8d7a2b4c1e76243ef8d5d68396e547d7c7d8ae6,NO,"Legacy template, admin or interface asset",Not rendered in the redesigned public site,INTENTIONALLY_EXCLUDED,Not required,Not applicable,"Administrative, plugin, theme-demo or interface artwork; not Vista company content.",admin/css/plugins/blueimp/img/play-pause.png
public_html/Eski/admin/css/plugins/blueimp/img/play-pause.svg,svg,382,30,15,,6f924d25b0a89b0fc23f5caf85645b9aa51c5e225dde029f500482ceb6cfcd99,NO,"Legacy template, admin or interface asset",Not rendered in the redesigned public site,INTENTIONALLY_EXCLUDED,Not required,Not applicable,"Administrative, plugin, theme-demo or interface artwork; not Vista company content.",admin/css/plugins/blueimp/img/play-pause.svg
public_html/Eski/admin/css/plugins/blueimp/img/video-play.png,png,2811,64,64,,4b2a9aa056390eb56ac1e7aedc6909c0ce6c1facc1463a411fbc986b31fd93eb,NO,"Legacy template, admin or interface asset",Not rendered in the redesigned public site,INTENTIONALLY_EXCLUDED,Not required,Not applicable,"Administrative, plugin, theme-demo or interface artwork; not Vista company content.",admin/css/plugins/blueimp/img/video-play.png
public_html/Eski/admin/css/plugins/blueimp/img/video-play.svg,svg,274,64,64,,c8ae32014fc721244469142669df3c4576cb3b68a55bb14a070a6ff67ee49aa1,NO,"Legacy template, admin or interface asset",Not rendered in the redesigned public site,INTENTIONALLY_EXCLUDED,Not required,Not applicable,"Administrative, plugin, theme-demo or interface artwork; not Vista company content.",admin/css/plugins/blueimp/img/video-play.svg
public_html/Eski/admin/css/plugins/chosen/chosen-sprite.png,png,646,52,37,,e670fdcaf8cd467a9a1a67e9a5c1f73288089f59dc08031b118dc26fbd233c80,NO,"Legacy template, admin or interface asset",Not rendered in the redesigned public site,INTENTIONALLY_EXCLUDED,Not required,Not applicable,"Administrative, plugin, theme-demo or interface artwork; not Vista company content.",admin/css/plugins/chosen/chosen-sprite.png
public_html/Eski/admin/css/plugins/chosen/chosen-sprite@2x.png,png,872,104,74,,edc297359fe8a5f6ee0bc4a1abc36ce4a773104a9225e17bbe592f820c617a72,NO,"Legacy template, admin or interface asset",Not rendered in the redesigned public site,INTENTIONALLY_EXCLUDED,Not required,Not applicable,"Administrative, plugin, theme-demo or interface artwork; not Vista company content.",admin/css/plugins/chosen/chosen-sprite@2x.png
public_html/Eski/admin/css/plugins/footable/fonts/footable.svg,svg,13095,,,,5c04730b85442f51d5dacd68a34123552512cfcb53af22d9f1bf1c3421fc03c2,NO,"Legacy template, admin or interface asset",Not rendered in the redesigned public site,INTENTIONALLY_EXCLUDED,Not required,Not applicable,"Administrative, plugin, theme-demo or interface artwork; not Vista company content.",admin/css/plugins/footable/fonts/footable.svg
public_html/Eski/admin/css/plugins/iCheck/green.png,png,5064,240,24,,09b374a6c78a307572562c713fa4c13361b46bb7805c986aa48d12626e3963af,NO,"Legacy template, admin or interface asset",Not rendered in the redesigned public site,INTENTIONALLY_EXCLUDED,Not required,Not applicable,"Administrative, plugin, theme-demo or interface artwork; not Vista company content.",admin/css/plugins/iCheck/green.png
public_html/Eski/admin/css/plugins/iCheck/green@2x.png,png,7708,480,48,,98fa90157454872b924b656cf68ee6251c2c6ce1c1eacf88eb16c4656dee3e8b,NO,"Legacy template, admin or interface asset",Not rendered in the redesigned public site,INTENTIONALLY_EXCLUDED,Not required,Not applicable,"Administrative, plugin, theme-demo or interface artwork; not Vista company content.",admin/css/plugins/iCheck/green@2x.png
public_html/Eski/admin/css/plugins/images/bootstrap-colorpicker/alpha-horizontal.png,png,3635,100,10,,b0312e8245ddeb0f67212aed3b4f97d9b054461fe89fd7a70f6a2a55e1563767,NO,"Legacy template, admin or interface asset",Not rendered in the redesigned public site,INTENTIONALLY_EXCLUDED,Not required,Not applicable,"Administrative, plugin, theme-demo or interface artwork; not Vista company content.",admin/css/plugins/images/bootstrap-colorpicker/alpha-horizontal.png
public_html/Eski/admin/css/plugins/images/bootstrap-colorpicker/alpha.png,png,3271,10,100,,d0d1b42617b82f34ac9d0362ee4563d58b535bf7b785ed475e388b4a2a2106b2,NO,"Legacy template, admin or interface asset",Not rendered in the redesigned public site,INTENTIONALLY_EXCLUDED,Not required,Not applicable,"Administrative, plugin, theme-demo or interface artwork; not Vista company content.",admin/css/plugins/images/bootstrap-colorpicker/alpha.png
public_html/Eski/admin/css/plugins/images/bootstrap-colorpicker/hue-horizontal.png,png,2837,100,1,,c0d78daecc1c68b6b566fa89c2320399e95b79568fac059cfe9c2790cbfd0d8b,NO,"Legacy template, admin or interface asset",Not rendered in the redesigned public site,INTENTIONALLY_EXCLUDED,Not required,Not applicable,"Administrative, plugin, theme-demo or interface artwork; not Vista company content.",admin/css/plugins/images/bootstrap-colorpicker/hue-horizontal.png
public_html/Eski/admin/css/plugins/images/bootstrap-colorpicker/hue.png,png,2972,1,100,,76f600a164cf16262dd78abfd05bca52315ac9ef660a962bc86145322f43072a,NO,"Legacy template, admin or interface asset",Not rendered in the redesigned public site,INTENTIONALLY_EXCLUDED,Not required,Not applicable,"Administrative, plugin, theme-demo or interface artwork; not Vista company content.",admin/css/plugins/images/bootstrap-colorpicker/hue.png
public_html/Eski/admin/css/plugins/images/bootstrap-colorpicker/saturation.png,png,8817,100,100,,373292b9226296d598f0827e253a3ed87fa1aee38cfebb0620fb380c682186bd,NO,"Legacy template, admin or interface asset",Not rendered in the redesigned public site,INTENTIONALLY_EXCLUDED,Not required,Not applicable,"Administrative, plugin, theme-demo or interface artwork; not Vista company content.",admin/css/plugins/images/bootstrap-colorpicker/saturation.png
public_html/Eski/admin/css/plugins/images/sort.png,png,1060,21,16,,deb08eed58ee9937d87c0c8c71cba83c2eb99ce7b72913470a4f85f0b3022858,NO,"Legacy template, admin or interface asset",Not rendered in the redesigned public site,INTENTIONALLY_EXCLUDED,Not required,Not applicable,"Administrative, plugin, theme-demo or interface artwork; not Vista company content.",admin/css/plugins/images/sort.png
public_html/Eski/admin/css/plugins/images/sort_asc.png,png,1022,21,16,,5cba6c3ec500bcbf2a3d9f5445793cd357b8ab3712229d9698fd91a839eff9ce,NO,"Legacy template, admin or interface asset",Not rendered in the redesigned public site,INTENTIONALLY_EXCLUDED,Not required,Not applicable,"Administrative, plugin, theme-demo or interface artwork; not Vista company content.",admin/css/plugins/images/sort_asc.png
public_html/Eski/admin/css/plugins/images/sort_desc.png,png,1017,21,16,,3467e15ca9894229b64c846d4d9e667e7b522b574bd0f428973611ad759141ec,NO,"Legacy template, admin or interface asset",Not rendered in the redesigned public site,INTENTIONALLY_EXCLUDED,Not required,Not applicable,"Administrative, plugin, theme-demo or interface artwork; not Vista company content.",admin/css/plugins/images/sort_desc.png
public_html/Eski/admin/css/plugins/images/sprite-skin-flat.png,png,3376,260,150,,d0608a1b416655bb153cbda8d2f32587d1a3ea1cbca49ce4bcff977f989d0d93,NO,"Legacy template, admin or interface asset",Not rendered in the redesigned public site,INTENTIONALLY_EXCLUDED,Not required,Not applicable,"Administrative, plugin, theme-demo or interface artwork; not Vista company content.",admin/css/plugins/images/sprite-skin-flat.png
public_html/Eski/admin/css/plugins/images/sprite-skin-flat2.png,png,783,260,150,,8eace948c6acbf969185d5af15eaaa8f1e7a13938f7ae6a456a6039b77162ae6,NO,"Legacy template, admin or interface asset",Not rendered in the redesigned public site,INTENTIONALLY_EXCLUDED,Not required,Not applicable,"Administrative, plugin, theme-demo or interface artwork; not Vista company content.",admin/css/plugins/images/sprite-skin-flat2.png
public_html/Eski/admin/css/plugins/images/sprite-skin-nice.png,png,1022,260,150,,e1e3b5591a6303447114c2e9e5e91fdc3b3d24b8b1c88d0b6a29a1d5b4c37505,NO,"Legacy template, admin or interface asset",Not rendered in the redesigned public site,INTENTIONALLY_EXCLUDED,Not required,Not applicable,"Administrative, plugin, theme-demo or interface artwork; not Vista company content.",admin/css/plugins/images/sprite-skin-nice.png
public_html/Eski/admin/css/plugins/images/sprite-skin-simple.png,png,385,260,150,,57e320559204bfd26814f0eec805c6db3d0d2f4ea80972e5c2c06283990a1276,NO,"Legacy template, admin or interface asset",Not rendered in the redesigned public site,INTENTIONALLY_EXCLUDED,Not required,Not applicable,"Administrative, plugin, theme-demo or interface artwork; not Vista company content.",admin/css/plugins/images/sprite-skin-simple.png
public_html/Eski/admin/css/plugins/images/spritemap.png,png,10208,428,406,,628f64345fe189d355a3208038de23684f64a3db832a674cb646a250ced3361b,NO,"Legacy template, admin or interface asset",Not rendered in the redesigned public site,INTENTIONALLY_EXCLUDED,Not required,Not applicable,"Administrative, plugin, theme-demo or interface artwork; not Vista company content.",admin/css/plugins/images/spritemap.png
public_html/Eski/admin/css/plugins/images/spritemap@2x.png,png,35675,856,812,,43da7e42cd34181210582211c7de89490282c2f7a6eb4b9c9ef3d692f8b7c742,NO,"Legacy template, admin or interface asset",Not rendered in the redesigned public site,INTENTIONALLY_EXCLUDED,Not required,Not applicable,"Administrative, plugin, theme-demo or interface artwork; not Vista company content.",admin/css/plugins/images/spritemap@2x.png
public_html/Eski/admin/css/plugins/jQueryUI/images/animated-overlay.gif,gif,1738,40,40,,c7bcc76fb23c0430b36ec448eb79f8bc34129dae95da10f3c14ed0eacdf2f1b9,NO,"Legacy template, admin or interface asset",Not rendered in the redesigned public site,INTENTIONALLY_EXCLUDED,Not required,Not applicable,"Administrative, plugin, theme-demo or interface artwork; not Vista company content.",admin/css/plugins/jQueryUI/images/animated-overlay.gif; admin/js/jquery-ui/css/ui-lightness/images/animated-overlay.gif; admin/js/jquery-ui/development-bundle/themes/base/images/animated-overlay.gif; admin/js/jquery-ui/development-bundle/themes/base/minified/images/animated-overlay.gif; admin/js/jquery-ui/development-bundle/themes/ui-lightness/images/animated-overlay.gif; admin/js/jquery-ui/development-bundle/themes/ui-lightness/minified/images/animated-overlay.gif; admin/js/plugins/jquery-ui/images/animated-overlay.gif; Eski/admin/js/jquery-ui/css/ui-lightness/images/animated-overlay.gif; Eski/admin/js/jquery-ui/development-bundle/themes/base/images/animated-overlay.gif; Eski/admin/js/jquery-ui/development-bundle/themes/base/minified/images/animated-overlay.gif; Eski/admin/js/jquery-ui/development-bundle/themes/ui-lightness/images/animated-overlay.gif; Eski/admin/js/jquery-ui/development-bundle/themes/ui-lightness/minified/images/animated-overlay.gif; Eski/admin/js/plugins/jquery-ui/images/animated-overlay.gif
public_html/Eski/admin/css/plugins/jQueryUI/images/ui-bg_flat_0_aaaaaa_40x100.png,png,212,40,100,,7f1982c266ad316ddffa85992be75f8edb590ffbe0c0f9b8e43d07dd64db07c4,NO,"Legacy template, admin or interface asset",Not rendered in the redesigned public site,INTENTIONALLY_EXCLUDED,Not required,Not applicable,"Administrative, plugin, theme-demo or interface artwork; not Vista company content.",admin/css/plugins/jQueryUI/images/ui-bg_flat_0_aaaaaa_40x100.png
public_html/Eski/admin/css/plugins/jQueryUI/images/ui-bg_flat_75_ffffff_40x100.png,png,208,40,100,,41ffac518395886385d24024f4887b155753f015371f4ab5c73f600e049f4dc3,NO,"Legacy template, admin or interface asset",Not rendered in the redesigned public site,INTENTIONALLY_EXCLUDED,Not required,Not applicable,"Administrative, plugin, theme-demo or interface artwork; not Vista company content.",admin/css/plugins/jQueryUI/images/ui-bg_flat_75_ffffff_40x100.png
public_html/Eski/admin/css/plugins/jQueryUI/images/ui-bg_glass_55_fbf9ee_1x400.png,png,335,1,400,,921fb2dcc519b4b7efe6f4cad370a7a540e102c9ecfe17f2fad7898992da9730,NO,"Legacy template, admin or interface asset",Not rendered in the redesigned public site,INTENTIONALLY_EXCLUDED,Not required,Not applicable,"Administrative, plugin, theme-demo or interface artwork; not Vista company content.",admin/css/plugins/jQueryUI/images/ui-bg_glass_55_fbf9ee_1x400.png
public_html/Eski/admin/css/plugins/jQueryUI/images/ui-bg_glass_65_ffffff_1x400.png,png,207,1,400,,a323a4fad14278d37d34a863860c6ef1f5d5716bba164c5d25f464dba3480b33,NO,"Legacy template, admin or interface asset",Not rendered in the redesigned public site,INTENTIONALLY_EXCLUDED,Not required,Not applicable,"Administrative, plugin, theme-demo or interface artwork; not Vista company content.",admin/css/plugins/jQueryUI/images/ui-bg_glass_65_ffffff_1x400.png
public_html/Eski/admin/css/plugins/jQueryUI/images/ui-bg_glass_75_dadada_1x400.png,png,262,1,400,,1771cf193b5ab039f9fc155a7726e93fe7617bdae3e98a9ffa2c6e78d6d27335,NO,"Legacy template, admin or interface asset",Not rendered in the redesigned public site,INTENTIONALLY_EXCLUDED,Not required,Not applicable,"Administrative, plugin, theme-demo or interface artwork; not Vista company content.",admin/css/plugins/jQueryUI/images/ui-bg_glass_75_dadada_1x400.png
public_html/Eski/admin/css/plugins/jQueryUI/images/ui-bg_glass_75_e6e6e6_1x400.png,png,262,1,400,,123713b1f5077b5bdd59c67b89f8f0392a82c8427ef6d8f759c8bb9b5fe73aa1,NO,"Legacy template, admin or interface asset",Not rendered in the redesigned public site,INTENTIONALLY_EXCLUDED,Not required,Not applicable,"Administrative, plugin, theme-demo or interface artwork; not Vista company content.",admin/css/plugins/jQueryUI/images/ui-bg_glass_75_e6e6e6_1x400.png
public_html/Eski/admin/css/plugins/jQueryUI/images/ui-bg_glass_95_fef1ec_1x400.png,png,332,1,400,,59cc66787345178fea4a2511fab09ac07ba7a48e44693861626acb3626cb50d7,NO,"Legacy template, admin or interface asset",Not rendered in the redesigned public site,INTENTIONALLY_EXCLUDED,Not required,Not applicable,"Administrative, plugin, theme-demo or interface artwork; not Vista company content.",admin/css/plugins/jQueryUI/images/ui-bg_glass_95_fef1ec_1x400.png
public_html/Eski/admin/css/plugins/jQueryUI/images/ui-bg_highlight-soft_75_cccccc_1x100.png,png,280,1,100,,7dd5a26fb4bd0c59ad9c3536c62e48a8cc15b99289a54230adccf02dd7e73fdf,NO,"Legacy template, admin or interface asset",Not rendered in the redesigned public site,INTENTIONALLY_EXCLUDED,Not required,Not applicable,"Administrative, plugin, theme-demo or interface artwork; not Vista company content.",admin/css/plugins/jQueryUI/images/ui-bg_highlight-soft_75_cccccc_1x100.png
public_html/Eski/admin/css/plugins/jQueryUI/images/ui-icons_222222_256x240.png,png,6922,256,240,,3b1ac036763d3a59c88578486ae698d22a37dd2d46a553485e1eabb9fe255b3f,NO,"Legacy template, admin or interface asset",Not rendered in the redesigned public site,INTENTIONALLY_EXCLUDED,Not required,Not applicable,"Administrative, plugin, theme-demo or interface artwork; not Vista company content.",admin/css/plugins/jQueryUI/images/ui-icons_222222_256x240.png; admin/js/jquery-ui/css/ui-lightness/images/ui-icons_222222_256x240.png; admin/js/jquery-ui/development-bundle/themes/ui-lightness/images/ui-icons_222222_256x240.png; admin/js/jquery-ui/development-bundle/themes/ui-lightness/minified/images/ui-icons_222222_256x240.png; Eski/admin/js/jquery-ui/css/ui-lightness/images/ui-icons_222222_256x240.png; Eski/admin/js/jquery-ui/development-bundle/themes/ui-lightness/images/ui-icons_222222_256x240.png; Eski/admin/js/jquery-ui/development-bundle/themes/ui-lightness/minified/images/ui-icons_222222_256x240.png
public_html/Eski/admin/css/plugins/jQueryUI/images/ui-icons_2e83ff_256x240.png,png,4549,256,240,,3d3e274632c78c97b550bb7d2291462e2584f523a15cdc1b9535e7bfabd0ce30,NO,"Legacy template, admin or interface asset",Not rendered in the redesigned public site,INTENTIONALLY_EXCLUDED,Not required,Not applicable,"Administrative, plugin, theme-demo or interface artwork; not Vista company content.",admin/css/plugins/jQueryUI/images/ui-icons_2e83ff_256x240.png
public_html/Eski/admin/css/plugins/jQueryUI/images/ui-icons_454545_256x240.png,png,6992,256,240,,a8d28e2d83a807b2b86ed2a02e31086f6c0718dfa96e0ba6a4577b657f69cc34,NO,"Legacy template, admin or interface asset",Not rendered in the redesigned public site,INTENTIONALLY_EXCLUDED,Not required,Not applicable,"Administrative, plugin, theme-demo or interface artwork; not Vista company content.",admin/css/plugins/jQueryUI/images/ui-icons_454545_256x240.png
public_html/Eski/admin/css/plugins/jQueryUI/images/ui-icons_888888_256x240.png,png,6999,256,240,,e2d1b1c7c51f8c30431327fe43029d62b6d5dfd2d95bbd6b8b9929c178dba4bf,NO,"Legacy template, admin or interface asset",Not rendered in the redesigned public site,INTENTIONALLY_EXCLUDED,Not required,Not applicable,"Administrative, plugin, theme-demo or interface artwork; not Vista company content.",admin/css/plugins/jQueryUI/images/ui-icons_888888_256x240.png
public_html/Eski/admin/css/plugins/jQueryUI/images/ui-icons_cd0a0a_256x240.png,png,4549,256,240,,003822ed55ad9191e071798370e41363a617b138eae18623ad9d864ca5f357ce,NO,"Legacy template, admin or interface asset",Not rendered in the redesigned public site,INTENTIONALLY_EXCLUDED,Not required,Not applicable,"Administrative, plugin, theme-demo or interface artwork; not Vista company content.",admin/css/plugins/jQueryUI/images/ui-icons_cd0a0a_256x240.png
public_html/Eski/admin/css/plugins/jsTree/32px.png,png,3121,320,96,,be1a46ee82282037be2e21dbea494f21aab625b8ca32193b3d03a5e6472cbea2,NO,"Legacy template, admin or interface asset",Not rendered in the redesigned public site,INTENTIONALLY_EXCLUDED,Not required,Not applicable,"Administrative, plugin, theme-demo or interface artwork; not Vista company content.",admin/css/plugins/jsTree/32px.png
public_html/Eski/admin/css/plugins/jsTree/39px.png,png,5593,320,96,,721c88bb3803079795462b239aa7ed13171b5dfa5c854b7ba37991bcf398185a,NO,"Legacy template, admin or interface asset",Not rendered in the redesigned public site,INTENTIONALLY_EXCLUDED,Not required,Not applicable,"Administrative, plugin, theme-demo or interface artwork; not Vista company content.",admin/css/plugins/jsTree/39px.png
public_html/Eski/admin/css/plugins/jsTree/40px.png,png,1880,240,480,,e42d2daab8bdb92822d13842e91f4a4c7b96fac75c8fb986fae9c0f46a67431e,NO,"Legacy template, admin or interface asset",Not rendered in the redesigned public site,INTENTIONALLY_EXCLUDED,Not required,Not applicable,"Administrative, plugin, theme-demo or interface artwork; not Vista company content.",admin/css/plugins/jsTree/40px.png
public_html/Eski/admin/css/plugins/jsTree/throbber.gif,gif,1720,16,16,,76ca7d5b1257abfe620b56fb3eef5e9f51284b03da86d64999f1e66e24e0d9fc,NO,"Legacy template, admin or interface asset",Not rendered in the redesigned public site,INTENTIONALLY_EXCLUDED,Not required,Not applicable,"Administrative, plugin, theme-demo or interface artwork; not Vista company content.",admin/css/plugins/jsTree/throbber.gif
public_html/Eski/admin/css/plugins/slick/ajax-loader.gif,gif,4178,32,32,,e7b44c86b050fca766a96ddac2d0932af0126da6f2305280342d909168dcce6b,NO,"Legacy template, admin or interface asset",Not rendered in the redesigned public site,INTENTIONALLY_EXCLUDED,Not required,Not applicable,"Administrative, plugin, theme-demo or interface artwork; not Vista company content.",admin/css/plugins/slick/ajax-loader.gif
public_html/Eski/admin/css/plugins/slick/fonts/slick.svg,svg,2152,,,,12459f221a0b787bf1eaebf2e4c48fca2bd9f8493f71256c3043e7a0c7e932f6,NO,"Legacy template, admin or interface asset",Not rendered in the redesigned public site,INTENTIONALLY_EXCLUDED,Not required,Not applicable,"Administrative, plugin, theme-demo or interface artwork; not Vista company content.",admin/css/plugins/slick/fonts/slick.svg
public_html/Eski/admin/font-awesome/fonts/fontawesome-webfont.svg,svg,313398,,,,bfdef833219a6edffd9c3cbc28db72739d22bb4d20cc2e2f8d56a7a4d408a206,NO,"Legacy template, admin or interface asset",Not rendered in the redesigned public site,INTENTIONALLY_EXCLUDED,Not required,Not applicable,"Administrative, plugin, theme-demo or interface artwork; not Vista company content.",admin/font-awesome/fonts/fontawesome-webfont.svg
public_html/Eski/admin/fonts/glyphicons-halflings-regular.svg,svg,108738,,,,42f60659d265c1a3c30f9fa42abcbb56bd4a53af4d83d316d6dd7a36903c43e5,NO,"Legacy template, admin or interface asset",Not rendered in the redesigned public site,INTENTIONALLY_EXCLUDED,Not required,Not applicable,"Administrative, plugin, theme-demo or interface artwork; not Vista company content.",admin/fonts/glyphicons-halflings-regular.svg; Eski/fonts/glyphicons-halflings-regular.svg
public_html/Eski/admin/img/favicon/android-icon-144x144.png,png,3555,144,144,,858149cd035e2a011bcb8340438b19c069a6cb7f1a51911dfb0f8d329c86c6d4,NO,"Legacy template, admin or interface asset",Not rendered in the redesigned public site,INTENTIONALLY_EXCLUDED,Not required,Not applicable,"Administrative, plugin, theme-demo or interface artwork; not Vista company content.",Eski/admin/img/favicon/apple-icon-144x144.png; Eski/admin/img/favicon/ms-icon-144x144.png
public_html/Eski/admin/img/favicon/android-icon-192x192.png,png,3846,192,192,,99e5bc5d6b370e0b89db3339a20cf55f3dcbd9cab3c186e8a97329de4fd5cfdc,NO,"Legacy template, admin or interface asset",Not rendered in the redesigned public site,INTENTIONALLY_EXCLUDED,Not required,Not applicable,"Administrative, plugin, theme-demo or interface artwork; not Vista company content.",Eski/admin/img/favicon/apple-icon-precomposed.png; Eski/admin/img/favicon/apple-icon.png
public_html/Eski/admin/img/favicon/android-icon-36x36.png,png,2991,36,36,,a9fa9c990e7ccba0fbb53d7e84c5d0eab2a6d4d8911c213907e2129156fb0652,NO,"Legacy template, admin or interface asset",Not rendered in the redesigned public site,INTENTIONALLY_EXCLUDED,Not required,Not applicable,"Administrative, plugin, theme-demo or interface artwork; not Vista company content.",
public_html/Eski/admin/img/favicon/android-icon-48x48.png,png,3046,48,48,,1f3d56a8ed458c793d26e91d1c728cbaf5b458684c1b59fd79bfc6b6dd49bad9,NO,"Legacy template, admin or interface asset",Not rendered in the redesigned public site,INTENTIONALLY_EXCLUDED,Not required,Not applicable,"Administrative, plugin, theme-demo or interface artwork; not Vista company content.",
public_html/Eski/admin/img/favicon/android-icon-72x72.png,png,3181,72,72,,d460e3fd560c8870ac4bafda1e7b5097fc5bc9961581971241bb78408cae3000,NO,"Legacy template, admin or interface asset",Not rendered in the redesigned public site,INTENTIONALLY_EXCLUDED,Not required,Not applicable,"Administrative, plugin, theme-demo or interface artwork; not Vista company content.",Eski/admin/img/favicon/apple-icon-72x72.png
public_html/Eski/admin/img/favicon/android-icon-96x96.png,png,3307,96,96,,fbb4dcf6ff5f89a585754513fa74bc90904652a37cb4ed6b46d4489a4e7dd71c,NO,"Legacy template, admin or interface asset",Not rendered in the redesigned public site,INTENTIONALLY_EXCLUDED,Not required,Not applicable,"Administrative, plugin, theme-demo or interface artwork; not Vista company content.",
public_html/Eski/admin/img/favicon/apple-icon-114x114.png,png,3401,114,114,,b07b3bc191e57af4e9c84c19cf45150aa6cfa479e1b8231c59413f9b4dca8a84,NO,"Legacy template, admin or interface asset",Not rendered in the redesigned public site,INTENTIONALLY_EXCLUDED,Not required,Not applicable,"Administrative, plugin, theme-demo or interface artwork; not Vista company content.",
public_html/Eski/admin/img/favicon/apple-icon-120x120.png,png,3431,120,120,,bf873435e4d5cfd5bc4c7e8fdea71d93b46524a0551af12a27a51441414f9439,NO,"Legacy template, admin or interface asset",Not rendered in the redesigned public site,INTENTIONALLY_EXCLUDED,Not required,Not applicable,"Administrative, plugin, theme-demo or interface artwork; not Vista company content.",
public_html/Eski/admin/img/favicon/apple-icon-144x144.png,png,3555,144,144,,858149cd035e2a011bcb8340438b19c069a6cb7f1a51911dfb0f8d329c86c6d4,NO,"Legacy template, admin or interface asset",Not rendered in the redesigned public site,INTENTIONALLY_EXCLUDED,Not required,Not applicable,"Administrative, plugin, theme-demo or interface artwork; not Vista company content.",Eski/admin/img/favicon/android-icon-144x144.png; Eski/admin/img/favicon/ms-icon-144x144.png
public_html/Eski/admin/img/favicon/apple-icon-152x152.png,png,3621,152,152,,59ac1d72bde8d6ffd0acbed3bf1984bb35d82a86992de75b6dbf1433065c3043,NO,"Legacy template, admin or interface asset",Not rendered in the redesigned public site,INTENTIONALLY_EXCLUDED,Not required,Not applicable,"Administrative, plugin, theme-demo or interface artwork; not Vista company content.",
public_html/Eski/admin/img/favicon/apple-icon-180x180.png,png,3753,180,180,,69fc22896c3b56e82d4ed7ab49b37812725a852ba9c490bcc91f3663ef45b1e2,NO,"Legacy template, admin or interface asset",Not rendered in the redesigned public site,INTENTIONALLY_EXCLUDED,Not required,Not applicable,"Administrative, plugin, theme-demo or interface artwork; not Vista company content.",
public_html/Eski/admin/img/favicon/apple-icon-57x57.png,png,3093,57,57,,acd1d14bf07985e186093b234d9083343871d99ba4a30689d082afdc20d56832,NO,"Legacy template, admin or interface asset",Not rendered in the redesigned public site,INTENTIONALLY_EXCLUDED,Not required,Not applicable,"Administrative, plugin, theme-demo or interface artwork; not Vista company content.",
public_html/Eski/admin/img/favicon/apple-icon-60x60.png,png,3113,60,60,,3f272086c6473ca945c03c70b826720428e9dedd623d8ef878067141b33654c8,NO,"Legacy template, admin or interface asset",Not rendered in the redesigned public site,INTENTIONALLY_EXCLUDED,Not required,Not applicable,"Administrative, plugin, theme-demo or interface artwork; not Vista company content.",
public_html/Eski/admin/img/favicon/apple-icon-72x72.png,png,3181,72,72,,d460e3fd560c8870ac4bafda1e7b5097fc5bc9961581971241bb78408cae3000,NO,"Legacy template, admin or interface asset",Not rendered in the redesigned public site,INTENTIONALLY_EXCLUDED,Not required,Not applicable,"Administrative, plugin, theme-demo or interface artwork; not Vista company content.",Eski/admin/img/favicon/android-icon-72x72.png
public_html/Eski/admin/img/favicon/apple-icon-76x76.png,png,3206,76,76,,1a3f0d874e56cd5f21126f3882ea0d752626c746c85429cbbd053bb564835c59,NO,"Legacy template, admin or interface asset",Not rendered in the redesigned public site,INTENTIONALLY_EXCLUDED,Not required,Not applicable,"Administrative, plugin, theme-demo or interface artwork; not Vista company content.",
public_html/Eski/admin/img/favicon/apple-icon-precomposed.png,png,3846,192,192,,99e5bc5d6b370e0b89db3339a20cf55f3dcbd9cab3c186e8a97329de4fd5cfdc,NO,"Legacy template, admin or interface asset",Not rendered in the redesigned public site,INTENTIONALLY_EXCLUDED,Not required,Not applicable,"Administrative, plugin, theme-demo or interface artwork; not Vista company content.",Eski/admin/img/favicon/android-icon-192x192.png; Eski/admin/img/favicon/apple-icon.png
public_html/Eski/admin/img/favicon/apple-icon.png,png,3846,192,192,,99e5bc5d6b370e0b89db3339a20cf55f3dcbd9cab3c186e8a97329de4fd5cfdc,NO,"Legacy template, admin or interface asset",Not rendered in the redesigned public site,INTENTIONALLY_EXCLUDED,Not required,Not applicable,"Administrative, plugin, theme-demo or interface artwork; not Vista company content.",Eski/admin/img/favicon/android-icon-192x192.png; Eski/admin/img/favicon/apple-icon-precomposed.png
public_html/Eski/admin/img/favicon/ms-icon-144x144.png,png,3555,144,144,,858149cd035e2a011bcb8340438b19c069a6cb7f1a51911dfb0f8d329c86c6d4,NO,"Legacy template, admin or interface asset",Not rendered in the redesigned public site,INTENTIONALLY_EXCLUDED,Not required,Not applicable,"Administrative, plugin, theme-demo or interface artwork; not Vista company content.",Eski/admin/img/favicon/android-icon-144x144.png; Eski/admin/img/favicon/apple-icon-144x144.png
public_html/Eski/admin/img/favicon/ms-icon-150x150.png,png,3584,150,150,,7e6a4c13f8fbcf88e93be1f98d1ef7a5dc2c95e701d46cd8817d6712f1d77a91,NO,"Legacy template, admin or interface asset",Not rendered in the redesigned public site,INTENTIONALLY_EXCLUDED,Not required,Not applicable,"Administrative, plugin, theme-demo or interface artwork; not Vista company content.",
public_html/Eski/admin/img/favicon/ms-icon-310x310.png,png,4588,310,310,,fef4e49e46684e20d9b0fca7af5f28d370ff78c9e87efe0940432eded5403925,NO,"Legacy template, admin or interface asset",Not rendered in the redesigned public site,INTENTIONALLY_EXCLUDED,Not required,Not applicable,"Administrative, plugin, theme-demo or interface artwork; not Vista company content.",
public_html/Eski/admin/img/favicon/ms-icon-70x70.png,png,3165,70,70,,fa063f4fc94b89b8973bb69e228be86822c9269cd00decdc71e2c0d711c639e5,NO,"Legacy template, admin or interface asset",Not rendered in the redesigned public site,INTENTIONALLY_EXCLUDED,Not required,Not applicable,"Administrative, plugin, theme-demo or interface artwork; not Vista company content.",
public_html/Eski/admin/img/favicon-16x16.png,png,2977,16,16,,53abf229baf6700e18b122dc6315194d3bac22fabf8022539d73fa65ddc9470f,NO,"Legacy template, admin or interface asset",Not rendered in the redesigned public site,INTENTIONALLY_EXCLUDED,Not required,Not applicable,"Administrative, plugin, theme-demo or interface artwork; not Vista company content.",admin/img/favicon-16x16.png
public_html/Eski/admin/img/kullanici.png,png,43645,512,512,,7d7bd1d298de9a551c4056919226ee6a5f8dda224ffd3336825d0695e93f3f8f,NO,"Legacy template, admin or interface asset",Not rendered in the redesigned public site,INTENTIONALLY_EXCLUDED,Not required,Not applicable,"Administrative, plugin, theme-demo or interface artwork; not Vista company content.",admin/img/kullanici.png
public_html/Eski/admin/img/landing/avatar_all.png,png,198865,603,268,,ac5c097a10b7e81a5d2e276d33724552badec0b6a9a0c3fef48e53e384c07183,NO,"Legacy template, admin or interface asset",Not rendered in the redesigned public site,INTENTIONALLY_EXCLUDED,Not required,Not applicable,"Administrative, plugin, theme-demo or interface artwork; not Vista company content.",admin/img/landing/avatar_all.png
public_html/Eski/admin/img/landing/shattered.png,png,137733,500,500,,241155c2a3436bfc0a542fc31fe2908ff2bdfc90e1ac7e26c6ba715b01030dcf,NO,"Legacy template, admin or interface asset",Not rendered in the redesigned public site,INTENTIONALLY_EXCLUDED,Not required,Not applicable,"Administrative, plugin, theme-demo or interface artwork; not Vista company content.",admin/css/patterns/shattered.png; admin/img/landing/shattered.png; Eski/admin/css/patterns/shattered.png
public_html/Eski/admin/img/landing/word_map.png,png,89439,800,400,,20e178bf1c443c7592ea3eeb44cb862e663419903f5d338f54a9a92a46605465,NO,"Legacy template, admin or interface asset",Not rendered in the redesigned public site,INTENTIONALLY_EXCLUDED,Not required,Not applicable,"Administrative, plugin, theme-demo or interface artwork; not Vista company content.",admin/img/landing/word_map.png
public_html/Eski/admin/img/loader.gif,gif,2914,80,10,,3e2008f34f254a7f8dd6a9f01d8554a1942f39011d1ec39cafd9cc0a49b8a9e4,NO,"Legacy template, admin or interface asset",Not rendered in the redesigned public site,INTENTIONALLY_EXCLUDED,Not required,Not applicable,"Administrative, plugin, theme-demo or interface artwork; not Vista company content.",admin/img/loader.gif
public_html/Eski/admin/img/logo.png,png,4974,300,98,,fca31941b60c75ea3b4561bdbc9bac7c1a84c09a277a875560c20229ec5315c8,NO,"Legacy template, admin or interface asset",Not rendered in the redesigned public site,INTENTIONALLY_EXCLUDED,Not required,Not applicable,"Administrative, plugin, theme-demo or interface artwork; not Vista company content.",admin/img/logo.png
public_html/Eski/admin/img/logo2.png,png,3894,153,50,,e12a5ba3d8739a2be0febb953a797717f8e6a6f7882e518bae35781a089e17e7,NO,"Legacy template, admin or interface asset",Not rendered in the redesigned public site,INTENTIONALLY_EXCLUDED,Not required,Not applicable,"Administrative, plugin, theme-demo or interface artwork; not Vista company content.",admin/img/logo2.png; admin/img/logo22.png
public_html/Eski/admin/img/logo3.png,png,3813,137,130,,201752308b773805f88ebada68620c321f7c567c41a50910d7804ae703a70be5,NO,"Legacy template, admin or interface asset",Not rendered in the redesigned public site,INTENTIONALLY_EXCLUDED,Not required,Not applicable,"Administrative, plugin, theme-demo or interface artwork; not Vista company content.",admin/img/logo3.png
public_html/Eski/admin/img/userim.png,png,1772,48,48,,9b37aa9f0a2b8b120c6f451bf67f1abefffa0b81bc6a3cecd111939c06a674f2,NO,"Legacy template, admin or interface asset",Not rendered in the redesigned public site,INTENTIONALLY_EXCLUDED,Not required,Not applicable,"Administrative, plugin, theme-demo or interface artwork; not Vista company content.",admin/img/userim.png
public_html/Eski/admin/img/yonetici.png,png,34211,512,512,,0ae67e02262984199d0d48f05e8acf01a16d0de55f7e2205f6167df6a143b308,NO,"Legacy template, admin or interface asset",Not rendered in the redesigned public site,INTENTIONALLY_EXCLUDED,Not required,Not applicable,"Administrative, plugin, theme-demo or interface artwork; not Vista company content.",admin/img/yonetici.png
public_html/Eski/admin/js/jquery-ui/css/ui-lightness/images/animated-overlay.gif,gif,1738,40,40,,c7bcc76fb23c0430b36ec448eb79f8bc34129dae95da10f3c14ed0eacdf2f1b9,NO,"Legacy template, admin or interface asset",Not rendered in the redesigned public site,INTENTIONALLY_EXCLUDED,Not required,Not applicable,"Administrative, plugin, theme-demo or interface artwork; not Vista company content.",admin/css/plugins/jQueryUI/images/animated-overlay.gif; admin/js/jquery-ui/css/ui-lightness/images/animated-overlay.gif; admin/js/jquery-ui/development-bundle/themes/base/images/animated-overlay.gif; admin/js/jquery-ui/development-bundle/themes/base/minified/images/animated-overlay.gif; admin/js/jquery-ui/development-bundle/themes/ui-lightness/images/animated-overlay.gif; admin/js/jquery-ui/development-bundle/themes/ui-lightness/minified/images/animated-overlay.gif; admin/js/plugins/jquery-ui/images/animated-overlay.gif; Eski/admin/css/plugins/jQueryUI/images/animated-overlay.gif; Eski/admin/js/jquery-ui/development-bundle/themes/base/images/animated-overlay.gif; Eski/admin/js/jquery-ui/development-bundle/themes/base/minified/images/animated-overlay.gif; Eski/admin/js/jquery-ui/development-bundle/themes/ui-lightness/images/animated-overlay.gif; Eski/admin/js/jquery-ui/development-bundle/themes/ui-lightness/minified/images/animated-overlay.gif; Eski/admin/js/plugins/jquery-ui/images/animated-overlay.gif
public_html/Eski/admin/js/jquery-ui/css/ui-lightness/images/ui-bg_diagonals-thick_18_b81900_40x40.png,png,418,40,40,,efe6120ab3a3945618abe61a1afc4d5acfc100561f1108e76d44fa9bbacab796,NO,"Legacy template, admin or interface asset",Not rendered in the redesigned public site,INTENTIONALLY_EXCLUDED,Not required,Not applicable,"Administrative, plugin, theme-demo or interface artwork; not Vista company content.",admin/js/jquery-ui/css/ui-lightness/images/ui-bg_diagonals-thick_18_b81900_40x40.png; admin/js/jquery-ui/development-bundle/themes/ui-lightness/images/ui-bg_diagonals-thick_18_b81900_40x40.png; admin/js/jquery-ui/development-bundle/themes/ui-lightness/minified/images/ui-bg_diagonals-thick_18_b81900_40x40.png; Eski/admin/js/jquery-ui/development-bundle/themes/ui-lightness/images/ui-bg_diagonals-thick_18_b81900_40x40.png; Eski/admin/js/jquery-ui/development-bundle/themes/ui-lightness/minified/images/ui-bg_diagonals-thick_18_b81900_40x40.png
public_html/Eski/admin/js/jquery-ui/css/ui-lightness/images/ui-bg_diagonals-thick_20_666666_40x40.png,png,312,40,40,,005b9142f38f3713f379d208c4e4e9d54ec8101c8d4f1838b560f99de42999d1,NO,"Legacy template, admin or interface asset",Not rendered in the redesigned public site,INTENTIONALLY_EXCLUDED,Not required,Not applicable,"Administrative, plugin, theme-demo or interface artwork; not Vista company content.",admin/js/jquery-ui/css/ui-lightness/images/ui-bg_diagonals-thick_20_666666_40x40.png; admin/js/jquery-ui/development-bundle/themes/ui-lightness/images/ui-bg_diagonals-thick_20_666666_40x40.png; admin/js/jquery-ui/development-bundle/themes/ui-lightness/minified/images/ui-bg_diagonals-thick_20_666666_40x40.png; Eski/admin/js/jquery-ui/development-bundle/themes/ui-lightness/images/ui-bg_diagonals-thick_20_666666_40x40.png; Eski/admin/js/jquery-ui/development-bundle/themes/ui-lightness/minified/images/ui-bg_diagonals-thick_20_666666_40x40.png
public_html/Eski/admin/js/jquery-ui/css/ui-lightness/images/ui-bg_flat_10_000000_40x100.png,png,205,40,100,,b3f70c835f507e84d401d02ffc6d82748397f24b8888817dab8cf069d5dc8301,NO,"Legacy template, admin or interface asset",Not rendered in the redesigned public site,INTENTIONALLY_EXCLUDED,Not required,Not applicable,"Administrative, plugin, theme-demo or interface artwork; not Vista company content.",admin/js/jquery-ui/css/ui-lightness/images/ui-bg_flat_10_000000_40x100.png; admin/js/jquery-ui/development-bundle/themes/ui-lightness/images/ui-bg_flat_10_000000_40x100.png; admin/js/jquery-ui/development-bundle/themes/ui-lightness/minified/images/ui-bg_flat_10_000000_40x100.png; Eski/admin/js/jquery-ui/development-bundle/themes/ui-lightness/images/ui-bg_flat_10_000000_40x100.png; Eski/admin/js/jquery-ui/development-bundle/themes/ui-lightness/minified/images/ui-bg_flat_10_000000_40x100.png
public_html/Eski/admin/js/jquery-ui/css/ui-lightness/images/ui-bg_glass_100_f6f6f6_1x400.png,png,262,1,400,,941b2616571078eb1bb07b425ff0404ab8ae70dfd2cc63348706629055a205c0,NO,"Legacy template, admin or interface asset",Not rendered in the redesigned public site,INTENTIONALLY_EXCLUDED,Not required,Not applicable,"Administrative, plugin, theme-demo or interface artwork; not Vista company content.",admin/js/jquery-ui/css/ui-lightness/images/ui-bg_glass_100_f6f6f6_1x400.png; admin/js/jquery-ui/development-bundle/themes/ui-lightness/images/ui-bg_glass_100_f6f6f6_1x400.png; admin/js/jquery-ui/development-bundle/themes/ui-lightness/minified/images/ui-bg_glass_100_f6f6f6_1x400.png; Eski/admin/js/jquery-ui/development-bundle/themes/ui-lightness/images/ui-bg_glass_100_f6f6f6_1x400.png; Eski/admin/js/jquery-ui/development-bundle/themes/ui-lightness/minified/images/ui-bg_glass_100_f6f6f6_1x400.png
public_html/Eski/admin/js/jquery-ui/css/ui-lightness/images/ui-bg_glass_100_fdf5ce_1x400.png,png,348,1,400,,a9dc3fdeefe1ac48f45eedb4077bb6f85d3c917b6df2518d34b9a3590e10608d,NO,"Legacy template, admin or interface asset",Not rendered in the redesigned public site,INTENTIONALLY_EXCLUDED,Not required,Not applicable,"Administrative, plugin, theme-demo or interface artwork; not Vista company content.",admin/js/jquery-ui/css/ui-lightness/images/ui-bg_glass_100_fdf5ce_1x400.png; admin/js/jquery-ui/development-bundle/themes/ui-lightness/images/ui-bg_glass_100_fdf5ce_1x400.png; admin/js/jquery-ui/development-bundle/themes/ui-lightness/minified/images/ui-bg_glass_100_fdf5ce_1x400.png; Eski/admin/js/jquery-ui/development-bundle/themes/ui-lightness/images/ui-bg_glass_100_fdf5ce_1x400.png; Eski/admin/js/jquery-ui/development-bundle/themes/ui-lightness/minified/images/ui-bg_glass_100_fdf5ce_1x400.png
public_html/Eski/admin/js/jquery-ui/css/ui-lightness/images/ui-bg_glass_65_ffffff_1x400.png,png,207,1,400,,9f37a9695c85c145a0185428a84e25736978fd1e367f977a6c8caf44b0f1c610,NO,"Legacy template, admin or interface asset",Not rendered in the redesigned public site,INTENTIONALLY_EXCLUDED,Not required,Not applicable,"Administrative, plugin, theme-demo or interface artwork; not Vista company content.",admin/js/jquery-ui/css/ui-lightness/images/ui-bg_glass_65_ffffff_1x400.png; admin/js/jquery-ui/development-bundle/themes/ui-lightness/images/ui-bg_glass_65_ffffff_1x400.png; admin/js/jquery-ui/development-bundle/themes/ui-lightness/minified/images/ui-bg_glass_65_ffffff_1x400.png; Eski/admin/js/jquery-ui/development-bundle/themes/ui-lightness/images/ui-bg_glass_65_ffffff_1x400.png; Eski/admin/js/jquery-ui/development-bundle/themes/ui-lightness/minified/images/ui-bg_glass_65_ffffff_1x400.png
public_html/Eski/admin/js/jquery-ui/css/ui-lightness/images/ui-bg_gloss-wave_35_f6a828_500x100.png,png,5815,500,100,,68f41f75f38bcd32eec32cf6f4cc5f292042b7b1dc3fdfc9b1d5ad79f9b6972e,NO,"Legacy template, admin or interface asset",Not rendered in the redesigned public site,INTENTIONALLY_EXCLUDED,Not required,Not applicable,"Administrative, plugin, theme-demo or interface artwork; not Vista company content.",admin/js/jquery-ui/css/ui-lightness/images/ui-bg_gloss-wave_35_f6a828_500x100.png; admin/js/jquery-ui/development-bundle/themes/ui-lightness/images/ui-bg_gloss-wave_35_f6a828_500x100.png; admin/js/jquery-ui/development-bundle/themes/ui-lightness/minified/images/ui-bg_gloss-wave_35_f6a828_500x100.png; Eski/admin/js/jquery-ui/development-bundle/themes/ui-lightness/images/ui-bg_gloss-wave_35_f6a828_500x100.png; Eski/admin/js/jquery-ui/development-bundle/themes/ui-lightness/minified/images/ui-bg_gloss-wave_35_f6a828_500x100.png
public_html/Eski/admin/js/jquery-ui/css/ui-lightness/images/ui-bg_highlight-soft_100_eeeeee_1x100.png,png,278,1,100,,278b7aeed09d0ba70c5804364273d629bd5bbd468c54e5b9f29afc21b69d0d65,NO,"Legacy template, admin or interface asset",Not rendered in the redesigned public site,INTENTIONALLY_EXCLUDED,Not required,Not applicable,"Administrative, plugin, theme-demo or interface artwork; not Vista company content.",admin/js/jquery-ui/css/ui-lightness/images/ui-bg_highlight-soft_100_eeeeee_1x100.png; admin/js/jquery-ui/development-bundle/themes/ui-lightness/images/ui-bg_highlight-soft_100_eeeeee_1x100.png; admin/js/jquery-ui/development-bundle/themes/ui-lightness/minified/images/ui-bg_highlight-soft_100_eeeeee_1x100.png; Eski/admin/js/jquery-ui/development-bundle/themes/ui-lightness/images/ui-bg_highlight-soft_100_eeeeee_1x100.png; Eski/admin/js/jquery-ui/development-bundle/themes/ui-lightness/minified/images/ui-bg_highlight-soft_100_eeeeee_1x100.png
public_html/Eski/admin/js/jquery-ui/css/ui-lightness/images/ui-bg_highlight-soft_75_ffe45c_1x100.png,png,328,1,100,,9e207093740c4165d4bdfc63fdcf6ead39e323ede53bb60c8457c68984e719fd,NO,"Legacy template, admin or interface asset",Not rendered in the redesigned public site,INTENTIONALLY_EXCLUDED,Not required,Not applicable,"Administrative, plugin, theme-demo or interface artwork; not Vista company content.",admin/js/jquery-ui/css/ui-lightness/images/ui-bg_highlight-soft_75_ffe45c_1x100.png; admin/js/jquery-ui/development-bundle/themes/ui-lightness/images/ui-bg_highlight-soft_75_ffe45c_1x100.png; admin/js/jquery-ui/development-bundle/themes/ui-lightness/minified/images/ui-bg_highlight-soft_75_ffe45c_1x100.png; Eski/admin/js/jquery-ui/development-bundle/themes/ui-lightness/images/ui-bg_highlight-soft_75_ffe45c_1x100.png; Eski/admin/js/jquery-ui/development-bundle/themes/ui-lightness/minified/images/ui-bg_highlight-soft_75_ffe45c_1x100.png
public_html/Eski/admin/js/jquery-ui/css/ui-lightness/images/ui-icons_222222_256x240.png,png,6922,256,240,,3b1ac036763d3a59c88578486ae698d22a37dd2d46a553485e1eabb9fe255b3f,NO,"Legacy template, admin or interface asset",Not rendered in the redesigned public site,INTENTIONALLY_EXCLUDED,Not required,Not applicable,"Administrative, plugin, theme-demo or interface artwork; not Vista company content.",admin/css/plugins/jQueryUI/images/ui-icons_222222_256x240.png; admin/js/jquery-ui/css/ui-lightness/images/ui-icons_222222_256x240.png; admin/js/jquery-ui/development-bundle/themes/ui-lightness/images/ui-icons_222222_256x240.png; admin/js/jquery-ui/development-bundle/themes/ui-lightness/minified/images/ui-icons_222222_256x240.png; Eski/admin/css/plugins/jQueryUI/images/ui-icons_222222_256x240.png; Eski/admin/js/jquery-ui/development-bundle/themes/ui-lightness/images/ui-icons_222222_256x240.png; Eski/admin/js/jquery-ui/development-bundle/themes/ui-lightness/minified/images/ui-icons_222222_256x240.png
public_html/Eski/admin/js/jquery-ui/css/ui-lightness/images/ui-icons_228ef1_256x240.png,png,4549,256,240,,80b92d36768a48d7719925dd3803aa4e724568177cf4bb07184c7c98ca51fa9e,NO,"Legacy template, admin or interface asset",Not rendered in the redesigned public site,INTENTIONALLY_EXCLUDED,Not required,Not applicable,"Administrative, plugin, theme-demo or interface artwork; not Vista company content.",admin/js/jquery-ui/css/ui-lightness/images/ui-icons_228ef1_256x240.png; admin/js/jquery-ui/development-bundle/themes/ui-lightness/images/ui-icons_228ef1_256x240.png; admin/js/jquery-ui/development-bundle/themes/ui-lightness/minified/images/ui-icons_228ef1_256x240.png; Eski/admin/js/jquery-ui/development-bundle/themes/ui-lightness/images/ui-icons_228ef1_256x240.png; Eski/admin/js/jquery-ui/development-bundle/themes/ui-lightness/minified/images/ui-icons_228ef1_256x240.png
public_html/Eski/admin/js/jquery-ui/css/ui-lightness/images/ui-icons_ef8c08_256x240.png,png,4549,256,240,,0e8e93c2251a5c217d104a7bd041c990936e7af8cd0ff3a117f76fcb77675a43,NO,"Legacy template, admin or interface asset",Not rendered in the redesigned public site,INTENTIONALLY_EXCLUDED,Not required,Not applicable,"Administrative, plugin, theme-demo or interface artwork; not Vista company content.",admin/js/jquery-ui/css/ui-lightness/images/ui-icons_ef8c08_256x240.png; admin/js/jquery-ui/development-bundle/themes/ui-lightness/images/ui-icons_ef8c08_256x240.png; admin/js/jquery-ui/development-bundle/themes/ui-lightness/minified/images/ui-icons_ef8c08_256x240.png; Eski/admin/js/jquery-ui/development-bundle/themes/ui-lightness/images/ui-icons_ef8c08_256x240.png; Eski/admin/js/jquery-ui/development-bundle/themes/ui-lightness/minified/images/ui-icons_ef8c08_256x240.png
public_html/Eski/admin/js/jquery-ui/css/ui-lightness/images/ui-icons_ffd27a_256x240.png,png,4549,256,240,,0d65c1e072407ca1d22ed1e4bf2076ab2f008a90cae7f3b8552730fc7bce2a2e,NO,"Legacy template, admin or interface asset",Not rendered in the redesigned public site,INTENTIONALLY_EXCLUDED,Not required,Not applicable,"Administrative, plugin, theme-demo or interface artwork; not Vista company content.",admin/js/jquery-ui/css/ui-lightness/images/ui-icons_ffd27a_256x240.png; admin/js/jquery-ui/development-bundle/themes/ui-lightness/images/ui-icons_ffd27a_256x240.png; admin/js/jquery-ui/development-bundle/themes/ui-lightness/minified/images/ui-icons_ffd27a_256x240.png; Eski/admin/js/jquery-ui/development-bundle/themes/ui-lightness/images/ui-icons_ffd27a_256x240.png; Eski/admin/js/jquery-ui/development-bundle/themes/ui-lightness/minified/images/ui-icons_ffd27a_256x240.png
public_html/Eski/admin/js/jquery-ui/css/ui-lightness/images/ui-icons_ffffff_256x240.png,png,6299,256,240,,98991f0262559c830f3a94608c74f95887c373b4a9fe886f0de57f8bbfcdc875,NO,"Legacy template, admin or interface asset",Not rendered in the redesigned public site,INTENTIONALLY_EXCLUDED,Not required,Not applicable,"Administrative, plugin, theme-demo or interface artwork; not Vista company content.",admin/js/jquery-ui/css/ui-lightness/images/ui-icons_ffffff_256x240.png; admin/js/jquery-ui/development-bundle/themes/ui-lightness/images/ui-icons_ffffff_256x240.png; admin/js/jquery-ui/development-bundle/themes/ui-lightness/minified/images/ui-icons_ffffff_256x240.png; Eski/admin/js/jquery-ui/development-bundle/themes/ui-lightness/images/ui-icons_ffffff_256x240.png; Eski/admin/js/jquery-ui/development-bundle/themes/ui-lightness/minified/images/ui-icons_ffffff_256x240.png
public_html/Eski/admin/js/jquery-ui/development-bundle/demos/droppable/images/high_tatras.jpg,jpg,22994,384,288,,e0832a1d39315b4194afc476c1571c69ad678531cced9ed1b1e36bdb730e4f6d,NO,"Legacy template, admin or interface asset",Not rendered in the redesigned public site,INTENTIONALLY_EXCLUDED,Not required,Not applicable,"Administrative, plugin, theme-demo or interface artwork; not Vista company content.",admin/js/jquery-ui/development-bundle/demos/droppable/images/high_tatras.jpg
public_html/Eski/admin/js/jquery-ui/development-bundle/demos/droppable/images/high_tatras2.jpg,jpg,25619,384,288,,9cbb568b2208a475c4bb3780f83b8cc356a83a9f1af888527f4479fd029af922,NO,"Legacy template, admin or interface asset",Not rendered in the redesigned public site,INTENTIONALLY_EXCLUDED,Not required,Not applicable,"Administrative, plugin, theme-demo or interface artwork; not Vista company content.",admin/js/jquery-ui/development-bundle/demos/droppable/images/high_tatras2.jpg
public_html/Eski/admin/js/jquery-ui/development-bundle/demos/droppable/images/high_tatras2_min.jpg,jpg,2164,96,72,,5ee398ea3ab4354e31b00fae70aa1f6c283a2d4e0716bc6f18066921ad095a4d,NO,"Legacy template, admin or interface asset",Not rendered in the redesigned public site,INTENTIONALLY_EXCLUDED,Not required,Not applicable,"Administrative, plugin, theme-demo or interface artwork; not Vista company content.",admin/js/jquery-ui/development-bundle/demos/droppable/images/high_tatras2_min.jpg
public_html/Eski/admin/js/jquery-ui/development-bundle/demos/droppable/images/high_tatras3.jpg,jpg,24583,384,288,,08c714cfb1c6134cd6ae8380cc437677768afc8b9604d63d89b60fb53fbf4df9,NO,"Legacy template, admin or interface asset",Not rendered in the redesigned public site,INTENTIONALLY_EXCLUDED,Not required,Not applicable,"Administrative, plugin, theme-demo or interface artwork; not Vista company content.",admin/js/jquery-ui/development-bundle/demos/droppable/images/high_tatras3.jpg
public_html/Eski/admin/js/jquery-ui/development-bundle/demos/droppable/images/high_tatras3_min.jpg,jpg,1901,96,72,,0dc34e5b591834b754bbafa780de8862f828dde06e080c790899c5b6c0f5b52f,NO,"Legacy template, admin or interface asset",Not rendered in the redesigned public site,INTENTIONALLY_EXCLUDED,Not required,Not applicable,"Administrative, plugin, theme-demo or interface artwork; not Vista company content.",admin/js/jquery-ui/development-bundle/demos/droppable/images/high_tatras3_min.jpg
public_html/Eski/admin/js/jquery-ui/development-bundle/demos/droppable/images/high_tatras4.jpg,jpg,24870,384,288,,fe9248f64955090cd1dec23374c8e4a998632d9577046f880adafb32f4c6657f,NO,"Legacy template, admin or interface asset",Not rendered in the redesigned public site,INTENTIONALLY_EXCLUDED,Not required,Not applicable,"Administrative, plugin, theme-demo or interface artwork; not Vista company content.",admin/js/jquery-ui/development-bundle/demos/droppable/images/high_tatras4.jpg
public_html/Eski/admin/js/jquery-ui/development-bundle/demos/droppable/images/high_tatras4_min.jpg,jpg,2541,96,72,,f5b15f61c32c5cd2e21bebf06ab42ef8b9d93afd13d4b07b0e2cb98c8799cf48,NO,"Legacy template, admin or interface asset",Not rendered in the redesigned public site,INTENTIONALLY_EXCLUDED,Not required,Not applicable,"Administrative, plugin, theme-demo or interface artwork; not Vista company content.",admin/js/jquery-ui/development-bundle/demos/droppable/images/high_tatras4_min.jpg
public_html/Eski/admin/js/jquery-ui/development-bundle/demos/droppable/images/high_tatras_min.jpg,jpg,2147,96,72,,25961ab4d32e6316f4f891934b916c0dc85da7df452035819df56ccea49cc807,NO,"Legacy template, admin or interface asset",Not rendered in the redesigned public site,INTENTIONALLY_EXCLUDED,Not required,Not applicable,"Administrative, plugin, theme-demo or interface artwork; not Vista company content.",admin/js/jquery-ui/development-bundle/demos/droppable/images/high_tatras_min.jpg
public_html/Eski/admin/js/jquery-ui/development-bundle/demos/images/calendar.gif,gif,269,16,15,,d8ca06c8fb76d3ca25449e22b535b7a311b8fc613a43711bed1f4a14978b0b46,NO,"Legacy template, admin or interface asset",Not rendered in the redesigned public site,INTENTIONALLY_EXCLUDED,Not required,Not applicable,"Administrative, plugin, theme-demo or interface artwork; not Vista company content.",admin/js/jquery-ui/development-bundle/demos/images/calendar.gif
public_html/Eski/admin/js/jquery-ui/development-bundle/demos/images/demo-config-on-tile.gif,gif,172,2,100,,b7b6197ca9681f85f7cf80ef386aec8b3a5478dbae40e5e31afb5de3e2f2ddf9,NO,"Legacy template, admin or interface asset",Not rendered in the redesigned public site,INTENTIONALLY_EXCLUDED,Not required,Not applicable,"Administrative, plugin, theme-demo or interface artwork; not Vista company content.",admin/js/jquery-ui/development-bundle/demos/images/demo-config-on-tile.gif
public_html/Eski/admin/js/jquery-ui/development-bundle/demos/images/demo-config-on.gif,gif,335,9,100,,1d66a74f64222086bb50ff21533422b57fb7285fe330b63b5cea4e7b7b141e94,NO,"Legacy template, admin or interface asset",Not rendered in the redesigned public site,INTENTIONALLY_EXCLUDED,Not required,Not applicable,"Administrative, plugin, theme-demo or interface artwork; not Vista company content.",admin/js/jquery-ui/development-bundle/demos/images/demo-config-on.gif
public_html/Eski/admin/js/jquery-ui/development-bundle/demos/images/demo-spindown-closed.gif,gif,103,6,7,,bbd3a857484f68df1c5738d58d0da00203cd933d93c0d4dc142b6480864c1439,NO,"Legacy template, admin or interface asset",Not rendered in the redesigned public site,INTENTIONALLY_EXCLUDED,Not required,Not applicable,"Administrative, plugin, theme-demo or interface artwork; not Vista company content.",admin/js/jquery-ui/development-bundle/demos/images/demo-spindown-closed.gif
public_html/Eski/admin/js/jquery-ui/development-bundle/demos/images/demo-spindown-open.gif,gif,105,7,6,,65f610020168073f507b1b894b4bd01e83f763d027fd553f67b11216ba40223a,NO,"Legacy template, admin or interface asset",Not rendered in the redesigned public site,INTENTIONALLY_EXCLUDED,Not required,Not applicable,"Administrative, plugin, theme-demo or interface artwork; not Vista company content.",admin/js/jquery-ui/development-bundle/demos/images/demo-spindown-open.gif
public_html/Eski/admin/js/jquery-ui/development-bundle/demos/images/icon-docs-info.gif,gif,206,12,12,,996e36169d77144ef228fbc2732246f3e838f06fcb6744bb1f96df39d229f0c6,NO,"Legacy template, admin or interface asset",Not rendered in the redesigned public site,INTENTIONALLY_EXCLUDED,Not required,Not applicable,"Administrative, plugin, theme-demo or interface artwork; not Vista company content.",admin/js/jquery-ui/development-bundle/demos/images/icon-docs-info.gif
public_html/Eski/admin/js/jquery-ui/development-bundle/demos/images/pbar-ani.gif,gif,7970,48,22,,0b4a1a099f0be991bc07a5b5f332ef2a84cb28b593db65816b350a3c7b6cf70d,NO,"Legacy template, admin or interface asset",Not rendered in the redesigned public site,INTENTIONALLY_EXCLUDED,Not required,Not applicable,"Administrative, plugin, theme-demo or interface artwork; not Vista company content.",admin/js/jquery-ui/development-bundle/demos/images/pbar-ani.gif
public_html/Eski/admin/js/jquery-ui/development-bundle/themes/base/images/animated-overlay.gif,gif,1738,40,40,,c7bcc76fb23c0430b36ec448eb79f8bc34129dae95da10f3c14ed0eacdf2f1b9,NO,"Legacy template, admin or interface asset",Not rendered in the redesigned public site,INTENTIONALLY_EXCLUDED,Not required,Not applicable,"Administrative, plugin, theme-demo or interface artwork; not Vista company content.",admin/css/plugins/jQueryUI/images/animated-overlay.gif; admin/js/jquery-ui/css/ui-lightness/images/animated-overlay.gif; admin/js/jquery-ui/development-bundle/themes/base/images/animated-overlay.gif; admin/js/jquery-ui/development-bundle/themes/base/minified/images/animated-overlay.gif; admin/js/jquery-ui/development-bundle/themes/ui-lightness/images/animated-overlay.gif; admin/js/jquery-ui/development-bundle/themes/ui-lightness/minified/images/animated-overlay.gif; admin/js/plugins/jquery-ui/images/animated-overlay.gif; Eski/admin/css/plugins/jQueryUI/images/animated-overlay.gif; Eski/admin/js/jquery-ui/css/ui-lightness/images/animated-overlay.gif; Eski/admin/js/jquery-ui/development-bundle/themes/base/minified/images/animated-overlay.gif; Eski/admin/js/jquery-ui/development-bundle/themes/ui-lightness/images/animated-overlay.gif; Eski/admin/js/jquery-ui/development-bundle/themes/ui-lightness/minified/images/animated-overlay.gif; Eski/admin/js/plugins/jquery-ui/images/animated-overlay.gif
public_html/Eski/admin/js/jquery-ui/development-bundle/themes/base/images/ui-bg_flat_0_aaaaaa_40x100.png,png,180,40,100,,9a8492a580bf85d3e98ae8861fbd45567e5a1f83eeafcf9574da0399d5f602ab,NO,"Legacy template, admin or interface asset",Not rendered in the redesigned public site,INTENTIONALLY_EXCLUDED,Not required,Not applicable,"Administrative, plugin, theme-demo or interface artwork; not Vista company content.",admin/js/jquery-ui/development-bundle/themes/base/images/ui-bg_flat_0_aaaaaa_40x100.png; admin/js/jquery-ui/development-bundle/themes/base/minified/images/ui-bg_flat_0_aaaaaa_40x100.png; admin/js/plugins/jquery-ui/images/ui-bg_flat_0_aaaaaa_40x100.png; Eski/admin/js/jquery-ui/development-bundle/themes/base/minified/images/ui-bg_flat_0_aaaaaa_40x100.png; Eski/admin/js/plugins/jquery-ui/images/ui-bg_flat_0_aaaaaa_40x100.png
public_html/Eski/admin/js/jquery-ui/development-bundle/themes/base/images/ui-bg_flat_75_ffffff_40x100.png,png,178,40,100,,39ab7ccd9f4e82579da78a9241265df288d8eb65dbbd7cf48aed2d0129887df5,NO,"Legacy template, admin or interface asset",Not rendered in the redesigned public site,INTENTIONALLY_EXCLUDED,Not required,Not applicable,"Administrative, plugin, theme-demo or interface artwork; not Vista company content.",admin/js/jquery-ui/development-bundle/themes/base/images/ui-bg_flat_75_ffffff_40x100.png; admin/js/jquery-ui/development-bundle/themes/base/minified/images/ui-bg_flat_75_ffffff_40x100.png; admin/js/plugins/jquery-ui/images/ui-bg_flat_75_ffffff_40x100.png; Eski/admin/js/jquery-ui/development-bundle/themes/base/minified/images/ui-bg_flat_75_ffffff_40x100.png; Eski/admin/js/plugins/jquery-ui/images/ui-bg_flat_75_ffffff_40x100.png
public_html/Eski/admin/js/jquery-ui/development-bundle/themes/base/images/ui-bg_glass_55_fbf9ee_1x400.png,png,120,1,400,,691597e8a40a891ea94d3589976ecfc33e6145c49422443b00ac2b5a0022964c,NO,"Legacy template, admin or interface asset",Not rendered in the redesigned public site,INTENTIONALLY_EXCLUDED,Not required,Not applicable,"Administrative, plugin, theme-demo or interface artwork; not Vista company content.",admin/js/jquery-ui/development-bundle/themes/base/images/ui-bg_glass_55_fbf9ee_1x400.png; admin/js/jquery-ui/development-bundle/themes/base/minified/images/ui-bg_glass_55_fbf9ee_1x400.png; admin/js/plugins/jquery-ui/images/ui-bg_glass_55_fbf9ee_1x400.png; Eski/admin/js/jquery-ui/development-bundle/themes/base/minified/images/ui-bg_glass_55_fbf9ee_1x400.png; Eski/admin/js/plugins/jquery-ui/images/ui-bg_glass_55_fbf9ee_1x400.png
public_html/Eski/admin/js/jquery-ui/development-bundle/themes/base/images/ui-bg_glass_65_ffffff_1x400.png,png,105,1,400,,f0e6cd91b837d5c5644d026e5ffeccd907953317cd5c0f689901733afda260b2,NO,"Legacy template, admin or interface asset",Not rendered in the redesigned public site,INTENTIONALLY_EXCLUDED,Not required,Not applicable,"Administrative, plugin, theme-demo or interface artwork; not Vista company content.",admin/js/jquery-ui/development-bundle/themes/base/images/ui-bg_glass_65_ffffff_1x400.png; admin/js/jquery-ui/development-bundle/themes/base/minified/images/ui-bg_glass_65_ffffff_1x400.png; admin/js/plugins/jquery-ui/images/ui-bg_glass_65_ffffff_1x400.png; Eski/admin/js/jquery-ui/development-bundle/themes/base/minified/images/ui-bg_glass_65_ffffff_1x400.png; Eski/admin/js/plugins/jquery-ui/images/ui-bg_glass_65_ffffff_1x400.png
public_html/Eski/admin/js/jquery-ui/development-bundle/themes/base/images/ui-bg_glass_75_dadada_1x400.png,png,111,1,400,,c108f5cbf2dd9ec07a26530695ddd95e1664597ce6c056ae44c162cc2e28cec4,NO,"Legacy template, admin or interface asset",Not rendered in the redesigned public site,INTENTIONALLY_EXCLUDED,Not required,Not applicable,"Administrative, plugin, theme-demo or interface artwork; not Vista company content.",admin/js/jquery-ui/development-bundle/themes/base/images/ui-bg_glass_75_dadada_1x400.png; admin/js/jquery-ui/development-bundle/themes/base/minified/images/ui-bg_glass_75_dadada_1x400.png; admin/js/plugins/jquery-ui/images/ui-bg_glass_75_dadada_1x400.png; Eski/admin/js/jquery-ui/development-bundle/themes/base/minified/images/ui-bg_glass_75_dadada_1x400.png; Eski/admin/js/plugins/jquery-ui/images/ui-bg_glass_75_dadada_1x400.png
public_html/Eski/admin/js/jquery-ui/development-bundle/themes/base/images/ui-bg_glass_75_e6e6e6_1x400.png,png,110,1,400,,ddf5dd4e0ef2b185e8bb0af7b6e90ebe74a84384cb4700658e76e754c8bfe550,NO,"Legacy template, admin or interface asset",Not rendered in the redesigned public site,INTENTIONALLY_EXCLUDED,Not required,Not applicable,"Administrative, plugin, theme-demo or interface artwork; not Vista company content.",admin/js/jquery-ui/development-bundle/themes/base/images/ui-bg_glass_75_e6e6e6_1x400.png; admin/js/jquery-ui/development-bundle/themes/base/minified/images/ui-bg_glass_75_e6e6e6_1x400.png; admin/js/plugins/jquery-ui/images/ui-bg_glass_75_e6e6e6_1x400.png; Eski/admin/js/jquery-ui/development-bundle/themes/base/minified/images/ui-bg_glass_75_e6e6e6_1x400.png; Eski/admin/js/plugins/jquery-ui/images/ui-bg_glass_75_e6e6e6_1x400.png
public_html/Eski/admin/js/jquery-ui/development-bundle/themes/base/images/ui-bg_glass_95_fef1ec_1x400.png,png,119,1,400,,f6f1c1bedf1a0f37cfef81d12f5f012869d1ee7c984775a569827a1784d34f5c,NO,"Legacy template, admin or interface asset",Not rendered in the redesigned public site,INTENTIONALLY_EXCLUDED,Not required,Not applicable,"Administrative, plugin, theme-demo or interface artwork; not Vista company content.",admin/js/jquery-ui/development-bundle/themes/base/images/ui-bg_glass_95_fef1ec_1x400.png; admin/js/jquery-ui/development-bundle/themes/base/minified/images/ui-bg_glass_95_fef1ec_1x400.png; admin/js/plugins/jquery-ui/images/ui-bg_glass_95_fef1ec_1x400.png; Eski/admin/js/jquery-ui/development-bundle/themes/base/minified/images/ui-bg_glass_95_fef1ec_1x400.png; Eski/admin/js/plugins/jquery-ui/images/ui-bg_glass_95_fef1ec_1x400.png
public_html/Eski/admin/js/jquery-ui/development-bundle/themes/base/images/ui-bg_highlight-soft_75_cccccc_1x100.png,png,101,1,100,,54270656df079c4da5182629a080fc633b6f84b87985eb016d25a560e2c38d4a,NO,"Legacy template, admin or interface asset",Not rendered in the redesigned public site,INTENTIONALLY_EXCLUDED,Not required,Not applicable,"Administrative, plugin, theme-demo or interface artwork; not Vista company content.",admin/js/jquery-ui/development-bundle/themes/base/images/ui-bg_highlight-soft_75_cccccc_1x100.png; admin/js/jquery-ui/development-bundle/themes/base/minified/images/ui-bg_highlight-soft_75_cccccc_1x100.png; admin/js/plugins/jquery-ui/images/ui-bg_highlight-soft_75_cccccc_1x100.png; Eski/admin/js/jquery-ui/development-bundle/themes/base/minified/images/ui-bg_highlight-soft_75_cccccc_1x100.png; Eski/admin/js/plugins/jquery-ui/images/ui-bg_highlight-soft_75_cccccc_1x100.png
public_html/Eski/admin/js/jquery-ui/development-bundle/themes/base/images/ui-icons_222222_256x240.png,png,4369,256,240,,57adb0d65f4e91dacfee975d9574422bee7486c8a182d60133728c672f2cdbbc,NO,"Legacy template, admin or interface asset",Not rendered in the redesigned public site,INTENTIONALLY_EXCLUDED,Not required,Not applicable,"Administrative, plugin, theme-demo or interface artwork; not Vista company content.",admin/js/jquery-ui/development-bundle/themes/base/images/ui-icons_222222_256x240.png; admin/js/jquery-ui/development-bundle/themes/base/minified/images/ui-icons_222222_256x240.png; admin/js/plugins/jquery-ui/images/ui-icons_222222_256x240.png; Eski/admin/js/jquery-ui/development-bundle/themes/base/minified/images/ui-icons_222222_256x240.png; Eski/admin/js/plugins/jquery-ui/images/ui-icons_222222_256x240.png
public_html/Eski/admin/js/jquery-ui/development-bundle/themes/base/images/ui-icons_2e83ff_256x240.png,png,4369,256,240,,20f8c6667afc48aa433ee9eb6d8a0584bdbd6b4a4a9091ff1e6b3adb31e63bd9,NO,"Legacy template, admin or interface asset",Not rendered in the redesigned public site,INTENTIONALLY_EXCLUDED,Not required,Not applicable,"Administrative, plugin, theme-demo or interface artwork; not Vista company content.",admin/js/jquery-ui/development-bundle/themes/base/images/ui-icons_2e83ff_256x240.png; admin/js/jquery-ui/development-bundle/themes/base/minified/images/ui-icons_2e83ff_256x240.png; admin/js/plugins/jquery-ui/images/ui-icons_2e83ff_256x240.png; Eski/admin/js/jquery-ui/development-bundle/themes/base/minified/images/ui-icons_2e83ff_256x240.png; Eski/admin/js/plugins/jquery-ui/images/ui-icons_2e83ff_256x240.png
public_html/Eski/admin/js/jquery-ui/development-bundle/themes/base/images/ui-icons_454545_256x240.png,png,4369,256,240,,07460e843c3e59aaadbb34231e699e856a2980753c7a47b66447da5d9f93fb7f,NO,"Legacy template, admin or interface asset",Not rendered in the redesigned public site,INTENTIONALLY_EXCLUDED,Not required,Not applicable,"Administrative, plugin, theme-demo or interface artwork; not Vista company content.",admin/js/jquery-ui/development-bundle/themes/base/images/ui-icons_454545_256x240.png; admin/js/jquery-ui/development-bundle/themes/base/minified/images/ui-icons_454545_256x240.png; admin/js/plugins/jquery-ui/images/ui-icons_454545_256x240.png; Eski/admin/js/jquery-ui/development-bundle/themes/base/minified/images/ui-icons_454545_256x240.png; Eski/admin/js/plugins/jquery-ui/images/ui-icons_454545_256x240.png
public_html/Eski/admin/js/jquery-ui/development-bundle/themes/base/images/ui-icons_888888_256x240.png,png,4369,256,240,,ea2e29625de3463465e93b002b065f5833e05b97f7a052b1c141e754d62e1a8b,NO,"Legacy template, admin or interface asset",Not rendered in the redesigned public site,INTENTIONALLY_EXCLUDED,Not required,Not applicable,"Administrative, plugin, theme-demo or interface artwork; not Vista company content.",admin/js/jquery-ui/development-bundle/themes/base/images/ui-icons_888888_256x240.png; admin/js/jquery-ui/development-bundle/themes/base/minified/images/ui-icons_888888_256x240.png; admin/js/plugins/jquery-ui/images/ui-icons_888888_256x240.png; Eski/admin/js/jquery-ui/development-bundle/themes/base/minified/images/ui-icons_888888_256x240.png; Eski/admin/js/plugins/jquery-ui/images/ui-icons_888888_256x240.png
public_html/Eski/admin/js/jquery-ui/development-bundle/themes/base/images/ui-icons_cd0a0a_256x240.png,png,4369,256,240,,1e32c6dbf5d3fd342f27a78aa881550d6412aa207f48468724a6a15402b6041b,NO,"Legacy template, admin or interface asset",Not rendered in the redesigned public site,INTENTIONALLY_EXCLUDED,Not required,Not applicable,"Administrative, plugin, theme-demo or interface artwork; not Vista company content.",admin/js/jquery-ui/development-bundle/themes/base/images/ui-icons_cd0a0a_256x240.png; admin/js/jquery-ui/development-bundle/themes/base/minified/images/ui-icons_cd0a0a_256x240.png; admin/js/plugins/jquery-ui/images/ui-icons_cd0a0a_256x240.png; Eski/admin/js/jquery-ui/development-bundle/themes/base/minified/images/ui-icons_cd0a0a_256x240.png; Eski/admin/js/plugins/jquery-ui/images/ui-icons_cd0a0a_256x240.png
public_html/Eski/admin/js/jquery-ui/development-bundle/themes/base/minified/images/animated-overlay.gif,gif,1738,40,40,,c7bcc76fb23c0430b36ec448eb79f8bc34129dae95da10f3c14ed0eacdf2f1b9,NO,"Legacy template, admin or interface asset",Not rendered in the redesigned public site,INTENTIONALLY_EXCLUDED,Not required,Not applicable,"Administrative, plugin, theme-demo or interface artwork; not Vista company content.",admin/css/plugins/jQueryUI/images/animated-overlay.gif; admin/js/jquery-ui/css/ui-lightness/images/animated-overlay.gif; admin/js/jquery-ui/development-bundle/themes/base/images/animated-overlay.gif; admin/js/jquery-ui/development-bundle/themes/base/minified/images/animated-overlay.gif; admin/js/jquery-ui/development-bundle/themes/ui-lightness/images/animated-overlay.gif; admin/js/jquery-ui/development-bundle/themes/ui-lightness/minified/images/animated-overlay.gif; admin/js/plugins/jquery-ui/images/animated-overlay.gif; Eski/admin/css/plugins/jQueryUI/images/animated-overlay.gif; Eski/admin/js/jquery-ui/css/ui-lightness/images/animated-overlay.gif; Eski/admin/js/jquery-ui/development-bundle/themes/base/images/animated-overlay.gif; Eski/admin/js/jquery-ui/development-bundle/themes/ui-lightness/images/animated-overlay.gif; Eski/admin/js/jquery-ui/development-bundle/themes/ui-lightness/minified/images/animated-overlay.gif; Eski/admin/js/plugins/jquery-ui/images/animated-overlay.gif
public_html/Eski/admin/js/jquery-ui/development-bundle/themes/base/minified/images/ui-bg_flat_0_aaaaaa_40x100.png,png,180,40,100,,9a8492a580bf85d3e98ae8861fbd45567e5a1f83eeafcf9574da0399d5f602ab,NO,"Legacy template, admin or interface asset",Not rendered in the redesigned public site,INTENTIONALLY_EXCLUDED,Not required,Not applicable,"Administrative, plugin, theme-demo or interface artwork; not Vista company content.",admin/js/jquery-ui/development-bundle/themes/base/images/ui-bg_flat_0_aaaaaa_40x100.png; admin/js/jquery-ui/development-bundle/themes/base/minified/images/ui-bg_flat_0_aaaaaa_40x100.png; admin/js/plugins/jquery-ui/images/ui-bg_flat_0_aaaaaa_40x100.png; Eski/admin/js/jquery-ui/development-bundle/themes/base/images/ui-bg_flat_0_aaaaaa_40x100.png; Eski/admin/js/plugins/jquery-ui/images/ui-bg_flat_0_aaaaaa_40x100.png
public_html/Eski/admin/js/jquery-ui/development-bundle/themes/base/minified/images/ui-bg_flat_75_ffffff_40x100.png,png,178,40,100,,39ab7ccd9f4e82579da78a9241265df288d8eb65dbbd7cf48aed2d0129887df5,NO,"Legacy template, admin or interface asset",Not rendered in the redesigned public site,INTENTIONALLY_EXCLUDED,Not required,Not applicable,"Administrative, plugin, theme-demo or interface artwork; not Vista company content.",admin/js/jquery-ui/development-bundle/themes/base/images/ui-bg_flat_75_ffffff_40x100.png; admin/js/jquery-ui/development-bundle/themes/base/minified/images/ui-bg_flat_75_ffffff_40x100.png; admin/js/plugins/jquery-ui/images/ui-bg_flat_75_ffffff_40x100.png; Eski/admin/js/jquery-ui/development-bundle/themes/base/images/ui-bg_flat_75_ffffff_40x100.png; Eski/admin/js/plugins/jquery-ui/images/ui-bg_flat_75_ffffff_40x100.png
public_html/Eski/admin/js/jquery-ui/development-bundle/themes/base/minified/images/ui-bg_glass_55_fbf9ee_1x400.png,png,120,1,400,,691597e8a40a891ea94d3589976ecfc33e6145c49422443b00ac2b5a0022964c,NO,"Legacy template, admin or interface asset",Not rendered in the redesigned public site,INTENTIONALLY_EXCLUDED,Not required,Not applicable,"Administrative, plugin, theme-demo or interface artwork; not Vista company content.",admin/js/jquery-ui/development-bundle/themes/base/images/ui-bg_glass_55_fbf9ee_1x400.png; admin/js/jquery-ui/development-bundle/themes/base/minified/images/ui-bg_glass_55_fbf9ee_1x400.png; admin/js/plugins/jquery-ui/images/ui-bg_glass_55_fbf9ee_1x400.png; Eski/admin/js/jquery-ui/development-bundle/themes/base/images/ui-bg_glass_55_fbf9ee_1x400.png; Eski/admin/js/plugins/jquery-ui/images/ui-bg_glass_55_fbf9ee_1x400.png
public_html/Eski/admin/js/jquery-ui/development-bundle/themes/base/minified/images/ui-bg_glass_65_ffffff_1x400.png,png,105,1,400,,f0e6cd91b837d5c5644d026e5ffeccd907953317cd5c0f689901733afda260b2,NO,"Legacy template, admin or interface asset",Not rendered in the redesigned public site,INTENTIONALLY_EXCLUDED,Not required,Not applicable,"Administrative, plugin, theme-demo or interface artwork; not Vista company content.",admin/js/jquery-ui/development-bundle/themes/base/images/ui-bg_glass_65_ffffff_1x400.png; admin/js/jquery-ui/development-bundle/themes/base/minified/images/ui-bg_glass_65_ffffff_1x400.png; admin/js/plugins/jquery-ui/images/ui-bg_glass_65_ffffff_1x400.png; Eski/admin/js/jquery-ui/development-bundle/themes/base/images/ui-bg_glass_65_ffffff_1x400.png; Eski/admin/js/plugins/jquery-ui/images/ui-bg_glass_65_ffffff_1x400.png
public_html/Eski/admin/js/jquery-ui/development-bundle/themes/base/minified/images/ui-bg_glass_75_dadada_1x400.png,png,111,1,400,,c108f5cbf2dd9ec07a26530695ddd95e1664597ce6c056ae44c162cc2e28cec4,NO,"Legacy template, admin or interface asset",Not rendered in the redesigned public site,INTENTIONALLY_EXCLUDED,Not required,Not applicable,"Administrative, plugin, theme-demo or interface artwork; not Vista company content.",admin/js/jquery-ui/development-bundle/themes/base/images/ui-bg_glass_75_dadada_1x400.png; admin/js/jquery-ui/development-bundle/themes/base/minified/images/ui-bg_glass_75_dadada_1x400.png; admin/js/plugins/jquery-ui/images/ui-bg_glass_75_dadada_1x400.png; Eski/admin/js/jquery-ui/development-bundle/themes/base/images/ui-bg_glass_75_dadada_1x400.png; Eski/admin/js/plugins/jquery-ui/images/ui-bg_glass_75_dadada_1x400.png
public_html/Eski/admin/js/jquery-ui/development-bundle/themes/base/minified/images/ui-bg_glass_75_e6e6e6_1x400.png,png,110,1,400,,ddf5dd4e0ef2b185e8bb0af7b6e90ebe74a84384cb4700658e76e754c8bfe550,NO,"Legacy template, admin or interface asset",Not rendered in the redesigned public site,INTENTIONALLY_EXCLUDED,Not required,Not applicable,"Administrative, plugin, theme-demo or interface artwork; not Vista company content.",admin/js/jquery-ui/development-bundle/themes/base/images/ui-bg_glass_75_e6e6e6_1x400.png; admin/js/jquery-ui/development-bundle/themes/base/minified/images/ui-bg_glass_75_e6e6e6_1x400.png; admin/js/plugins/jquery-ui/images/ui-bg_glass_75_e6e6e6_1x400.png; Eski/admin/js/jquery-ui/development-bundle/themes/base/images/ui-bg_glass_75_e6e6e6_1x400.png; Eski/admin/js/plugins/jquery-ui/images/ui-bg_glass_75_e6e6e6_1x400.png
public_html/Eski/admin/js/jquery-ui/development-bundle/themes/base/minified/images/ui-bg_glass_95_fef1ec_1x400.png,png,119,1,400,,f6f1c1bedf1a0f37cfef81d12f5f012869d1ee7c984775a569827a1784d34f5c,NO,"Legacy template, admin or interface asset",Not rendered in the redesigned public site,INTENTIONALLY_EXCLUDED,Not required,Not applicable,"Administrative, plugin, theme-demo or interface artwork; not Vista company content.",admin/js/jquery-ui/development-bundle/themes/base/images/ui-bg_glass_95_fef1ec_1x400.png; admin/js/jquery-ui/development-bundle/themes/base/minified/images/ui-bg_glass_95_fef1ec_1x400.png; admin/js/plugins/jquery-ui/images/ui-bg_glass_95_fef1ec_1x400.png; Eski/admin/js/jquery-ui/development-bundle/themes/base/images/ui-bg_glass_95_fef1ec_1x400.png; Eski/admin/js/plugins/jquery-ui/images/ui-bg_glass_95_fef1ec_1x400.png
public_html/Eski/admin/js/jquery-ui/development-bundle/themes/base/minified/images/ui-bg_highlight-soft_75_cccccc_1x100.png,png,101,1,100,,54270656df079c4da5182629a080fc633b6f84b87985eb016d25a560e2c38d4a,NO,"Legacy template, admin or interface asset",Not rendered in the redesigned public site,INTENTIONALLY_EXCLUDED,Not required,Not applicable,"Administrative, plugin, theme-demo or interface artwork; not Vista company content.",admin/js/jquery-ui/development-bundle/themes/base/images/ui-bg_highlight-soft_75_cccccc_1x100.png; admin/js/jquery-ui/development-bundle/themes/base/minified/images/ui-bg_highlight-soft_75_cccccc_1x100.png; admin/js/plugins/jquery-ui/images/ui-bg_highlight-soft_75_cccccc_1x100.png; Eski/admin/js/jquery-ui/development-bundle/themes/base/images/ui-bg_highlight-soft_75_cccccc_1x100.png; Eski/admin/js/plugins/jquery-ui/images/ui-bg_highlight-soft_75_cccccc_1x100.png
public_html/Eski/admin/js/jquery-ui/development-bundle/themes/base/minified/images/ui-icons_222222_256x240.png,png,4369,256,240,,57adb0d65f4e91dacfee975d9574422bee7486c8a182d60133728c672f2cdbbc,NO,"Legacy template, admin or interface asset",Not rendered in the redesigned public site,INTENTIONALLY_EXCLUDED,Not required,Not applicable,"Administrative, plugin, theme-demo or interface artwork; not Vista company content.",admin/js/jquery-ui/development-bundle/themes/base/images/ui-icons_222222_256x240.png; admin/js/jquery-ui/development-bundle/themes/base/minified/images/ui-icons_222222_256x240.png; admin/js/plugins/jquery-ui/images/ui-icons_222222_256x240.png; Eski/admin/js/jquery-ui/development-bundle/themes/base/images/ui-icons_222222_256x240.png; Eski/admin/js/plugins/jquery-ui/images/ui-icons_222222_256x240.png
public_html/Eski/admin/js/jquery-ui/development-bundle/themes/base/minified/images/ui-icons_2e83ff_256x240.png,png,4369,256,240,,20f8c6667afc48aa433ee9eb6d8a0584bdbd6b4a4a9091ff1e6b3adb31e63bd9,NO,"Legacy template, admin or interface asset",Not rendered in the redesigned public site,INTENTIONALLY_EXCLUDED,Not required,Not applicable,"Administrative, plugin, theme-demo or interface artwork; not Vista company content.",admin/js/jquery-ui/development-bundle/themes/base/images/ui-icons_2e83ff_256x240.png; admin/js/jquery-ui/development-bundle/themes/base/minified/images/ui-icons_2e83ff_256x240.png; admin/js/plugins/jquery-ui/images/ui-icons_2e83ff_256x240.png; Eski/admin/js/jquery-ui/development-bundle/themes/base/images/ui-icons_2e83ff_256x240.png; Eski/admin/js/plugins/jquery-ui/images/ui-icons_2e83ff_256x240.png
public_html/Eski/admin/js/jquery-ui/development-bundle/themes/base/minified/images/ui-icons_454545_256x240.png,png,4369,256,240,,07460e843c3e59aaadbb34231e699e856a2980753c7a47b66447da5d9f93fb7f,NO,"Legacy template, admin or interface asset",Not rendered in the redesigned public site,INTENTIONALLY_EXCLUDED,Not required,Not applicable,"Administrative, plugin, theme-demo or interface artwork; not Vista company content.",admin/js/jquery-ui/development-bundle/themes/base/images/ui-icons_454545_256x240.png; admin/js/jquery-ui/development-bundle/themes/base/minified/images/ui-icons_454545_256x240.png; admin/js/plugins/jquery-ui/images/ui-icons_454545_256x240.png; Eski/admin/js/jquery-ui/development-bundle/themes/base/images/ui-icons_454545_256x240.png; Eski/admin/js/plugins/jquery-ui/images/ui-icons_454545_256x240.png
public_html/Eski/admin/js/jquery-ui/development-bundle/themes/base/minified/images/ui-icons_888888_256x240.png,png,4369,256,240,,ea2e29625de3463465e93b002b065f5833e05b97f7a052b1c141e754d62e1a8b,NO,"Legacy template, admin or interface asset",Not rendered in the redesigned public site,INTENTIONALLY_EXCLUDED,Not required,Not applicable,"Administrative, plugin, theme-demo or interface artwork; not Vista company content.",admin/js/jquery-ui/development-bundle/themes/base/images/ui-icons_888888_256x240.png; admin/js/jquery-ui/development-bundle/themes/base/minified/images/ui-icons_888888_256x240.png; admin/js/plugins/jquery-ui/images/ui-icons_888888_256x240.png; Eski/admin/js/jquery-ui/development-bundle/themes/base/images/ui-icons_888888_256x240.png; Eski/admin/js/plugins/jquery-ui/images/ui-icons_888888_256x240.png
public_html/Eski/admin/js/jquery-ui/development-bundle/themes/base/minified/images/ui-icons_cd0a0a_256x240.png,png,4369,256,240,,1e32c6dbf5d3fd342f27a78aa881550d6412aa207f48468724a6a15402b6041b,NO,"Legacy template, admin or interface asset",Not rendered in the redesigned public site,INTENTIONALLY_EXCLUDED,Not required,Not applicable,"Administrative, plugin, theme-demo or interface artwork; not Vista company content.",admin/js/jquery-ui/development-bundle/themes/base/images/ui-icons_cd0a0a_256x240.png; admin/js/jquery-ui/development-bundle/themes/base/minified/images/ui-icons_cd0a0a_256x240.png; admin/js/plugins/jquery-ui/images/ui-icons_cd0a0a_256x240.png; Eski/admin/js/jquery-ui/development-bundle/themes/base/images/ui-icons_cd0a0a_256x240.png; Eski/admin/js/plugins/jquery-ui/images/ui-icons_cd0a0a_256x240.png
public_html/Eski/admin/js/jquery-ui/development-bundle/themes/ui-lightness/images/animated-overlay.gif,gif,1738,40,40,,c7bcc76fb23c0430b36ec448eb79f8bc34129dae95da10f3c14ed0eacdf2f1b9,NO,"Legacy template, admin or interface asset",Not rendered in the redesigned public site,INTENTIONALLY_EXCLUDED,Not required,Not applicable,"Administrative, plugin, theme-demo or interface artwork; not Vista company content.",admin/css/plugins/jQueryUI/images/animated-overlay.gif; admin/js/jquery-ui/css/ui-lightness/images/animated-overlay.gif; admin/js/jquery-ui/development-bundle/themes/base/images/animated-overlay.gif; admin/js/jquery-ui/development-bundle/themes/base/minified/images/animated-overlay.gif; admin/js/jquery-ui/development-bundle/themes/ui-lightness/images/animated-overlay.gif; admin/js/jquery-ui/development-bundle/themes/ui-lightness/minified/images/animated-overlay.gif; admin/js/plugins/jquery-ui/images/animated-overlay.gif; Eski/admin/css/plugins/jQueryUI/images/animated-overlay.gif; Eski/admin/js/jquery-ui/css/ui-lightness/images/animated-overlay.gif; Eski/admin/js/jquery-ui/development-bundle/themes/base/images/animated-overlay.gif; Eski/admin/js/jquery-ui/development-bundle/themes/base/minified/images/animated-overlay.gif; Eski/admin/js/jquery-ui/development-bundle/themes/ui-lightness/minified/images/animated-overlay.gif; Eski/admin/js/plugins/jquery-ui/images/animated-overlay.gif
public_html/Eski/admin/js/jquery-ui/development-bundle/themes/ui-lightness/images/ui-bg_diagonals-thick_18_b81900_40x40.png,png,418,40,40,,efe6120ab3a3945618abe61a1afc4d5acfc100561f1108e76d44fa9bbacab796,NO,"Legacy template, admin or interface asset",Not rendered in the redesigned public site,INTENTIONALLY_EXCLUDED,Not required,Not applicable,"Administrative, plugin, theme-demo or interface artwork; not Vista company content.",admin/js/jquery-ui/css/ui-lightness/images/ui-bg_diagonals-thick_18_b81900_40x40.png; admin/js/jquery-ui/development-bundle/themes/ui-lightness/images/ui-bg_diagonals-thick_18_b81900_40x40.png; admin/js/jquery-ui/development-bundle/themes/ui-lightness/minified/images/ui-bg_diagonals-thick_18_b81900_40x40.png; Eski/admin/js/jquery-ui/css/ui-lightness/images/ui-bg_diagonals-thick_18_b81900_40x40.png; Eski/admin/js/jquery-ui/development-bundle/themes/ui-lightness/minified/images/ui-bg_diagonals-thick_18_b81900_40x40.png
public_html/Eski/admin/js/jquery-ui/development-bundle/themes/ui-lightness/images/ui-bg_diagonals-thick_20_666666_40x40.png,png,312,40,40,,005b9142f38f3713f379d208c4e4e9d54ec8101c8d4f1838b560f99de42999d1,NO,"Legacy template, admin or interface asset",Not rendered in the redesigned public site,INTENTIONALLY_EXCLUDED,Not required,Not applicable,"Administrative, plugin, theme-demo or interface artwork; not Vista company content.",admin/js/jquery-ui/css/ui-lightness/images/ui-bg_diagonals-thick_20_666666_40x40.png; admin/js/jquery-ui/development-bundle/themes/ui-lightness/images/ui-bg_diagonals-thick_20_666666_40x40.png; admin/js/jquery-ui/development-bundle/themes/ui-lightness/minified/images/ui-bg_diagonals-thick_20_666666_40x40.png; Eski/admin/js/jquery-ui/css/ui-lightness/images/ui-bg_diagonals-thick_20_666666_40x40.png; Eski/admin/js/jquery-ui/development-bundle/themes/ui-lightness/minified/images/ui-bg_diagonals-thick_20_666666_40x40.png
public_html/Eski/admin/js/jquery-ui/development-bundle/themes/ui-lightness/images/ui-bg_flat_10_000000_40x100.png,png,205,40,100,,b3f70c835f507e84d401d02ffc6d82748397f24b8888817dab8cf069d5dc8301,NO,"Legacy template, admin or interface asset",Not rendered in the redesigned public site,INTENTIONALLY_EXCLUDED,Not required,Not applicable,"Administrative, plugin, theme-demo or interface artwork; not Vista company content.",admin/js/jquery-ui/css/ui-lightness/images/ui-bg_flat_10_000000_40x100.png; admin/js/jquery-ui/development-bundle/themes/ui-lightness/images/ui-bg_flat_10_000000_40x100.png; admin/js/jquery-ui/development-bundle/themes/ui-lightness/minified/images/ui-bg_flat_10_000000_40x100.png; Eski/admin/js/jquery-ui/css/ui-lightness/images/ui-bg_flat_10_000000_40x100.png; Eski/admin/js/jquery-ui/development-bundle/themes/ui-lightness/minified/images/ui-bg_flat_10_000000_40x100.png
public_html/Eski/admin/js/jquery-ui/development-bundle/themes/ui-lightness/images/ui-bg_glass_100_f6f6f6_1x400.png,png,262,1,400,,941b2616571078eb1bb07b425ff0404ab8ae70dfd2cc63348706629055a205c0,NO,"Legacy template, admin or interface asset",Not rendered in the redesigned public site,INTENTIONALLY_EXCLUDED,Not required,Not applicable,"Administrative, plugin, theme-demo or interface artwork; not Vista company content.",admin/js/jquery-ui/css/ui-lightness/images/ui-bg_glass_100_f6f6f6_1x400.png; admin/js/jquery-ui/development-bundle/themes/ui-lightness/images/ui-bg_glass_100_f6f6f6_1x400.png; admin/js/jquery-ui/development-bundle/themes/ui-lightness/minified/images/ui-bg_glass_100_f6f6f6_1x400.png; Eski/admin/js/jquery-ui/css/ui-lightness/images/ui-bg_glass_100_f6f6f6_1x400.png; Eski/admin/js/jquery-ui/development-bundle/themes/ui-lightness/minified/images/ui-bg_glass_100_f6f6f6_1x400.png
public_html/Eski/admin/js/jquery-ui/development-bundle/themes/ui-lightness/images/ui-bg_glass_100_fdf5ce_1x400.png,png,348,1,400,,a9dc3fdeefe1ac48f45eedb4077bb6f85d3c917b6df2518d34b9a3590e10608d,NO,"Legacy template, admin or interface asset",Not rendered in the redesigned public site,INTENTIONALLY_EXCLUDED,Not required,Not applicable,"Administrative, plugin, theme-demo or interface artwork; not Vista company content.",admin/js/jquery-ui/css/ui-lightness/images/ui-bg_glass_100_fdf5ce_1x400.png; admin/js/jquery-ui/development-bundle/themes/ui-lightness/images/ui-bg_glass_100_fdf5ce_1x400.png; admin/js/jquery-ui/development-bundle/themes/ui-lightness/minified/images/ui-bg_glass_100_fdf5ce_1x400.png; Eski/admin/js/jquery-ui/css/ui-lightness/images/ui-bg_glass_100_fdf5ce_1x400.png; Eski/admin/js/jquery-ui/development-bundle/themes/ui-lightness/minified/images/ui-bg_glass_100_fdf5ce_1x400.png
public_html/Eski/admin/js/jquery-ui/development-bundle/themes/ui-lightness/images/ui-bg_glass_65_ffffff_1x400.png,png,207,1,400,,9f37a9695c85c145a0185428a84e25736978fd1e367f977a6c8caf44b0f1c610,NO,"Legacy template, admin or interface asset",Not rendered in the redesigned public site,INTENTIONALLY_EXCLUDED,Not required,Not applicable,"Administrative, plugin, theme-demo or interface artwork; not Vista company content.",admin/js/jquery-ui/css/ui-lightness/images/ui-bg_glass_65_ffffff_1x400.png; admin/js/jquery-ui/development-bundle/themes/ui-lightness/images/ui-bg_glass_65_ffffff_1x400.png; admin/js/jquery-ui/development-bundle/themes/ui-lightness/minified/images/ui-bg_glass_65_ffffff_1x400.png; Eski/admin/js/jquery-ui/css/ui-lightness/images/ui-bg_glass_65_ffffff_1x400.png; Eski/admin/js/jquery-ui/development-bundle/themes/ui-lightness/minified/images/ui-bg_glass_65_ffffff_1x400.png
public_html/Eski/admin/js/jquery-ui/development-bundle/themes/ui-lightness/images/ui-bg_gloss-wave_35_f6a828_500x100.png,png,5815,500,100,,68f41f75f38bcd32eec32cf6f4cc5f292042b7b1dc3fdfc9b1d5ad79f9b6972e,NO,"Legacy template, admin or interface asset",Not rendered in the redesigned public site,INTENTIONALLY_EXCLUDED,Not required,Not applicable,"Administrative, plugin, theme-demo or interface artwork; not Vista company content.",admin/js/jquery-ui/css/ui-lightness/images/ui-bg_gloss-wave_35_f6a828_500x100.png; admin/js/jquery-ui/development-bundle/themes/ui-lightness/images/ui-bg_gloss-wave_35_f6a828_500x100.png; admin/js/jquery-ui/development-bundle/themes/ui-lightness/minified/images/ui-bg_gloss-wave_35_f6a828_500x100.png; Eski/admin/js/jquery-ui/css/ui-lightness/images/ui-bg_gloss-wave_35_f6a828_500x100.png; Eski/admin/js/jquery-ui/development-bundle/themes/ui-lightness/minified/images/ui-bg_gloss-wave_35_f6a828_500x100.png
public_html/Eski/admin/js/jquery-ui/development-bundle/themes/ui-lightness/images/ui-bg_highlight-soft_100_eeeeee_1x100.png,png,278,1,100,,278b7aeed09d0ba70c5804364273d629bd5bbd468c54e5b9f29afc21b69d0d65,NO,"Legacy template, admin or interface asset",Not rendered in the redesigned public site,INTENTIONALLY_EXCLUDED,Not required,Not applicable,"Administrative, plugin, theme-demo or interface artwork; not Vista company content.",admin/js/jquery-ui/css/ui-lightness/images/ui-bg_highlight-soft_100_eeeeee_1x100.png; admin/js/jquery-ui/development-bundle/themes/ui-lightness/images/ui-bg_highlight-soft_100_eeeeee_1x100.png; admin/js/jquery-ui/development-bundle/themes/ui-lightness/minified/images/ui-bg_highlight-soft_100_eeeeee_1x100.png; Eski/admin/js/jquery-ui/css/ui-lightness/images/ui-bg_highlight-soft_100_eeeeee_1x100.png; Eski/admin/js/jquery-ui/development-bundle/themes/ui-lightness/minified/images/ui-bg_highlight-soft_100_eeeeee_1x100.png
public_html/Eski/admin/js/jquery-ui/development-bundle/themes/ui-lightness/images/ui-bg_highlight-soft_75_ffe45c_1x100.png,png,328,1,100,,9e207093740c4165d4bdfc63fdcf6ead39e323ede53bb60c8457c68984e719fd,NO,"Legacy template, admin or interface asset",Not rendered in the redesigned public site,INTENTIONALLY_EXCLUDED,Not required,Not applicable,"Administrative, plugin, theme-demo or interface artwork; not Vista company content.",admin/js/jquery-ui/css/ui-lightness/images/ui-bg_highlight-soft_75_ffe45c_1x100.png; admin/js/jquery-ui/development-bundle/themes/ui-lightness/images/ui-bg_highlight-soft_75_ffe45c_1x100.png; admin/js/jquery-ui/development-bundle/themes/ui-lightness/minified/images/ui-bg_highlight-soft_75_ffe45c_1x100.png; Eski/admin/js/jquery-ui/css/ui-lightness/images/ui-bg_highlight-soft_75_ffe45c_1x100.png; Eski/admin/js/jquery-ui/development-bundle/themes/ui-lightness/minified/images/ui-bg_highlight-soft_75_ffe45c_1x100.png
public_html/Eski/admin/js/jquery-ui/development-bundle/themes/ui-lightness/images/ui-icons_222222_256x240.png,png,6922,256,240,,3b1ac036763d3a59c88578486ae698d22a37dd2d46a553485e1eabb9fe255b3f,NO,"Legacy template, admin or interface asset",Not rendered in the redesigned public site,INTENTIONALLY_EXCLUDED,Not required,Not applicable,"Administrative, plugin, theme-demo or interface artwork; not Vista company content.",admin/css/plugins/jQueryUI/images/ui-icons_222222_256x240.png; admin/js/jquery-ui/css/ui-lightness/images/ui-icons_222222_256x240.png; admin/js/jquery-ui/development-bundle/themes/ui-lightness/images/ui-icons_222222_256x240.png; admin/js/jquery-ui/development-bundle/themes/ui-lightness/minified/images/ui-icons_222222_256x240.png; Eski/admin/css/plugins/jQueryUI/images/ui-icons_222222_256x240.png; Eski/admin/js/jquery-ui/css/ui-lightness/images/ui-icons_222222_256x240.png; Eski/admin/js/jquery-ui/development-bundle/themes/ui-lightness/minified/images/ui-icons_222222_256x240.png
public_html/Eski/admin/js/jquery-ui/development-bundle/themes/ui-lightness/images/ui-icons_228ef1_256x240.png,png,4549,256,240,,80b92d36768a48d7719925dd3803aa4e724568177cf4bb07184c7c98ca51fa9e,NO,"Legacy template, admin or interface asset",Not rendered in the redesigned public site,INTENTIONALLY_EXCLUDED,Not required,Not applicable,"Administrative, plugin, theme-demo or interface artwork; not Vista company content.",admin/js/jquery-ui/css/ui-lightness/images/ui-icons_228ef1_256x240.png; admin/js/jquery-ui/development-bundle/themes/ui-lightness/images/ui-icons_228ef1_256x240.png; admin/js/jquery-ui/development-bundle/themes/ui-lightness/minified/images/ui-icons_228ef1_256x240.png; Eski/admin/js/jquery-ui/css/ui-lightness/images/ui-icons_228ef1_256x240.png; Eski/admin/js/jquery-ui/development-bundle/themes/ui-lightness/minified/images/ui-icons_228ef1_256x240.png
public_html/Eski/admin/js/jquery-ui/development-bundle/themes/ui-lightness/images/ui-icons_ef8c08_256x240.png,png,4549,256,240,,0e8e93c2251a5c217d104a7bd041c990936e7af8cd0ff3a117f76fcb77675a43,NO,"Legacy template, admin or interface asset",Not rendered in the redesigned public site,INTENTIONALLY_EXCLUDED,Not required,Not applicable,"Administrative, plugin, theme-demo or interface artwork; not Vista company content.",admin/js/jquery-ui/css/ui-lightness/images/ui-icons_ef8c08_256x240.png; admin/js/jquery-ui/development-bundle/themes/ui-lightness/images/ui-icons_ef8c08_256x240.png; admin/js/jquery-ui/development-bundle/themes/ui-lightness/minified/images/ui-icons_ef8c08_256x240.png; Eski/admin/js/jquery-ui/css/ui-lightness/images/ui-icons_ef8c08_256x240.png; Eski/admin/js/jquery-ui/development-bundle/themes/ui-lightness/minified/images/ui-icons_ef8c08_256x240.png
public_html/Eski/admin/js/jquery-ui/development-bundle/themes/ui-lightness/images/ui-icons_ffd27a_256x240.png,png,4549,256,240,,0d65c1e072407ca1d22ed1e4bf2076ab2f008a90cae7f3b8552730fc7bce2a2e,NO,"Legacy template, admin or interface asset",Not rendered in the redesigned public site,INTENTIONALLY_EXCLUDED,Not required,Not applicable,"Administrative, plugin, theme-demo or interface artwork; not Vista company content.",admin/js/jquery-ui/css/ui-lightness/images/ui-icons_ffd27a_256x240.png; admin/js/jquery-ui/development-bundle/themes/ui-lightness/images/ui-icons_ffd27a_256x240.png; admin/js/jquery-ui/development-bundle/themes/ui-lightness/minified/images/ui-icons_ffd27a_256x240.png; Eski/admin/js/jquery-ui/css/ui-lightness/images/ui-icons_ffd27a_256x240.png; Eski/admin/js/jquery-ui/development-bundle/themes/ui-lightness/minified/images/ui-icons_ffd27a_256x240.png
public_html/Eski/admin/js/jquery-ui/development-bundle/themes/ui-lightness/images/ui-icons_ffffff_256x240.png,png,6299,256,240,,98991f0262559c830f3a94608c74f95887c373b4a9fe886f0de57f8bbfcdc875,NO,"Legacy template, admin or interface asset",Not rendered in the redesigned public site,INTENTIONALLY_EXCLUDED,Not required,Not applicable,"Administrative, plugin, theme-demo or interface artwork; not Vista company content.",admin/js/jquery-ui/css/ui-lightness/images/ui-icons_ffffff_256x240.png; admin/js/jquery-ui/development-bundle/themes/ui-lightness/images/ui-icons_ffffff_256x240.png; admin/js/jquery-ui/development-bundle/themes/ui-lightness/minified/images/ui-icons_ffffff_256x240.png; Eski/admin/js/jquery-ui/css/ui-lightness/images/ui-icons_ffffff_256x240.png; Eski/admin/js/jquery-ui/development-bundle/themes/ui-lightness/minified/images/ui-icons_ffffff_256x240.png
public_html/Eski/admin/js/jquery-ui/development-bundle/themes/ui-lightness/minified/images/animated-overlay.gif,gif,1738,40,40,,c7bcc76fb23c0430b36ec448eb79f8bc34129dae95da10f3c14ed0eacdf2f1b9,NO,"Legacy template, admin or interface asset",Not rendered in the redesigned public site,INTENTIONALLY_EXCLUDED,Not required,Not applicable,"Administrative, plugin, theme-demo or interface artwork; not Vista company content.",admin/css/plugins/jQueryUI/images/animated-overlay.gif; admin/js/jquery-ui/css/ui-lightness/images/animated-overlay.gif; admin/js/jquery-ui/development-bundle/themes/base/images/animated-overlay.gif; admin/js/jquery-ui/development-bundle/themes/base/minified/images/animated-overlay.gif; admin/js/jquery-ui/development-bundle/themes/ui-lightness/images/animated-overlay.gif; admin/js/jquery-ui/development-bundle/themes/ui-lightness/minified/images/animated-overlay.gif; admin/js/plugins/jquery-ui/images/animated-overlay.gif; Eski/admin/css/plugins/jQueryUI/images/animated-overlay.gif; Eski/admin/js/jquery-ui/css/ui-lightness/images/animated-overlay.gif; Eski/admin/js/jquery-ui/development-bundle/themes/base/images/animated-overlay.gif; Eski/admin/js/jquery-ui/development-bundle/themes/base/minified/images/animated-overlay.gif; Eski/admin/js/jquery-ui/development-bundle/themes/ui-lightness/images/animated-overlay.gif; Eski/admin/js/plugins/jquery-ui/images/animated-overlay.gif
public_html/Eski/admin/js/jquery-ui/development-bundle/themes/ui-lightness/minified/images/ui-bg_diagonals-thick_18_b81900_40x40.png,png,418,40,40,,efe6120ab3a3945618abe61a1afc4d5acfc100561f1108e76d44fa9bbacab796,NO,"Legacy template, admin or interface asset",Not rendered in the redesigned public site,INTENTIONALLY_EXCLUDED,Not required,Not applicable,"Administrative, plugin, theme-demo or interface artwork; not Vista company content.",admin/js/jquery-ui/css/ui-lightness/images/ui-bg_diagonals-thick_18_b81900_40x40.png; admin/js/jquery-ui/development-bundle/themes/ui-lightness/images/ui-bg_diagonals-thick_18_b81900_40x40.png; admin/js/jquery-ui/development-bundle/themes/ui-lightness/minified/images/ui-bg_diagonals-thick_18_b81900_40x40.png; Eski/admin/js/jquery-ui/css/ui-lightness/images/ui-bg_diagonals-thick_18_b81900_40x40.png; Eski/admin/js/jquery-ui/development-bundle/themes/ui-lightness/images/ui-bg_diagonals-thick_18_b81900_40x40.png
public_html/Eski/admin/js/jquery-ui/development-bundle/themes/ui-lightness/minified/images/ui-bg_diagonals-thick_20_666666_40x40.png,png,312,40,40,,005b9142f38f3713f379d208c4e4e9d54ec8101c8d4f1838b560f99de42999d1,NO,"Legacy template, admin or interface asset",Not rendered in the redesigned public site,INTENTIONALLY_EXCLUDED,Not required,Not applicable,"Administrative, plugin, theme-demo or interface artwork; not Vista company content.",admin/js/jquery-ui/css/ui-lightness/images/ui-bg_diagonals-thick_20_666666_40x40.png; admin/js/jquery-ui/development-bundle/themes/ui-lightness/images/ui-bg_diagonals-thick_20_666666_40x40.png; admin/js/jquery-ui/development-bundle/themes/ui-lightness/minified/images/ui-bg_diagonals-thick_20_666666_40x40.png; Eski/admin/js/jquery-ui/css/ui-lightness/images/ui-bg_diagonals-thick_20_666666_40x40.png; Eski/admin/js/jquery-ui/development-bundle/themes/ui-lightness/images/ui-bg_diagonals-thick_20_666666_40x40.png
public_html/Eski/admin/js/jquery-ui/development-bundle/themes/ui-lightness/minified/images/ui-bg_flat_10_000000_40x100.png,png,205,40,100,,b3f70c835f507e84d401d02ffc6d82748397f24b8888817dab8cf069d5dc8301,NO,"Legacy template, admin or interface asset",Not rendered in the redesigned public site,INTENTIONALLY_EXCLUDED,Not required,Not applicable,"Administrative, plugin, theme-demo or interface artwork; not Vista company content.",admin/js/jquery-ui/css/ui-lightness/images/ui-bg_flat_10_000000_40x100.png; admin/js/jquery-ui/development-bundle/themes/ui-lightness/images/ui-bg_flat_10_000000_40x100.png; admin/js/jquery-ui/development-bundle/themes/ui-lightness/minified/images/ui-bg_flat_10_000000_40x100.png; Eski/admin/js/jquery-ui/css/ui-lightness/images/ui-bg_flat_10_000000_40x100.png; Eski/admin/js/jquery-ui/development-bundle/themes/ui-lightness/images/ui-bg_flat_10_000000_40x100.png
public_html/Eski/admin/js/jquery-ui/development-bundle/themes/ui-lightness/minified/images/ui-bg_glass_100_f6f6f6_1x400.png,png,262,1,400,,941b2616571078eb1bb07b425ff0404ab8ae70dfd2cc63348706629055a205c0,NO,"Legacy template, admin or interface asset",Not rendered in the redesigned public site,INTENTIONALLY_EXCLUDED,Not required,Not applicable,"Administrative, plugin, theme-demo or interface artwork; not Vista company content.",admin/js/jquery-ui/css/ui-lightness/images/ui-bg_glass_100_f6f6f6_1x400.png; admin/js/jquery-ui/development-bundle/themes/ui-lightness/images/ui-bg_glass_100_f6f6f6_1x400.png; admin/js/jquery-ui/development-bundle/themes/ui-lightness/minified/images/ui-bg_glass_100_f6f6f6_1x400.png; Eski/admin/js/jquery-ui/css/ui-lightness/images/ui-bg_glass_100_f6f6f6_1x400.png; Eski/admin/js/jquery-ui/development-bundle/themes/ui-lightness/images/ui-bg_glass_100_f6f6f6_1x400.png
public_html/Eski/admin/js/jquery-ui/development-bundle/themes/ui-lightness/minified/images/ui-bg_glass_100_fdf5ce_1x400.png,png,348,1,400,,a9dc3fdeefe1ac48f45eedb4077bb6f85d3c917b6df2518d34b9a3590e10608d,NO,"Legacy template, admin or interface asset",Not rendered in the redesigned public site,INTENTIONALLY_EXCLUDED,Not required,Not applicable,"Administrative, plugin, theme-demo or interface artwork; not Vista company content.",admin/js/jquery-ui/css/ui-lightness/images/ui-bg_glass_100_fdf5ce_1x400.png; admin/js/jquery-ui/development-bundle/themes/ui-lightness/images/ui-bg_glass_100_fdf5ce_1x400.png; admin/js/jquery-ui/development-bundle/themes/ui-lightness/minified/images/ui-bg_glass_100_fdf5ce_1x400.png; Eski/admin/js/jquery-ui/css/ui-lightness/images/ui-bg_glass_100_fdf5ce_1x400.png; Eski/admin/js/jquery-ui/development-bundle/themes/ui-lightness/images/ui-bg_glass_100_fdf5ce_1x400.png
public_html/Eski/admin/js/jquery-ui/development-bundle/themes/ui-lightness/minified/images/ui-bg_glass_65_ffffff_1x400.png,png,207,1,400,,9f37a9695c85c145a0185428a84e25736978fd1e367f977a6c8caf44b0f1c610,NO,"Legacy template, admin or interface asset",Not rendered in the redesigned public site,INTENTIONALLY_EXCLUDED,Not required,Not applicable,"Administrative, plugin, theme-demo or interface artwork; not Vista company content.",admin/js/jquery-ui/css/ui-lightness/images/ui-bg_glass_65_ffffff_1x400.png; admin/js/jquery-ui/development-bundle/themes/ui-lightness/images/ui-bg_glass_65_ffffff_1x400.png; admin/js/jquery-ui/development-bundle/themes/ui-lightness/minified/images/ui-bg_glass_65_ffffff_1x400.png; Eski/admin/js/jquery-ui/css/ui-lightness/images/ui-bg_glass_65_ffffff_1x400.png; Eski/admin/js/jquery-ui/development-bundle/themes/ui-lightness/images/ui-bg_glass_65_ffffff_1x400.png
public_html/Eski/admin/js/jquery-ui/development-bundle/themes/ui-lightness/minified/images/ui-bg_gloss-wave_35_f6a828_500x100.png,png,5815,500,100,,68f41f75f38bcd32eec32cf6f4cc5f292042b7b1dc3fdfc9b1d5ad79f9b6972e,NO,"Legacy template, admin or interface asset",Not rendered in the redesigned public site,INTENTIONALLY_EXCLUDED,Not required,Not applicable,"Administrative, plugin, theme-demo or interface artwork; not Vista company content.",admin/js/jquery-ui/css/ui-lightness/images/ui-bg_gloss-wave_35_f6a828_500x100.png; admin/js/jquery-ui/development-bundle/themes/ui-lightness/images/ui-bg_gloss-wave_35_f6a828_500x100.png; admin/js/jquery-ui/development-bundle/themes/ui-lightness/minified/images/ui-bg_gloss-wave_35_f6a828_500x100.png; Eski/admin/js/jquery-ui/css/ui-lightness/images/ui-bg_gloss-wave_35_f6a828_500x100.png; Eski/admin/js/jquery-ui/development-bundle/themes/ui-lightness/images/ui-bg_gloss-wave_35_f6a828_500x100.png
public_html/Eski/admin/js/jquery-ui/development-bundle/themes/ui-lightness/minified/images/ui-bg_highlight-soft_100_eeeeee_1x100.png,png,278,1,100,,278b7aeed09d0ba70c5804364273d629bd5bbd468c54e5b9f29afc21b69d0d65,NO,"Legacy template, admin or interface asset",Not rendered in the redesigned public site,INTENTIONALLY_EXCLUDED,Not required,Not applicable,"Administrative, plugin, theme-demo or interface artwork; not Vista company content.",admin/js/jquery-ui/css/ui-lightness/images/ui-bg_highlight-soft_100_eeeeee_1x100.png; admin/js/jquery-ui/development-bundle/themes/ui-lightness/images/ui-bg_highlight-soft_100_eeeeee_1x100.png; admin/js/jquery-ui/development-bundle/themes/ui-lightness/minified/images/ui-bg_highlight-soft_100_eeeeee_1x100.png; Eski/admin/js/jquery-ui/css/ui-lightness/images/ui-bg_highlight-soft_100_eeeeee_1x100.png; Eski/admin/js/jquery-ui/development-bundle/themes/ui-lightness/images/ui-bg_highlight-soft_100_eeeeee_1x100.png
public_html/Eski/admin/js/jquery-ui/development-bundle/themes/ui-lightness/minified/images/ui-bg_highlight-soft_75_ffe45c_1x100.png,png,328,1,100,,9e207093740c4165d4bdfc63fdcf6ead39e323ede53bb60c8457c68984e719fd,NO,"Legacy template, admin or interface asset",Not rendered in the redesigned public site,INTENTIONALLY_EXCLUDED,Not required,Not applicable,"Administrative, plugin, theme-demo or interface artwork; not Vista company content.",admin/js/jquery-ui/css/ui-lightness/images/ui-bg_highlight-soft_75_ffe45c_1x100.png; admin/js/jquery-ui/development-bundle/themes/ui-lightness/images/ui-bg_highlight-soft_75_ffe45c_1x100.png; admin/js/jquery-ui/development-bundle/themes/ui-lightness/minified/images/ui-bg_highlight-soft_75_ffe45c_1x100.png; Eski/admin/js/jquery-ui/css/ui-lightness/images/ui-bg_highlight-soft_75_ffe45c_1x100.png; Eski/admin/js/jquery-ui/development-bundle/themes/ui-lightness/images/ui-bg_highlight-soft_75_ffe45c_1x100.png
public_html/Eski/admin/js/jquery-ui/development-bundle/themes/ui-lightness/minified/images/ui-icons_222222_256x240.png,png,6922,256,240,,3b1ac036763d3a59c88578486ae698d22a37dd2d46a553485e1eabb9fe255b3f,NO,"Legacy template, admin or interface asset",Not rendered in the redesigned public site,INTENTIONALLY_EXCLUDED,Not required,Not applicable,"Administrative, plugin, theme-demo or interface artwork; not Vista company content.",admin/css/plugins/jQueryUI/images/ui-icons_222222_256x240.png; admin/js/jquery-ui/css/ui-lightness/images/ui-icons_222222_256x240.png; admin/js/jquery-ui/development-bundle/themes/ui-lightness/images/ui-icons_222222_256x240.png; admin/js/jquery-ui/development-bundle/themes/ui-lightness/minified/images/ui-icons_222222_256x240.png; Eski/admin/css/plugins/jQueryUI/images/ui-icons_222222_256x240.png; Eski/admin/js/jquery-ui/css/ui-lightness/images/ui-icons_222222_256x240.png; Eski/admin/js/jquery-ui/development-bundle/themes/ui-lightness/images/ui-icons_222222_256x240.png
public_html/Eski/admin/js/jquery-ui/development-bundle/themes/ui-lightness/minified/images/ui-icons_228ef1_256x240.png,png,4549,256,240,,80b92d36768a48d7719925dd3803aa4e724568177cf4bb07184c7c98ca51fa9e,NO,"Legacy template, admin or interface asset",Not rendered in the redesigned public site,INTENTIONALLY_EXCLUDED,Not required,Not applicable,"Administrative, plugin, theme-demo or interface artwork; not Vista company content.",admin/js/jquery-ui/css/ui-lightness/images/ui-icons_228ef1_256x240.png; admin/js/jquery-ui/development-bundle/themes/ui-lightness/images/ui-icons_228ef1_256x240.png; admin/js/jquery-ui/development-bundle/themes/ui-lightness/minified/images/ui-icons_228ef1_256x240.png; Eski/admin/js/jquery-ui/css/ui-lightness/images/ui-icons_228ef1_256x240.png; Eski/admin/js/jquery-ui/development-bundle/themes/ui-lightness/images/ui-icons_228ef1_256x240.png
public_html/Eski/admin/js/jquery-ui/development-bundle/themes/ui-lightness/minified/images/ui-icons_ef8c08_256x240.png,png,4549,256,240,,0e8e93c2251a5c217d104a7bd041c990936e7af8cd0ff3a117f76fcb77675a43,NO,"Legacy template, admin or interface asset",Not rendered in the redesigned public site,INTENTIONALLY_EXCLUDED,Not required,Not applicable,"Administrative, plugin, theme-demo or interface artwork; not Vista company content.",admin/js/jquery-ui/css/ui-lightness/images/ui-icons_ef8c08_256x240.png; admin/js/jquery-ui/development-bundle/themes/ui-lightness/images/ui-icons_ef8c08_256x240.png; admin/js/jquery-ui/development-bundle/themes/ui-lightness/minified/images/ui-icons_ef8c08_256x240.png; Eski/admin/js/jquery-ui/css/ui-lightness/images/ui-icons_ef8c08_256x240.png; Eski/admin/js/jquery-ui/development-bundle/themes/ui-lightness/images/ui-icons_ef8c08_256x240.png
public_html/Eski/admin/js/jquery-ui/development-bundle/themes/ui-lightness/minified/images/ui-icons_ffd27a_256x240.png,png,4549,256,240,,0d65c1e072407ca1d22ed1e4bf2076ab2f008a90cae7f3b8552730fc7bce2a2e,NO,"Legacy template, admin or interface asset",Not rendered in the redesigned public site,INTENTIONALLY_EXCLUDED,Not required,Not applicable,"Administrative, plugin, theme-demo or interface artwork; not Vista company content.",admin/js/jquery-ui/css/ui-lightness/images/ui-icons_ffd27a_256x240.png; admin/js/jquery-ui/development-bundle/themes/ui-lightness/images/ui-icons_ffd27a_256x240.png; admin/js/jquery-ui/development-bundle/themes/ui-lightness/minified/images/ui-icons_ffd27a_256x240.png; Eski/admin/js/jquery-ui/css/ui-lightness/images/ui-icons_ffd27a_256x240.png; Eski/admin/js/jquery-ui/development-bundle/themes/ui-lightness/images/ui-icons_ffd27a_256x240.png
public_html/Eski/admin/js/jquery-ui/development-bundle/themes/ui-lightness/minified/images/ui-icons_ffffff_256x240.png,png,6299,256,240,,98991f0262559c830f3a94608c74f95887c373b4a9fe886f0de57f8bbfcdc875,NO,"Legacy template, admin or interface asset",Not rendered in the redesigned public site,INTENTIONALLY_EXCLUDED,Not required,Not applicable,"Administrative, plugin, theme-demo or interface artwork; not Vista company content.",admin/js/jquery-ui/css/ui-lightness/images/ui-icons_ffffff_256x240.png; admin/js/jquery-ui/development-bundle/themes/ui-lightness/images/ui-icons_ffffff_256x240.png; admin/js/jquery-ui/development-bundle/themes/ui-lightness/minified/images/ui-icons_ffffff_256x240.png; Eski/admin/js/jquery-ui/css/ui-lightness/images/ui-icons_ffffff_256x240.png; Eski/admin/js/jquery-ui/development-bundle/themes/ui-lightness/images/ui-icons_ffffff_256x240.png
public_html/Eski/admin/js/plugins/fancybox/blank.gif,gif,43,1,1,,b1442e85b03bdcaf66dc58c7abb98745dd2687d86350be9a298a1d9382ac849b,NO,"Legacy template, admin or interface asset",Not rendered in the redesigned public site,INTENTIONALLY_EXCLUDED,Not required,Not applicable,"Administrative, plugin, theme-demo or interface artwork; not Vista company content.",admin/js/plugins/fancybox/blank.gif
public_html/Eski/admin/js/plugins/fancybox/fancybox_loading.gif,gif,6567,24,24,,b8681cce947f5b28ed3181b11601e2470b40811722a49564d1271e7b40015064,NO,"Legacy template, admin or interface asset",Not rendered in the redesigned public site,INTENTIONALLY_EXCLUDED,Not required,Not applicable,"Administrative, plugin, theme-demo or interface artwork; not Vista company content.",admin/js/plugins/fancybox/fancybox_loading.gif
public_html/Eski/admin/js/plugins/fancybox/fancybox_loading@2x.gif,gif,13984,48,48,,73b27f9aeb7bc6ee3c4bd20742382f015efd89981a3706d2a29a50867849629c,NO,"Legacy template, admin or interface asset",Not rendered in the redesigned public site,INTENTIONALLY_EXCLUDED,Not required,Not applicable,"Administrative, plugin, theme-demo or interface artwork; not Vista company content.",admin/js/plugins/fancybox/fancybox_loading@2x.gif
public_html/Eski/admin/js/plugins/fancybox/fancybox_overlay.png,png,1003,10,10,,a163bab86035b0ba62c98fbbd4d8b4f5edabbbb774eca0b5e9e5081b5711b2ab,NO,"Legacy template, admin or interface asset",Not rendered in the redesigned public site,INTENTIONALLY_EXCLUDED,Not required,Not applicable,"Administrative, plugin, theme-demo or interface artwork; not Vista company content.",admin/js/plugins/fancybox/fancybox_overlay.png
public_html/Eski/admin/js/plugins/fancybox/fancybox_sprite.png,png,1362,44,152,,b9d6fddb0988440902fcfc72f371ecfa80ee2eb36073f9eebc17449ee41c886f,NO,"Legacy template, admin or interface asset",Not rendered in the redesigned public site,INTENTIONALLY_EXCLUDED,Not required,Not applicable,"Administrative, plugin, theme-demo or interface artwork; not Vista company content.",admin/js/plugins/fancybox/fancybox_sprite.png
public_html/Eski/admin/js/plugins/fancybox/fancybox_sprite@2x.png,png,6553,88,304,,6ab68245606bbe6ad87ea3f6a044c93f6c21a07e70924b35b68bfb3786d94cf0,NO,"Legacy template, admin or interface asset",Not rendered in the redesigned public site,INTENTIONALLY_EXCLUDED,Not required,Not applicable,"Administrative, plugin, theme-demo or interface artwork; not Vista company content.",admin/js/plugins/fancybox/fancybox_sprite@2x.png
public_html/Eski/admin/js/plugins/fancybox/helpers/fancybox_buttons.png,png,1080,90,90,,e31c3a8c15610109580e0f787dceb6e0a33c5f365d4cdbd4ee76f2b33aef5822,NO,"Legacy template, admin or interface asset",Not rendered in the redesigned public site,INTENTIONALLY_EXCLUDED,Not required,Not applicable,"Administrative, plugin, theme-demo or interface artwork; not Vista company content.",admin/js/plugins/fancybox/helpers/fancybox_buttons.png
public_html/Eski/admin/js/plugins/gritter/images/gritter-light.png,png,5545,602,310,,b20c359da4e1af0f76ae45a556410ae50257fbc4d83d02d6a712c7427b94fd32,NO,"Legacy template, admin or interface asset",Not rendered in the redesigned public site,INTENTIONALLY_EXCLUDED,Not required,Not applicable,"Administrative, plugin, theme-demo or interface artwork; not Vista company content.",admin/js/plugins/gritter/images/gritter-light.png
public_html/Eski/admin/js/plugins/gritter/images/gritter-long.png,png,6938,602,530,,c5626851632f64dd55ec391763ff423146e43238cb0a34782d9e526fc3c73149,NO,"Legacy template, admin or interface asset",Not rendered in the redesigned public site,INTENTIONALLY_EXCLUDED,Not required,Not applicable,"Administrative, plugin, theme-demo or interface artwork; not Vista company content.",admin/js/plugins/gritter/images/gritter-long.png
public_html/Eski/admin/js/plugins/gritter/images/gritter.png,png,5537,602,310,,28b86822cf0f1593ee8e649a66593dab4665b58908c7ea87015d33b1acefd3fc,NO,"Legacy template, admin or interface asset",Not rendered in the redesigned public site,INTENTIONALLY_EXCLUDED,Not required,Not applicable,"Administrative, plugin, theme-demo or interface artwork; not Vista company content.",admin/js/plugins/gritter/images/gritter.png
public_html/Eski/admin/js/plugins/gritter/images/ie-spacer.gif,gif,43,1,1,,548f2d6f4d0d820c6c5ffbeffcbd7f0e73193e2932eefe542accc84762deec87,NO,"Legacy template, admin or interface asset",Not rendered in the redesigned public site,INTENTIONALLY_EXCLUDED,Not required,Not applicable,"Administrative, plugin, theme-demo or interface artwork; not Vista company content.",admin/js/plugins/gritter/images/ie-spacer.gif
public_html/Eski/admin/js/plugins/jquery-ui/images/animated-overlay.gif,gif,1738,40,40,,c7bcc76fb23c0430b36ec448eb79f8bc34129dae95da10f3c14ed0eacdf2f1b9,NO,"Legacy template, admin or interface asset",Not rendered in the redesigned public site,INTENTIONALLY_EXCLUDED,Not required,Not applicable,"Administrative, plugin, theme-demo or interface artwork; not Vista company content.",admin/css/plugins/jQueryUI/images/animated-overlay.gif; admin/js/jquery-ui/css/ui-lightness/images/animated-overlay.gif; admin/js/jquery-ui/development-bundle/themes/base/images/animated-overlay.gif; admin/js/jquery-ui/development-bundle/themes/base/minified/images/animated-overlay.gif; admin/js/jquery-ui/development-bundle/themes/ui-lightness/images/animated-overlay.gif; admin/js/jquery-ui/development-bundle/themes/ui-lightness/minified/images/animated-overlay.gif; admin/js/plugins/jquery-ui/images/animated-overlay.gif; Eski/admin/css/plugins/jQueryUI/images/animated-overlay.gif; Eski/admin/js/jquery-ui/css/ui-lightness/images/animated-overlay.gif; Eski/admin/js/jquery-ui/development-bundle/themes/base/images/animated-overlay.gif; Eski/admin/js/jquery-ui/development-bundle/themes/base/minified/images/animated-overlay.gif; Eski/admin/js/jquery-ui/development-bundle/themes/ui-lightness/images/animated-overlay.gif; Eski/admin/js/jquery-ui/development-bundle/themes/ui-lightness/minified/images/animated-overlay.gif
public_html/Eski/admin/js/plugins/jquery-ui/images/ui-bg_flat_0_aaaaaa_40x100.png,png,180,40,100,,9a8492a580bf85d3e98ae8861fbd45567e5a1f83eeafcf9574da0399d5f602ab,NO,"Legacy template, admin or interface asset",Not rendered in the redesigned public site,INTENTIONALLY_EXCLUDED,Not required,Not applicable,"Administrative, plugin, theme-demo or interface artwork; not Vista company content.",admin/js/jquery-ui/development-bundle/themes/base/images/ui-bg_flat_0_aaaaaa_40x100.png; admin/js/jquery-ui/development-bundle/themes/base/minified/images/ui-bg_flat_0_aaaaaa_40x100.png; admin/js/plugins/jquery-ui/images/ui-bg_flat_0_aaaaaa_40x100.png; Eski/admin/js/jquery-ui/development-bundle/themes/base/images/ui-bg_flat_0_aaaaaa_40x100.png; Eski/admin/js/jquery-ui/development-bundle/themes/base/minified/images/ui-bg_flat_0_aaaaaa_40x100.png
public_html/Eski/admin/js/plugins/jquery-ui/images/ui-bg_flat_75_ffffff_40x100.png,png,178,40,100,,39ab7ccd9f4e82579da78a9241265df288d8eb65dbbd7cf48aed2d0129887df5,NO,"Legacy template, admin or interface asset",Not rendered in the redesigned public site,INTENTIONALLY_EXCLUDED,Not required,Not applicable,"Administrative, plugin, theme-demo or interface artwork; not Vista company content.",admin/js/jquery-ui/development-bundle/themes/base/images/ui-bg_flat_75_ffffff_40x100.png; admin/js/jquery-ui/development-bundle/themes/base/minified/images/ui-bg_flat_75_ffffff_40x100.png; admin/js/plugins/jquery-ui/images/ui-bg_flat_75_ffffff_40x100.png; Eski/admin/js/jquery-ui/development-bundle/themes/base/images/ui-bg_flat_75_ffffff_40x100.png; Eski/admin/js/jquery-ui/development-bundle/themes/base/minified/images/ui-bg_flat_75_ffffff_40x100.png
public_html/Eski/admin/js/plugins/jquery-ui/images/ui-bg_glass_55_fbf9ee_1x400.png,png,120,1,400,,691597e8a40a891ea94d3589976ecfc33e6145c49422443b00ac2b5a0022964c,NO,"Legacy template, admin or interface asset",Not rendered in the redesigned public site,INTENTIONALLY_EXCLUDED,Not required,Not applicable,"Administrative, plugin, theme-demo or interface artwork; not Vista company content.",admin/js/jquery-ui/development-bundle/themes/base/images/ui-bg_glass_55_fbf9ee_1x400.png; admin/js/jquery-ui/development-bundle/themes/base/minified/images/ui-bg_glass_55_fbf9ee_1x400.png; admin/js/plugins/jquery-ui/images/ui-bg_glass_55_fbf9ee_1x400.png; Eski/admin/js/jquery-ui/development-bundle/themes/base/images/ui-bg_glass_55_fbf9ee_1x400.png; Eski/admin/js/jquery-ui/development-bundle/themes/base/minified/images/ui-bg_glass_55_fbf9ee_1x400.png
public_html/Eski/admin/js/plugins/jquery-ui/images/ui-bg_glass_65_ffffff_1x400.png,png,105,1,400,,f0e6cd91b837d5c5644d026e5ffeccd907953317cd5c0f689901733afda260b2,NO,"Legacy template, admin or interface asset",Not rendered in the redesigned public site,INTENTIONALLY_EXCLUDED,Not required,Not applicable,"Administrative, plugin, theme-demo or interface artwork; not Vista company content.",admin/js/jquery-ui/development-bundle/themes/base/images/ui-bg_glass_65_ffffff_1x400.png; admin/js/jquery-ui/development-bundle/themes/base/minified/images/ui-bg_glass_65_ffffff_1x400.png; admin/js/plugins/jquery-ui/images/ui-bg_glass_65_ffffff_1x400.png; Eski/admin/js/jquery-ui/development-bundle/themes/base/images/ui-bg_glass_65_ffffff_1x400.png; Eski/admin/js/jquery-ui/development-bundle/themes/base/minified/images/ui-bg_glass_65_ffffff_1x400.png
public_html/Eski/admin/js/plugins/jquery-ui/images/ui-bg_glass_75_dadada_1x400.png,png,111,1,400,,c108f5cbf2dd9ec07a26530695ddd95e1664597ce6c056ae44c162cc2e28cec4,NO,"Legacy template, admin or interface asset",Not rendered in the redesigned public site,INTENTIONALLY_EXCLUDED,Not required,Not applicable,"Administrative, plugin, theme-demo or interface artwork; not Vista company content.",admin/js/jquery-ui/development-bundle/themes/base/images/ui-bg_glass_75_dadada_1x400.png; admin/js/jquery-ui/development-bundle/themes/base/minified/images/ui-bg_glass_75_dadada_1x400.png; admin/js/plugins/jquery-ui/images/ui-bg_glass_75_dadada_1x400.png; Eski/admin/js/jquery-ui/development-bundle/themes/base/images/ui-bg_glass_75_dadada_1x400.png; Eski/admin/js/jquery-ui/development-bundle/themes/base/minified/images/ui-bg_glass_75_dadada_1x400.png
public_html/Eski/admin/js/plugins/jquery-ui/images/ui-bg_glass_75_e6e6e6_1x400.png,png,110,1,400,,ddf5dd4e0ef2b185e8bb0af7b6e90ebe74a84384cb4700658e76e754c8bfe550,NO,"Legacy template, admin or interface asset",Not rendered in the redesigned public site,INTENTIONALLY_EXCLUDED,Not required,Not applicable,"Administrative, plugin, theme-demo or interface artwork; not Vista company content.",admin/js/jquery-ui/development-bundle/themes/base/images/ui-bg_glass_75_e6e6e6_1x400.png; admin/js/jquery-ui/development-bundle/themes/base/minified/images/ui-bg_glass_75_e6e6e6_1x400.png; admin/js/plugins/jquery-ui/images/ui-bg_glass_75_e6e6e6_1x400.png; Eski/admin/js/jquery-ui/development-bundle/themes/base/images/ui-bg_glass_75_e6e6e6_1x400.png; Eski/admin/js/jquery-ui/development-bundle/themes/base/minified/images/ui-bg_glass_75_e6e6e6_1x400.png
public_html/Eski/admin/js/plugins/jquery-ui/images/ui-bg_glass_95_fef1ec_1x400.png,png,119,1,400,,f6f1c1bedf1a0f37cfef81d12f5f012869d1ee7c984775a569827a1784d34f5c,NO,"Legacy template, admin or interface asset",Not rendered in the redesigned public site,INTENTIONALLY_EXCLUDED,Not required,Not applicable,"Administrative, plugin, theme-demo or interface artwork; not Vista company content.",admin/js/jquery-ui/development-bundle/themes/base/images/ui-bg_glass_95_fef1ec_1x400.png; admin/js/jquery-ui/development-bundle/themes/base/minified/images/ui-bg_glass_95_fef1ec_1x400.png; admin/js/plugins/jquery-ui/images/ui-bg_glass_95_fef1ec_1x400.png; Eski/admin/js/jquery-ui/development-bundle/themes/base/images/ui-bg_glass_95_fef1ec_1x400.png; Eski/admin/js/jquery-ui/development-bundle/themes/base/minified/images/ui-bg_glass_95_fef1ec_1x400.png
public_html/Eski/admin/js/plugins/jquery-ui/images/ui-bg_highlight-soft_75_cccccc_1x100.png,png,101,1,100,,54270656df079c4da5182629a080fc633b6f84b87985eb016d25a560e2c38d4a,NO,"Legacy template, admin or interface asset",Not rendered in the redesigned public site,INTENTIONALLY_EXCLUDED,Not required,Not applicable,"Administrative, plugin, theme-demo or interface artwork; not Vista company content.",admin/js/jquery-ui/development-bundle/themes/base/images/ui-bg_highlight-soft_75_cccccc_1x100.png; admin/js/jquery-ui/development-bundle/themes/base/minified/images/ui-bg_highlight-soft_75_cccccc_1x100.png; admin/js/plugins/jquery-ui/images/ui-bg_highlight-soft_75_cccccc_1x100.png; Eski/admin/js/jquery-ui/development-bundle/themes/base/images/ui-bg_highlight-soft_75_cccccc_1x100.png; Eski/admin/js/jquery-ui/development-bundle/themes/base/minified/images/ui-bg_highlight-soft_75_cccccc_1x100.png
public_html/Eski/admin/js/plugins/jquery-ui/images/ui-icons_222222_256x240.png,png,4369,256,240,,57adb0d65f4e91dacfee975d9574422bee7486c8a182d60133728c672f2cdbbc,NO,"Legacy template, admin or interface asset",Not rendered in the redesigned public site,INTENTIONALLY_EXCLUDED,Not required,Not applicable,"Administrative, plugin, theme-demo or interface artwork; not Vista company content.",admin/js/jquery-ui/development-bundle/themes/base/images/ui-icons_222222_256x240.png; admin/js/jquery-ui/development-bundle/themes/base/minified/images/ui-icons_222222_256x240.png; admin/js/plugins/jquery-ui/images/ui-icons_222222_256x240.png; Eski/admin/js/jquery-ui/development-bundle/themes/base/images/ui-icons_222222_256x240.png; Eski/admin/js/jquery-ui/development-bundle/themes/base/minified/images/ui-icons_222222_256x240.png
public_html/Eski/admin/js/plugins/jquery-ui/images/ui-icons_2e83ff_256x240.png,png,4369,256,240,,20f8c6667afc48aa433ee9eb6d8a0584bdbd6b4a4a9091ff1e6b3adb31e63bd9,NO,"Legacy template, admin or interface asset",Not rendered in the redesigned public site,INTENTIONALLY_EXCLUDED,Not required,Not applicable,"Administrative, plugin, theme-demo or interface artwork; not Vista company content.",admin/js/jquery-ui/development-bundle/themes/base/images/ui-icons_2e83ff_256x240.png; admin/js/jquery-ui/development-bundle/themes/base/minified/images/ui-icons_2e83ff_256x240.png; admin/js/plugins/jquery-ui/images/ui-icons_2e83ff_256x240.png; Eski/admin/js/jquery-ui/development-bundle/themes/base/images/ui-icons_2e83ff_256x240.png; Eski/admin/js/jquery-ui/development-bundle/themes/base/minified/images/ui-icons_2e83ff_256x240.png
public_html/Eski/admin/js/plugins/jquery-ui/images/ui-icons_454545_256x240.png,png,4369,256,240,,07460e843c3e59aaadbb34231e699e856a2980753c7a47b66447da5d9f93fb7f,NO,"Legacy template, admin or interface asset",Not rendered in the redesigned public site,INTENTIONALLY_EXCLUDED,Not required,Not applicable,"Administrative, plugin, theme-demo or interface artwork; not Vista company content.",admin/js/jquery-ui/development-bundle/themes/base/images/ui-icons_454545_256x240.png; admin/js/jquery-ui/development-bundle/themes/base/minified/images/ui-icons_454545_256x240.png; admin/js/plugins/jquery-ui/images/ui-icons_454545_256x240.png; Eski/admin/js/jquery-ui/development-bundle/themes/base/images/ui-icons_454545_256x240.png; Eski/admin/js/jquery-ui/development-bundle/themes/base/minified/images/ui-icons_454545_256x240.png
public_html/Eski/admin/js/plugins/jquery-ui/images/ui-icons_888888_256x240.png,png,4369,256,240,,ea2e29625de3463465e93b002b065f5833e05b97f7a052b1c141e754d62e1a8b,NO,"Legacy template, admin or interface asset",Not rendered in the redesigned public site,INTENTIONALLY_EXCLUDED,Not required,Not applicable,"Administrative, plugin, theme-demo or interface artwork; not Vista company content.",admin/js/jquery-ui/development-bundle/themes/base/images/ui-icons_888888_256x240.png; admin/js/jquery-ui/development-bundle/themes/base/minified/images/ui-icons_888888_256x240.png; admin/js/plugins/jquery-ui/images/ui-icons_888888_256x240.png; Eski/admin/js/jquery-ui/development-bundle/themes/base/images/ui-icons_888888_256x240.png; Eski/admin/js/jquery-ui/development-bundle/themes/base/minified/images/ui-icons_888888_256x240.png
public_html/Eski/admin/js/plugins/jquery-ui/images/ui-icons_cd0a0a_256x240.png,png,4369,256,240,,1e32c6dbf5d3fd342f27a78aa881550d6412aa207f48468724a6a15402b6041b,NO,"Legacy template, admin or interface asset",Not rendered in the redesigned public site,INTENTIONALLY_EXCLUDED,Not required,Not applicable,"Administrative, plugin, theme-demo or interface artwork; not Vista company content.",admin/js/jquery-ui/development-bundle/themes/base/images/ui-icons_cd0a0a_256x240.png; admin/js/jquery-ui/development-bundle/themes/base/minified/images/ui-icons_cd0a0a_256x240.png; admin/js/plugins/jquery-ui/images/ui-icons_cd0a0a_256x240.png; Eski/admin/js/jquery-ui/development-bundle/themes/base/images/ui-icons_cd0a0a_256x240.png; Eski/admin/js/jquery-ui/development-bundle/themes/base/minified/images/ui-icons_cd0a0a_256x240.png
public_html/Eski/admin/js/plugins/justified-gallery/loading.gif,gif,9427,32,32,,27fd660c381c89206a31a367a3d8dc024880a6862b6b5e6c13bbab0c39df64c8,NO,"Legacy template, admin or interface asset",Not rendered in the redesigned public site,INTENTIONALLY_EXCLUDED,Not required,Not applicable,"Administrative, plugin, theme-demo or interface artwork; not Vista company content.",admin/js/plugins/justified-gallery/loading.gif
public_html/Eski/admin/plupload/jquery.plupload.queue/img/backgrounds.gif,gif,2977,80,365,,c1c3ced1897ce15e8cb02f83cef3fdfb163fc7d73509c2b93ed4fdb450e2cd9f,NO,"Legacy template, admin or interface asset",Not rendered in the redesigned public site,INTENTIONALLY_EXCLUDED,Not required,Not applicable,"Administrative, plugin, theme-demo or interface artwork; not Vista company content.",admin/plupload/jquery.plupload.queue/img/backgrounds.gif
public_html/Eski/admin/plupload/jquery.plupload.queue/img/buttons-disabled.png,png,1292,361,20,,da2ee521c5bde41b9231eb7bde2150207939948889b10fbeb5d1c9463b0711d2,NO,"Legacy template, admin or interface asset",Not rendered in the redesigned public site,INTENTIONALLY_EXCLUDED,Not required,Not applicable,"Administrative, plugin, theme-demo or interface artwork; not Vista company content.",admin/plupload/jquery.plupload.queue/img/buttons-disabled.png
public_html/Eski/admin/plupload/jquery.plupload.queue/img/buttons.png,png,1439,361,20,,117caf5d4e2e27e8a93ec137ef35c613f5ae90fe2afa4d171ab27ebb135e3c7d,NO,"Legacy template, admin or interface asset",Not rendered in the redesigned public site,INTENTIONALLY_EXCLUDED,Not required,Not applicable,"Administrative, plugin, theme-demo or interface artwork; not Vista company content.",admin/plupload/jquery.plupload.queue/img/buttons.png
public_html/Eski/admin/plupload/jquery.plupload.queue/img/delete.gif,gif,180,16,16,,5ff07b8d8e68f1243e66e0afb951025661924de06ba2ab38f16af8493de43196,NO,"Legacy template, admin or interface asset",Not rendered in the redesigned public site,INTENTIONALLY_EXCLUDED,Not required,Not applicable,"Administrative, plugin, theme-demo or interface artwork; not Vista company content.",admin/plupload/jquery.plupload.queue/img/delete.gif
public_html/Eski/admin/plupload/jquery.plupload.queue/img/done.gif,gif,1024,16,16,,5b7c3fb420d6da5c7d6572c331ca031c6466f827480a0092d5ae54f17472940e,NO,"Legacy template, admin or interface asset",Not rendered in the redesigned public site,INTENTIONALLY_EXCLUDED,Not required,Not applicable,"Administrative, plugin, theme-demo or interface artwork; not Vista company content.",admin/plupload/jquery.plupload.queue/img/done.gif
public_html/Eski/admin/plupload/jquery.plupload.queue/img/error.gif,gif,994,16,16,,8825d8d0764ef5f39665e651da984326adfdc17a02759dfc42e8c52ed9e66ffc,NO,"Legacy template, admin or interface asset",Not rendered in the redesigned public site,INTENTIONALLY_EXCLUDED,Not required,Not applicable,"Administrative, plugin, theme-demo or interface artwork; not Vista company content.",admin/plupload/jquery.plupload.queue/img/error.gif
public_html/Eski/admin/plupload/jquery.plupload.queue/img/throbber.gif,gif,1922,16,16,,a1ea586438d9763e27195f660f743bb162aa68991e2f5a3788bcc53ed6e5c8e1,NO,"Legacy template, admin or interface asset",Not rendered in the redesigned public site,INTENTIONALLY_EXCLUDED,Not required,Not applicable,"Administrative, plugin, theme-demo or interface artwork; not Vista company content.",admin/plupload/jquery.plupload.queue/img/throbber.gif
public_html/Eski/admin/plupload/jquery.plupload.queue/img/transp50.png,png,399,150,150,,05d2e2c53eddf1da659130d72a27bca9efd9314245f6b65c0d96a1b38173526c,NO,"Legacy template, admin or interface asset",Not rendered in the redesigned public site,INTENTIONALLY_EXCLUDED,Not required,Not applicable,"Administrative, plugin, theme-demo or interface artwork; not Vista company content.",admin/plupload/jquery.plupload.queue/img/transp50.png
public_html/Eski/admin/plupload/jquery.ui.plupload/img/loading.gif,gif,4023,24,24,,e27c9aa9ddd664cde99c76dcbe6a56fc8e7c107a520a2e2940c34ecd8af9e4c4,NO,"Legacy template, admin or interface asset",Not rendered in the redesigned public site,INTENTIONALLY_EXCLUDED,Not required,Not applicable,"Administrative, plugin, theme-demo or interface artwork; not Vista company content.",admin/plupload/jquery.ui.plupload/img/loading.gif
public_html/Eski/admin/plupload/jquery.ui.plupload/img/plupload.png,png,6597,80,104,,b1226e4414a486c01ec48ae90409001de4f5130e69613e8af010316ccde77ecb,NO,"Legacy template, admin or interface asset",Not rendered in the redesigned public site,INTENTIONALLY_EXCLUDED,Not required,Not applicable,"Administrative, plugin, theme-demo or interface artwork; not Vista company content.",admin/plupload/jquery.ui.plupload/img/plupload.png
public_html/Eski/favicon.png,png,4355,25,20,,ede7855e819ab1ff319c1d0f0414a9c189fb0856804abff6b7a888baee376735,NO,"Legacy template, admin or interface asset",Not rendered in the redesigned public site,INTENTIONALLY_EXCLUDED,Not required,Not applicable,"Administrative, plugin, theme-demo or interface artwork; not Vista company content.",favicon.png
public_html/Eski/fonts/fontawesome-webfont.svg,svg,444379,,,,ad6157926c1622ba4e1d03d478f1541368524bfc46f51e42fe0d945f7ef323e4,NO,"Legacy template, admin or interface asset",Not rendered in the redesigned public site,INTENTIONALLY_EXCLUDED,Not required,Not applicable,"Administrative, plugin, theme-demo or interface artwork; not Vista company content.",
public_html/Eski/fonts/glyphicons-halflings-regular.svg,svg,108738,,,,42f60659d265c1a3c30f9fa42abcbb56bd4a53af4d83d316d6dd7a36903c43e5,NO,"Legacy template, admin or interface asset",Not rendered in the redesigned public site,INTENTIONALLY_EXCLUDED,Not required,Not applicable,"Administrative, plugin, theme-demo or interface artwork; not Vista company content.",admin/fonts/glyphicons-halflings-regular.svg; Eski/admin/fonts/glyphicons-halflings-regular.svg
public_html/Eski/fonts/icomoon.svg,svg,3086563,,,,9a9bd201322ac331753cc122c0888eff96579a3f219246962984a926511e6777,NO,"Legacy template, admin or interface asset",Not rendered in the redesigned public site,INTENTIONALLY_EXCLUDED,Not required,Not applicable,"Administrative, plugin, theme-demo or interface artwork; not Vista company content.",
public_html/Eski/images/ajax-loader.gif,gif,3208,32,32,,0218fcc589e40339afb0fb6c42d25980d9bdca4660fa51f122b46663ea59d948,NO,"Legacy template, admin or interface asset",Not rendered in the redesigned public site,INTENTIONALLY_EXCLUDED,Not required,Not applicable,"Administrative, plugin, theme-demo or interface artwork; not Vista company content.",
public_html/Eski/images/close.png,png,280,27,27,,5d62e6c90005bfb71f6abb440f9e4753681cb23bbd5e60477ab6f442d2f0e69c,NO,"Legacy template, admin or interface asset",Not rendered in the redesigned public site,INTENTIONALLY_EXCLUDED,Not required,Not applicable,"Administrative, plugin, theme-demo or interface artwork; not Vista company content.",
public_html/Eski/images/destek.jpg,jpg,319021,1920,637,,63e82c742b34ad69bd4eec1ca91439b6450fcb9963a81436d4046d11d5c1ffab,YES,Legacy corporate page visual,"/galeri/galerim2, Archive filter",USE_IN_ARCHIVE_GALLERY,520px WebP thumbnail generated; original retained,Not applicable,,
public_html/Eski/images/en.png,png,3136,16,11,,300ec574842b60fdbfb9bc0973e1d7ed210a9076956f3328a1b0034a9d76858c,YES,Legacy brand or language artwork,Superseded by approved WM logo and text language switcher,DUPLICATE_DO_NOT_REPEAT,Not required,Not applicable,Superseded brand/interface asset; retaining it publicly would create inconsistent identity.,
public_html/Eski/images/img-09.png,png,10432,1920,313,,09a496d2753344541f65646df0f8a3972ab4b869a09f02f113236efc645d5150,NO,"Legacy template, admin or interface asset",Not rendered in the redesigned public site,INTENTIONALLY_EXCLUDED,Not required,Not applicable,"Administrative, plugin, theme-demo or interface artwork; not Vista company content.",
public_html/Eski/images/img-10.png,png,9685,1920,325,,cff412c113dc246ef681bdd5ad8a5b3196e4c369e2bc5c8dfd8369360649a807,NO,"Legacy template, admin or interface asset",Not rendered in the redesigned public site,INTENTIONALLY_EXCLUDED,Not required,Not applicable,"Administrative, plugin, theme-demo or interface artwork; not Vista company content.",
public_html/Eski/images/img-11.png,png,13135,1920,342,,ec8430dbd60c2771f139bf009201bda861ecf9b748f21bd9685753b3b2751b5c,NO,"Legacy template, admin or interface asset",Not rendered in the redesigned public site,INTENTIONALLY_EXCLUDED,Not required,Not applicable,"Administrative, plugin, theme-demo or interface artwork; not Vista company content.",
public_html/Eski/images/img-12.png,png,11470,1920,313,,151adab221c0b24d9d0b57053fc2f1e5321e000db75aac1131a5a5f5aa4aae03,NO,"Legacy template, admin or interface asset",Not rendered in the redesigned public site,INTENTIONALLY_EXCLUDED,Not required,Not applicable,"Administrative, plugin, theme-demo or interface artwork; not Vista company content.",
public_html/Eski/images/kurumsal.jpg,jpg,240808,749,499,,5ee422aec6611d571aded24caa2088ec490bb74271c6079641df1601d6e54233,YES,Legacy corporate page visual,"/galeri/galerim2, Archive filter",USE_IN_ARCHIVE_GALLERY,520px WebP thumbnail generated; original retained,Not applicable,,
public_html/Eski/images/loading.gif,gif,8476,32,32,,225aa88b6ab02c06222ec9468d62e15fa188e39cdb9431d1f55401ad380753ed,NO,"Legacy template, admin or interface asset",Not rendered in the redesigned public site,INTENTIONALLY_EXCLUDED,Not required,Not applicable,"Administrative, plugin, theme-demo or interface artwork; not Vista company content.",
public_html/Eski/images/logo.png,png,22290,265,67,,4965caa46c4dcf10ccb5d27caa8a8866a33c94020d1d4319c9628693116b2e4e,YES,Legacy brand or language artwork,Superseded by approved WM logo and text language switcher,DUPLICATE_DO_NOT_REPEAT,Not required,Not applicable,Superseded brand/interface asset; retaining it publicly would create inconsistent identity.,assets/img/logo-2.png; assets/img/logo.png
public_html/Eski/images/logo2.png,png,21107,243,47,,15413c6e4e93b99ca62abee653ae566a1c7b540950757008fe4ec37cf1cf4850,YES,Legacy brand or language artwork,Superseded by approved WM logo and text language switcher,DUPLICATE_DO_NOT_REPEAT,Not required,Not applicable,Superseded brand/interface asset; retaining it publicly would create inconsistent identity.,
public_html/Eski/images/logof.png,png,3420,223,43,,cebf1bc25f10daa66c25d1564de42ceffa9386192a73cd724c8abeb61569887e,YES,Legacy brand or language artwork,Superseded by approved WM logo and text language switcher,DUPLICATE_DO_NOT_REPEAT,Not required,Not applicable,Superseded brand/interface asset; retaining it publicly would create inconsistent identity.,
public_html/Eski/images/logof2.png,png,18402,223,43,,42be1520c66ff18fed3d6794bea978ea51f7791f3d44fea455db79a82aec6d13,YES,Legacy brand or language artwork,Superseded by approved WM logo and text language switcher,DUPLICATE_DO_NOT_REPEAT,Not required,Not applicable,Superseded brand/interface asset; retaining it publicly would create inconsistent identity.,
public_html/Eski/images/next.png,png,1350,50,45,,15b869b02c6fbaa8c6c26445a2dd2d9bad80fd27b1409f8179e5dd89dc89d90a,NO,"Legacy template, admin or interface asset",Not rendered in the redesigned public site,INTENTIONALLY_EXCLUDED,Not required,Not applicable,"Administrative, plugin, theme-demo or interface artwork; not Vista company content.",
public_html/Eski/images/pin.png,png,3106,55,72,,51ac95074aa5e18606881beab30ae94b15b1db6ed13f28f35ed98bfb0cb675d9,NO,"Legacy template, admin or interface asset",Not rendered in the redesigned public site,INTENTIONALLY_EXCLUDED,Not required,Not applicable,"Administrative, plugin, theme-demo or interface artwork; not Vista company content.",
public_html/Eski/images/prettyPhoto/dark_rounded/btnNext.png,png,1411,61,22,,f70f9ba6b6a11baceab4d76131276c68a8381739f8528cd4577ed0aced90d9b7,NO,"Legacy template, admin or interface asset",Not rendered in the redesigned public site,INTENTIONALLY_EXCLUDED,Not required,Not applicable,"Administrative, plugin, theme-demo or interface artwork; not Vista company content.",Eski/images/prettyPhoto/dark_square/btnNext.png; Eski/images/prettyPhoto/light_rounded/btnNext.png; Eski/images/prettyPhoto/light_square/btnNext.png
public_html/Eski/images/prettyPhoto/dark_rounded/btnPrevious.png,png,1442,61,22,,fa43438befeeef390166ce541dbd8f585097629cb2df6ab3d6a5abc72d3413dc,NO,"Legacy template, admin or interface asset",Not rendered in the redesigned public site,INTENTIONALLY_EXCLUDED,Not required,Not applicable,"Administrative, plugin, theme-demo or interface artwork; not Vista company content.",Eski/images/prettyPhoto/dark_square/btnPrevious.png; Eski/images/prettyPhoto/light_rounded/btnPrevious.png; Eski/images/prettyPhoto/light_square/btnPrevious.png
public_html/Eski/images/prettyPhoto/dark_rounded/contentPattern.png,png,130,20,20,,0bdac66efbb11777d972f6a5211490e346d4d82776184ddf7c8040894e1e3a66,NO,"Legacy template, admin or interface asset",Not rendered in the redesigned public site,INTENTIONALLY_EXCLUDED,Not required,Not applicable,"Administrative, plugin, theme-demo or interface artwork; not Vista company content.",
public_html/Eski/images/prettyPhoto/dark_rounded/default_thumbnail.gif,gif,227,50,33,,9468bfe77bb8540573a06e0e31b0577520cb5c12c575fdea39076a43c5764ecb,NO,"Legacy template, admin or interface asset",Not rendered in the redesigned public site,INTENTIONALLY_EXCLUDED,Not required,Not applicable,"Administrative, plugin, theme-demo or interface artwork; not Vista company content.",Eski/images/prettyPhoto/dark_square/default_thumbnail.gif; Eski/images/prettyPhoto/facebook/default_thumbnail.gif; Eski/images/prettyPhoto/light_rounded/default_thumbnail.gif; Eski/images/prettyPhoto/light_square/default_thumbnail.gif
public_html/Eski/images/prettyPhoto/dark_rounded/loader.gif,gif,2545,24,24,,ccd39b8ba77b46e92151135ac4749d1fa2e03fb5bc30b475c9ca11b8c95ef64e,NO,"Legacy template, admin or interface asset",Not rendered in the redesigned public site,INTENTIONALLY_EXCLUDED,Not required,Not applicable,"Administrative, plugin, theme-demo or interface artwork; not Vista company content.",Eski/images/prettyPhoto/dark_square/loader.gif
public_html/Eski/images/prettyPhoto/dark_rounded/sprite.png,png,4076,130,119,,183773346ca33ad6935e01714aab0e55d315b72767d3aaa6b51180367826091a,NO,"Legacy template, admin or interface asset",Not rendered in the redesigned public site,INTENTIONALLY_EXCLUDED,Not required,Not applicable,"Administrative, plugin, theme-demo or interface artwork; not Vista company content.",
public_html/Eski/images/prettyPhoto/dark_square/btnNext.png,png,1411,61,22,,f70f9ba6b6a11baceab4d76131276c68a8381739f8528cd4577ed0aced90d9b7,NO,"Legacy template, admin or interface asset",Not rendered in the redesigned public site,INTENTIONALLY_EXCLUDED,Not required,Not applicable,"Administrative, plugin, theme-demo or interface artwork; not Vista company content.",Eski/images/prettyPhoto/dark_rounded/btnNext.png; Eski/images/prettyPhoto/light_rounded/btnNext.png; Eski/images/prettyPhoto/light_square/btnNext.png
public_html/Eski/images/prettyPhoto/dark_square/btnPrevious.png,png,1442,61,22,,fa43438befeeef390166ce541dbd8f585097629cb2df6ab3d6a5abc72d3413dc,NO,"Legacy template, admin or interface asset",Not rendered in the redesigned public site,INTENTIONALLY_EXCLUDED,Not required,Not applicable,"Administrative, plugin, theme-demo or interface artwork; not Vista company content.",Eski/images/prettyPhoto/dark_rounded/btnPrevious.png; Eski/images/prettyPhoto/light_rounded/btnPrevious.png; Eski/images/prettyPhoto/light_square/btnPrevious.png
public_html/Eski/images/prettyPhoto/dark_square/contentPattern.png,png,121,10,10,,5a1cc6eb414a0707764bff9703e65e3c059b29a34f40ae64be7d6037153d5c68,NO,"Legacy template, admin or interface asset",Not rendered in the redesigned public site,INTENTIONALLY_EXCLUDED,Not required,Not applicable,"Administrative, plugin, theme-demo or interface artwork; not Vista company content.",
public_html/Eski/images/prettyPhoto/dark_square/default_thumbnail.gif,gif,227,50,33,,9468bfe77bb8540573a06e0e31b0577520cb5c12c575fdea39076a43c5764ecb,NO,"Legacy template, admin or interface asset",Not rendered in the redesigned public site,INTENTIONALLY_EXCLUDED,Not required,Not applicable,"Administrative, plugin, theme-demo or interface artwork; not Vista company content.",Eski/images/prettyPhoto/dark_rounded/default_thumbnail.gif; Eski/images/prettyPhoto/facebook/default_thumbnail.gif; Eski/images/prettyPhoto/light_rounded/default_thumbnail.gif; Eski/images/prettyPhoto/light_square/default_thumbnail.gif
public_html/Eski/images/prettyPhoto/dark_square/loader.gif,gif,2545,24,24,,ccd39b8ba77b46e92151135ac4749d1fa2e03fb5bc30b475c9ca11b8c95ef64e,NO,"Legacy template, admin or interface asset",Not rendered in the redesigned public site,INTENTIONALLY_EXCLUDED,Not required,Not applicable,"Administrative, plugin, theme-demo or interface artwork; not Vista company content.",Eski/images/prettyPhoto/dark_rounded/loader.gif
public_html/Eski/images/prettyPhoto/dark_square/sprite.png,png,3507,76,119,,ec6447bf74951685ad6773ad32a9a9123af6fed69fc20eefcaa33956f315eebc,NO,"Legacy template, admin or interface asset",Not rendered in the redesigned public site,INTENTIONALLY_EXCLUDED,Not required,Not applicable,"Administrative, plugin, theme-demo or interface artwork; not Vista company content.",Eski/images/prettyPhoto/light_square/sprite.png
public_html/Eski/images/prettyPhoto/default/default_thumb.png,png,1537,50,33,,82ddbf7fd3fd6b045fc6667a94a3dad1301a1b7572bc9c8003b9df22d46fb2ba,NO,"Legacy template, admin or interface asset",Not rendered in the redesigned public site,INTENTIONALLY_EXCLUDED,Not required,Not applicable,"Administrative, plugin, theme-demo or interface artwork; not Vista company content.",
public_html/Eski/images/prettyPhoto/default/loader.gif,gif,6331,20,20,,255f2566cd540a486b952938766fe509402c88f306cb501345131d86ad3ef978,NO,"Legacy template, admin or interface asset",Not rendered in the redesigned public site,INTENTIONALLY_EXCLUDED,Not required,Not applicable,"Administrative, plugin, theme-demo or interface artwork; not Vista company content.",
public_html/Eski/images/prettyPhoto/default/sprite.png,png,6682,130,147,,009ea272018963349c464e648fc440cfbc0065c9d220dcd9e79fb12047e387a2,NO,"Legacy template, admin or interface asset",Not rendered in the redesigned public site,INTENTIONALLY_EXCLUDED,Not required,Not applicable,"Administrative, plugin, theme-demo or interface artwork; not Vista company content.",
public_html/Eski/images/prettyPhoto/default/sprite_next.png,png,1358,28,30,,75b7bb1e52ae9d0a7ee3647e3c840aa5b89135b6125badb2d55280504488072a,NO,"Legacy template, admin or interface asset",Not rendered in the redesigned public site,INTENTIONALLY_EXCLUDED,Not required,Not applicable,"Administrative, plugin, theme-demo or interface artwork; not Vista company content.",
public_html/Eski/images/prettyPhoto/default/sprite_prev.png,png,1376,27,30,,0bab08fa3983682b543c484a6a891d0ed725f83ff3e81efa42a198546c4daea2,NO,"Legacy template, admin or interface asset",Not rendered in the redesigned public site,INTENTIONALLY_EXCLUDED,Not required,Not applicable,"Administrative, plugin, theme-demo or interface artwork; not Vista company content.",
public_html/Eski/images/prettyPhoto/default/sprite_x.png,png,1097,130,47,,cf8a95c98411826d030dee08daf6ec8caeabab42a29143ab3d8eb69fcd30add5,NO,"Legacy template, admin or interface asset",Not rendered in the redesigned public site,INTENTIONALLY_EXCLUDED,Not required,Not applicable,"Administrative, plugin, theme-demo or interface artwork; not Vista company content.",
public_html/Eski/images/prettyPhoto/default/sprite_y.png,png,1162,61,130,,7385cfef6ca7555144d6e75b17a3805b8c46d6663d06b7b4692327b92251fcac,NO,"Legacy template, admin or interface asset",Not rendered in the redesigned public site,INTENTIONALLY_EXCLUDED,Not required,Not applicable,"Administrative, plugin, theme-demo or interface artwork; not Vista company content.",
public_html/Eski/images/prettyPhoto/facebook/btnNext.png,png,845,57,47,,ff251aca3496a2c0ce25a4b05a619a61d5a4867fb7165ae816e202cde2103b4f,NO,"Legacy template, admin or interface asset",Not rendered in the redesigned public site,INTENTIONALLY_EXCLUDED,Not required,Not applicable,"Administrative, plugin, theme-demo or interface artwork; not Vista company content.",
public_html/Eski/images/prettyPhoto/facebook/btnPrevious.png,png,828,57,47,,84db4592c7e89984d8ae40f81b779d97b6bb55d4741bba4329033ec4f854c1f1,NO,"Legacy template, admin or interface asset",Not rendered in the redesigned public site,INTENTIONALLY_EXCLUDED,Not required,Not applicable,"Administrative, plugin, theme-demo or interface artwork; not Vista company content.",
public_html/Eski/images/prettyPhoto/facebook/contentPatternBottom.png,png,142,20,20,,565ed0e8265b719692eff0e31356ece9c4e4b9ddd753b0858e0c2277668d184d,NO,"Legacy template, admin or interface asset",Not rendered in the redesigned public site,INTENTIONALLY_EXCLUDED,Not required,Not applicable,"Administrative, plugin, theme-demo or interface artwork; not Vista company content.",
public_html/Eski/images/prettyPhoto/facebook/contentPatternLeft.png,png,137,20,20,,c9183c4ea5f592f5db89558b91abc45d6d10ca383f1ce41233900b1cbacff308,NO,"Legacy template, admin or interface asset",Not rendered in the redesigned public site,INTENTIONALLY_EXCLUDED,Not required,Not applicable,"Administrative, plugin, theme-demo or interface artwork; not Vista company content.",
public_html/Eski/images/prettyPhoto/facebook/contentPatternRight.png,png,136,20,20,,2f47a984b0a0f656080dcf3b87cc75d2000344512007b2cbdbdec790f92c23db,NO,"Legacy template, admin or interface asset",Not rendered in the redesigned public site,INTENTIONALLY_EXCLUDED,Not required,Not applicable,"Administrative, plugin, theme-demo or interface artwork; not Vista company content.",
public_html/Eski/images/prettyPhoto/facebook/contentPatternTop.png,png,142,20,20,,41960505e78c2519594af3bdea17ddc116413fe313e98c5b206bad5abd1e7718,NO,"Legacy template, admin or interface asset",Not rendered in the redesigned public site,INTENTIONALLY_EXCLUDED,Not required,Not applicable,"Administrative, plugin, theme-demo or interface artwork; not Vista company content.",
public_html/Eski/images/prettyPhoto/facebook/default_thumbnail.gif,gif,227,50,33,,9468bfe77bb8540573a06e0e31b0577520cb5c12c575fdea39076a43c5764ecb,NO,"Legacy template, admin or interface asset",Not rendered in the redesigned public site,INTENTIONALLY_EXCLUDED,Not required,Not applicable,"Administrative, plugin, theme-demo or interface artwork; not Vista company content.",Eski/images/prettyPhoto/dark_rounded/default_thumbnail.gif; Eski/images/prettyPhoto/dark_square/default_thumbnail.gif; Eski/images/prettyPhoto/light_rounded/default_thumbnail.gif; Eski/images/prettyPhoto/light_square/default_thumbnail.gif
public_html/Eski/images/prettyPhoto/facebook/loader.gif,gif,2545,24,24,,68255b5e88e8c44694211d8d86c3460be92bb6f3d1dd252dc0bf783e833cb067,NO,"Legacy template, admin or interface asset",Not rendered in the redesigned public site,INTENTIONALLY_EXCLUDED,Not required,Not applicable,"Administrative, plugin, theme-demo or interface artwork; not Vista company content.",Eski/images/prettyPhoto/light_rounded/loader.gif; Eski/images/prettyPhoto/light_square/loader.gif
public_html/Eski/images/prettyPhoto/facebook/sprite.png,png,4227,130,147,,bcab8884b5a7e525cb27ea39cab9166dface8ff7028d8b311fec10971944529d,NO,"Legacy template, admin or interface asset",Not rendered in the redesigned public site,INTENTIONALLY_EXCLUDED,Not required,Not applicable,"Administrative, plugin, theme-demo or interface artwork; not Vista company content.",
public_html/Eski/images/prettyPhoto/light_rounded/btnNext.png,png,1411,61,22,,f70f9ba6b6a11baceab4d76131276c68a8381739f8528cd4577ed0aced90d9b7,NO,"Legacy template, admin or interface asset",Not rendered in the redesigned public site,INTENTIONALLY_EXCLUDED,Not required,Not applicable,"Administrative, plugin, theme-demo or interface artwork; not Vista company content.",Eski/images/prettyPhoto/dark_rounded/btnNext.png; Eski/images/prettyPhoto/dark_square/btnNext.png; Eski/images/prettyPhoto/light_square/btnNext.png
public_html/Eski/images/prettyPhoto/light_rounded/btnPrevious.png,png,1442,61,22,,fa43438befeeef390166ce541dbd8f585097629cb2df6ab3d6a5abc72d3413dc,NO,"Legacy template, admin or interface asset",Not rendered in the redesigned public site,INTENTIONALLY_EXCLUDED,Not required,Not applicable,"Administrative, plugin, theme-demo or interface artwork; not Vista company content.",Eski/images/prettyPhoto/dark_rounded/btnPrevious.png; Eski/images/prettyPhoto/dark_square/btnPrevious.png; Eski/images/prettyPhoto/light_square/btnPrevious.png
public_html/Eski/images/prettyPhoto/light_rounded/default_thumbnail.gif,gif,227,50,33,,9468bfe77bb8540573a06e0e31b0577520cb5c12c575fdea39076a43c5764ecb,NO,"Legacy template, admin or interface asset",Not rendered in the redesigned public site,INTENTIONALLY_EXCLUDED,Not required,Not applicable,"Administrative, plugin, theme-demo or interface artwork; not Vista company content.",Eski/images/prettyPhoto/dark_rounded/default_thumbnail.gif; Eski/images/prettyPhoto/dark_square/default_thumbnail.gif; Eski/images/prettyPhoto/facebook/default_thumbnail.gif; Eski/images/prettyPhoto/light_square/default_thumbnail.gif
public_html/Eski/images/prettyPhoto/light_rounded/loader.gif,gif,2545,24,24,,68255b5e88e8c44694211d8d86c3460be92bb6f3d1dd252dc0bf783e833cb067,NO,"Legacy template, admin or interface asset",Not rendered in the redesigned public site,INTENTIONALLY_EXCLUDED,Not required,Not applicable,"Administrative, plugin, theme-demo or interface artwork; not Vista company content.",Eski/images/prettyPhoto/facebook/loader.gif; Eski/images/prettyPhoto/light_square/loader.gif
public_html/Eski/images/prettyPhoto/light_rounded/sprite.png,png,4099,130,119,,fb578ff5ab573efe22a87d63d027f7afee1fa949593b1ff2053b490bc845771a,NO,"Legacy template, admin or interface asset",Not rendered in the redesigned public site,INTENTIONALLY_EXCLUDED,Not required,Not applicable,"Administrative, plugin, theme-demo or interface artwork; not Vista company content.",
public_html/Eski/images/prettyPhoto/light_square/btnNext.png,png,1411,61,22,,f70f9ba6b6a11baceab4d76131276c68a8381739f8528cd4577ed0aced90d9b7,NO,"Legacy template, admin or interface asset",Not rendered in the redesigned public site,INTENTIONALLY_EXCLUDED,Not required,Not applicable,"Administrative, plugin, theme-demo or interface artwork; not Vista company content.",Eski/images/prettyPhoto/dark_rounded/btnNext.png; Eski/images/prettyPhoto/dark_square/btnNext.png; Eski/images/prettyPhoto/light_rounded/btnNext.png
public_html/Eski/images/prettyPhoto/light_square/btnPrevious.png,png,1442,61,22,,fa43438befeeef390166ce541dbd8f585097629cb2df6ab3d6a5abc72d3413dc,NO,"Legacy template, admin or interface asset",Not rendered in the redesigned public site,INTENTIONALLY_EXCLUDED,Not required,Not applicable,"Administrative, plugin, theme-demo or interface artwork; not Vista company content.",Eski/images/prettyPhoto/dark_rounded/btnPrevious.png; Eski/images/prettyPhoto/dark_square/btnPrevious.png; Eski/images/prettyPhoto/light_rounded/btnPrevious.png
public_html/Eski/images/prettyPhoto/light_square/default_thumbnail.gif,gif,227,50,33,,9468bfe77bb8540573a06e0e31b0577520cb5c12c575fdea39076a43c5764ecb,NO,"Legacy template, admin or interface asset",Not rendered in the redesigned public site,INTENTIONALLY_EXCLUDED,Not required,Not applicable,"Administrative, plugin, theme-demo or interface artwork; not Vista company content.",Eski/images/prettyPhoto/dark_rounded/default_thumbnail.gif; Eski/images/prettyPhoto/dark_square/default_thumbnail.gif; Eski/images/prettyPhoto/facebook/default_thumbnail.gif; Eski/images/prettyPhoto/light_rounded/default_thumbnail.gif
public_html/Eski/images/prettyPhoto/light_square/loader.gif,gif,2545,24,24,,68255b5e88e8c44694211d8d86c3460be92bb6f3d1dd252dc0bf783e833cb067,NO,"Legacy template, admin or interface asset",Not rendered in the redesigned public site,INTENTIONALLY_EXCLUDED,Not required,Not applicable,"Administrative, plugin, theme-demo or interface artwork; not Vista company content.",Eski/images/prettyPhoto/facebook/loader.gif; Eski/images/prettyPhoto/light_rounded/loader.gif
public_html/Eski/images/prettyPhoto/light_square/sprite.png,png,3507,76,119,,ec6447bf74951685ad6773ad32a9a9123af6fed69fc20eefcaa33956f315eebc,NO,"Legacy template, admin or interface asset",Not rendered in the redesigned public site,INTENTIONALLY_EXCLUDED,Not required,Not applicable,"Administrative, plugin, theme-demo or interface artwork; not Vista company content.",Eski/images/prettyPhoto/dark_square/sprite.png
public_html/Eski/images/prev.png,png,1360,50,45,,7fd9273f20fdb1229c224341271a119020a5eee74ccf6b4605730917c864caf2,NO,"Legacy template, admin or interface asset",Not rendered in the redesigned public site,INTENTIONALLY_EXCLUDED,Not required,Not applicable,"Administrative, plugin, theme-demo or interface artwork; not Vista company content.",
public_html/Eski/images/tr.png,png,3112,16,11,,a0739216020bb5b9a6ac72dee8a3de22b543f3f0010a3aa42fd6d1eb6f3bb4dc,YES,Legacy brand or language artwork,Superseded by approved WM logo and text language switcher,DUPLICATE_DO_NOT_REPEAT,Not required,Not applicable,Superseded brand/interface asset; retaining it publicly would create inconsistent identity.,
public_html/Eski/images/ust.jpg,jpg,158246,1903,290,,a949100d0fab44f025ed6b6e1dfc2209e39c54a96bf41d36f34176ce486b2831,YES,Legacy corporate page visual,"/galeri/galerim2, Archive filter",USE_IN_ARCHIVE_GALLERY,520px WebP thumbnail generated; original retained,Not applicable,,
public_html/Eski/logolar.png,png,34505,550,101,,fde26dea4442ba2494030dc03728d6a49a8fbe01b9843a071994586bef5023c3,YES,Original certification strip,"/kurumsal, Quality and sustainability section",USE_AS_SUPPORTING_MEDIA,Small optimized source retained,Not applicable,,yukleme/anasayfa/logolar.png
public_html/Eski/yukleme/hizmetler/210e6334ce974422bcd9dfcfc4d57a4e.jpg,jpg,427466,1488,1000,,166b091d3857ae30f386ef179a78b9c6facb70a3826464d2da566ba65641fd51,YES,Legacy service or production supporting image,"/galeri/galerim2, Archive filter",USE_IN_ARCHIVE_GALLERY,520px WebP thumbnail generated; original retained,Not applicable,,
public_html/Eski/yukleme/hizmetler/442cc8d8-10c2-444d-a140-53fec7003bb4.jpg,jpg,493695,1200,1600,,269e432c24312e033fe1632670a58f4ec2344bb5367bc60c2e905198fb1c7087,YES,Legacy service or production supporting image,"/galeri/galerim2, Archive filter",USE_IN_ARCHIVE_GALLERY,520px WebP thumbnail generated; original retained,Not applicable,,
public_html/Eski/yukleme/hizmetler/97fdc5d1-7f9e-4c4e-9e03-3f7a2436.jpg,jpg,187844,850,638,,833a66814e2ef6663a1ad49391494c0a833baf9b2eed1a955d6e9f4567861fc2,YES,Legacy service or production supporting image,"/galeri/galerim2, Archive filter",USE_IN_ARCHIVE_GALLERY,520px WebP thumbnail generated; original retained,Not applicable,,
public_html/Eski/yukleme/hizmetler/ekipsan_brosur-30.jpg,jpg,131553,1250,850,,1401d41989df44bc7e5e95f0d5e8b5b3748fd791340d62397d3284c2dc259a3d,YES,Legacy service image,Not rendered,INTENTIONALLY_EXCLUDED,Not required,Not applicable,Generic industrial PPE photograph is not evidence of Vista garment production.,
public_html/Eski/yukleme/hizmetler/FD.png,png,614851,850,550,,d43f8961678427e2691c280d55aee88f16637fe0d2e75e123d36bd37cb086bd7,YES,Legacy service image,Not rendered,INTENTIONALLY_EXCLUDED,Not required,Not applicable,Generic equipment render is not tied to Vista's verified garment workflow.,
public_html/Eski/yukleme/hizmetler/G099-2.jpg,jpg,384732,900,900,,0fdd5ddbbbaf4c0a6d4328e9f85aa9bff9a626857da0b17ba718e4efb47f5265,YES,Legacy service image,Not rendered,INTENTIONALLY_EXCLUDED,Not required,Not applicable,Wheelchair product image is unrelated to garment manufacturing and would mislead buyers.,
public_html/Eski/yukleme/hizmetler/GettyImages-505831155-5970f70022fa3a00103a69da.jpg,jpg,309924,2121,1414,,e1cea354eac85d7df1e432fef5f7a519dfa1489aa668fac1e3f5074a817af533,YES,Legacy service or production supporting image,"/galeri/galerim2, Archive filter",USE_IN_ARCHIVE_GALLERY,520px WebP thumbnail generated; original retained,Not applicable,,
public_html/Eski/yukleme/hizmetler/koleksiyon.jpg,jpg,864748,1488,1000,,ba9c7137ec38f90fe2d2d5546bb7510e48bd73288e80c271581497e8a627699a,YES,Legacy service or production supporting image,"/galeri/galerim2, Archive filter",USE_IN_ARCHIVE_GALLERY,520px WebP thumbnail generated; original retained,Not applicable,,
public_html/Eski/yukleme/hizmetler/koleksiyon_1.jpg,jpg,100469,850,550,,d86d745f3dd8a255123de43040f4ac05602f22477a86eba1cfbd233fcc81851f,YES,Legacy service or production supporting image,"/galeri/galerim2, Archive filter",USE_IN_ARCHIVE_GALLERY,520px WebP thumbnail generated; original retained,Not applicable,,
public_html/Eski/yukleme/hizmetler/modelhane.jpg,jpg,63694,850,550,,b7d272ce889754953260878e5c2a15bafd0404740ec8b8ddfe1b2d2162408941,YES,Legacy service or production supporting image,"/galeri/galerim2, Archive filter",USE_IN_ARCHIVE_GALLERY,520px WebP thumbnail generated; original retained,Not applicable,,
public_html/Eski/yukleme/hizmetler/slasharchitects-Elissa-Stampa-Fashion-Design-Office-22-textile-showroom.jpg,jpg,250196,1300,867,,9f17d1a5becec86348bdcf8d77575c88409cba38d933094a4c4f7a78b216001c,YES,Legacy service or production supporting image,"/galeri/galerim2, Archive filter",USE_IN_ARCHIVE_GALLERY,520px WebP thumbnail generated; original retained,Not applicable,,
public_html/Eski/yukleme/hizmetler/slider-1.jpg,jpg,179200,1510,881,,f56e01c11880e04058007785bac5c64750979871b7775eb91385d0f322d8316b,YES,Legacy service image,Not rendered,INTENTIONALLY_EXCLUDED,Not required,Not applicable,Generic machinery image is unrelated to the documented garment process.,
public_html/Eski/yukleme/hizmetler/slider-2.jpg,jpg,160130,1510,881,,c8784317d68be840a59e1eea6255edbb3e72b2876478750f88820a7c0d7cca7f,YES,Legacy service image,Not rendered,INTENTIONALLY_EXCLUDED,Not required,Not applicable,Generic motor image is unrelated to the documented garment process.,
public_html/Eski/yukleme/hizmetler/tasarim.jpg,jpg,412665,1488,1000,,db81b1f60868f2b99ce71e955d321c4ac4014ec6e0aee76372ba434ceb9d7eaa,YES,Legacy service or production supporting image,"/galeri/galerim2, Archive filter",USE_IN_ARCHIVE_GALLERY,520px WebP thumbnail generated; original retained,Not applicable,,
public_html/Eski/yukleme/hizmetler/tersine-muhendislik.jpg,jpg,209024,1475,893,,595ba204cfa3da85634f15cc4074041fe77d51982440cdee77e3ca2af1527b82,YES,Legacy service image,Not rendered,INTENTIONALLY_EXCLUDED,Not required,Not applicable,Engineering diagram is unrelated to Vista's apparel services.,
public_html/Eski/yukleme/slayt/Slider1.jpg,jpg,1037320,1510,881,,31533b9d607121bbce2e0d849f94fe5c92aa164526f0bf928e9bafb19880da00,YES,Legacy homepage slider,"/galeri/galerim2, Archive filter",USE_IN_ARCHIVE_GALLERY,520px WebP thumbnail generated; original retained,Not applicable,,
public_html/Eski/yukleme/slayt/Slider2.jpg,jpg,740244,1510,881,,7f061d894e01832d13ea2c5d74e5b42c1f0fa970974f1e24013b6b724494a267,YES,Legacy homepage slider,"/galeri/galerim2, Archive filter",USE_IN_ARCHIVE_GALLERY,520px WebP thumbnail generated; original retained,Not applicable,,
public_html/Eski/yukleme/slayt/Slider3.jpg,jpg,288129,1510,881,,d660a63cd21b75f5d51a278efc99f522a517d53d4b4f49cf5f9580dc204b1b67,YES,Legacy homepage slider,"/galeri/galerim2, Archive filter",USE_IN_ARCHIVE_GALLERY,520px WebP thumbnail generated; original retained,Not applicable,,
public_html/Eski/yukleme/slayt/Slider4.jpg,jpg,280157,1510,881,,f5d2015527cc24fa6bdd6c29bbf5994bfa37b1238e28249856c6358cae23204d,YES,Legacy homepage slider,"/galeri/galerim2, Archive filter",USE_IN_ARCHIVE_GALLERY,520px WebP thumbnail generated; original retained,Not applicable,,
public_html/Eski/yukleme/urunler/62090254-8d64-4a04-938e-8d51857b6721.jpg,jpg,166081,800,800,,77d75fcebd7ae5a23826106eb4ddcb8f705fa0503b8360b0f1ecd1419ece1ec6,YES,Legacy product catalogue archive,"/galeri/galerim2, Archive filter",USE_IN_ARCHIVE_GALLERY,520px WebP thumbnail generated; original retained for detail,Not applicable,,
public_html/Eski/yukleme/urunler/b_11633304.jpg,jpg,240816,800,800,,2bc72254f2af6473364aaef9cb272ef6cfba43f4d1459d5de83d0be15116637a,YES,Legacy product catalogue archive,"/galeri/galerim2, Archive filter",USE_IN_ARCHIVE_GALLERY,520px WebP thumbnail generated; original retained for detail,Not applicable,,
public_html/Eski/yukleme/urunler/b_12994948.jpg,jpg,261149,800,800,,9d3d487692f145658b0c7033565443e2a83a1f80d93cc5431598137dc757babc,YES,Legacy product catalogue archive,"/galeri/galerim2, Archive filter",USE_IN_ARCHIVE_GALLERY,520px WebP thumbnail generated; original retained for detail,Not applicable,,
public_html/Eski/yukleme/urunler/b_14338023.jpg,jpg,203192,800,800,,fb1eb11cadf2947ff258c045b9d2512872b1889faa2c33018d6e4c7c9406d9e3,YES,Legacy product catalogue archive,"/galeri/galerim2, Archive filter",USE_IN_ARCHIVE_GALLERY,520px WebP thumbnail generated; original retained for detail,Not applicable,,
public_html/Eski/yukleme/urunler/b_18699495.jpg,jpg,238769,800,800,,0f6675a6a1b904cf6cc2d7a54617fbcc5fbd9e582baef05c5ed835250bc03d26,YES,Legacy product catalogue archive,"/galeri/galerim2, Archive filter",USE_IN_ARCHIVE_GALLERY,520px WebP thumbnail generated; original retained for detail,Not applicable,,
public_html/Eski/yukleme/urunler/b_19098138.jpg,jpg,241152,800,800,,76094118073933a312731c77671aa17c4022211895780fc13802c6395dbafd9f,YES,Legacy product catalogue archive,"/galeri/galerim2, Archive filter",USE_IN_ARCHIVE_GALLERY,520px WebP thumbnail generated; original retained for detail,Not applicable,,
public_html/Eski/yukleme/urunler/b_20278238.jpg,jpg,311448,800,800,,ac77ebd46c0fa4d17418ab0b5774619f416f4652db0385b4eef95e8a2ad5c47d,YES,Legacy product catalogue archive,"/galeri/galerim2, Archive filter",USE_IN_ARCHIVE_GALLERY,520px WebP thumbnail generated; original retained for detail,Not applicable,,
public_html/Eski/yukleme/urunler/b_22110483.jpg,jpg,284816,800,800,,09c985504d5675c0e3a4ca07375544017a834026fb9720711798120edcbc8eef,YES,Legacy product catalogue archive,"/galeri/galerim2, Archive filter",USE_IN_ARCHIVE_GALLERY,520px WebP thumbnail generated; original retained for detail,Not applicable,,
public_html/Eski/yukleme/urunler/b_22886655.jpg,jpg,248777,800,800,,6607ac739ab26907edd6fb7d07243b25b6c2bc41a8295eb1893b2715149b4800,YES,Legacy product catalogue archive,"/galeri/galerim2, Archive filter",USE_IN_ARCHIVE_GALLERY,520px WebP thumbnail generated; original retained for detail,Not applicable,,
public_html/Eski/yukleme/urunler/b_23523327.jpg,jpg,182046,800,800,,4defa523545f01439d690f28c315303ae31d4d9e40722ab4b1a29c76af099ef4,YES,Legacy product catalogue archive,"/galeri/galerim2, Archive filter",USE_IN_ARCHIVE_GALLERY,520px WebP thumbnail generated; original retained for detail,Not applicable,,
public_html/Eski/yukleme/urunler/b_24315239.jpg,jpg,253381,800,800,,33e5a174d001d11c21128e2f73d9b44ba361b0638f2fcbded72af1b302d4b676,YES,Legacy product catalogue archive,"/galeri/galerim2, Archive filter",USE_IN_ARCHIVE_GALLERY,520px WebP thumbnail generated; original retained for detail,Not applicable,,
public_html/Eski/yukleme/urunler/b_26006319.jpg,jpg,190724,800,800,,f7dffa19bf3f15cef4a4246bc7eaa3bf1ff34b82a6a606c22f307d8c6714a59d,YES,Legacy product catalogue archive,"/galeri/galerim2, Archive filter",USE_IN_ARCHIVE_GALLERY,520px WebP thumbnail generated; original retained for detail,Not applicable,,
public_html/Eski/yukleme/urunler/b_26014023.jpg,jpg,247921,800,800,,9c66b4fb9990893a24e5c039064496232edcc7d746fd23cecffc5bd1c9bfb8bd,YES,Legacy product catalogue archive,"/galeri/galerim2, Archive filter",USE_IN_ARCHIVE_GALLERY,520px WebP thumbnail generated; original retained for detail,Not applicable,,
public_html/Eski/yukleme/urunler/b_28747996.jpg,jpg,254633,800,800,,497a15b86ad38bc816ef1146374dbd8b4dd5af9f0a9ee6a8bafe59518f5fe3df,YES,Legacy product catalogue archive,"/galeri/galerim2, Archive filter",USE_IN_ARCHIVE_GALLERY,520px WebP thumbnail generated; original retained for detail,Not applicable,,
public_html/Eski/yukleme/urunler/b_33688258.jpg,jpg,283840,800,800,,b7a8a95d453b8b3e43a939a9cb7fa89fcfa89a2e09623d235913b3b9353eaaaf,YES,Legacy product catalogue archive,"/galeri/galerim2, Archive filter",USE_IN_ARCHIVE_GALLERY,520px WebP thumbnail generated; original retained for detail,Not applicable,,
public_html/Eski/yukleme/urunler/b_3407197.jpg,jpg,200340,800,800,,5e4d729adb0c79d3a63a8376cd25764f7ebd54cc8096ca99105d99494ed640d8,YES,Legacy product catalogue archive,"/galeri/galerim2, Archive filter",USE_IN_ARCHIVE_GALLERY,520px WebP thumbnail generated; original retained for detail,Not applicable,,
public_html/Eski/yukleme/urunler/b_3483523.jpg,jpg,241160,800,800,,bf618647207f6a7a59f1b4b2e1cef2df0993f2bf4856b06a9e88042053545076,YES,Legacy product catalogue archive,"/galeri/galerim2, Archive filter",USE_IN_ARCHIVE_GALLERY,520px WebP thumbnail generated; original retained for detail,Not applicable,,
public_html/Eski/yukleme/urunler/b_35785100.jpg,jpg,183934,800,800,,508db6798013db88a18c85857d1b5fe75a7a035c571dc60a27ad400d9dce253f,YES,Legacy product catalogue archive,"/galeri/galerim2, Archive filter",USE_IN_ARCHIVE_GALLERY,520px WebP thumbnail generated; original retained for detail,Not applicable,,
public_html/Eski/yukleme/urunler/b_37486191.jpg,jpg,343878,800,800,,1f33ed5757826d0cdfe5e4d70fe29a19592242a7cd16de429ea9ae486e4e0429,YES,Legacy product catalogue archive,"/galeri/galerim2, Archive filter",USE_IN_ARCHIVE_GALLERY,520px WebP thumbnail generated; original retained for detail,Not applicable,,
public_html/Eski/yukleme/urunler/b_38664146.jpg,jpg,209241,800,800,,8ab5ebda1237de8355fb20c54d1e5c97fd67cf232eca6a9032eb14ba954d1d4c,YES,Legacy product catalogue archive,"/galeri/galerim2, Archive filter",USE_IN_ARCHIVE_GALLERY,520px WebP thumbnail generated; original retained for detail,Not applicable,,
public_html/Eski/yukleme/urunler/b_38667739.jpg,jpg,231850,800,800,,cb2aa1bb6a230c0a8d6890da90035aa7f40d85e43de2b6ccf506313480f8f6a4,YES,Legacy product catalogue archive,"/galeri/galerim2, Archive filter",USE_IN_ARCHIVE_GALLERY,520px WebP thumbnail generated; original retained for detail,Not applicable,,
public_html/Eski/yukleme/urunler/b_39779274.jpg,jpg,290821,800,800,,2f72d26be921f3f872fa29e64c5f9f365d93122934284f770f27d95669391e9b,YES,Legacy product catalogue archive,"/galeri/galerim2, Archive filter",USE_IN_ARCHIVE_GALLERY,520px WebP thumbnail generated; original retained for detail,Not applicable,,
public_html/Eski/yukleme/urunler/b_41514153.jpg,jpg,231679,800,800,,c5fca349cb37b4ebc21569d0665e9d45c8bffa7e1c3ebecbf4a0ab9ec5ac370f,YES,Legacy product catalogue archive,"/galeri/galerim2, Archive filter",USE_IN_ARCHIVE_GALLERY,520px WebP thumbnail generated; original retained for detail,Not applicable,,
public_html/Eski/yukleme/urunler/b_4664787.jpg,jpg,340554,800,800,,d9bd457be5d58a389dedf01cca2261b4ae8817bdbcb01cb7b0a8048665ee9250,YES,Legacy product catalogue archive,"/galeri/galerim2, Archive filter",USE_IN_ARCHIVE_GALLERY,520px WebP thumbnail generated; original retained for detail,Not applicable,,
public_html/Eski/yukleme/urunler/b_46984650.jpg,jpg,153150,800,800,,e645946551efe8431f13ecc97acb9e2eed7972b66db6f8b09a3e9b822619a9ee,YES,Legacy product catalogue archive,"/galeri/galerim2, Archive filter",USE_IN_ARCHIVE_GALLERY,520px WebP thumbnail generated; original retained for detail,Not applicable,,
public_html/Eski/yukleme/urunler/b_4710438.jpg,jpg,281486,800,800,,f426e255cc1bbde35882c5923906203b20fd557a9edca056a3e2767830006878,YES,Legacy product catalogue archive,"/galeri/galerim2, Archive filter",USE_IN_ARCHIVE_GALLERY,520px WebP thumbnail generated; original retained for detail,Not applicable,,
public_html/Eski/yukleme/urunler/b_49049991.jpg,jpg,211427,800,800,,e4db5f8c85b901c088b3b7ae658a357fd7efe9d1e4016d8165c09eb46d84eedb,YES,Legacy product catalogue archive,"/galeri/galerim2, Archive filter",USE_IN_ARCHIVE_GALLERY,520px WebP thumbnail generated; original retained for detail,Not applicable,,
public_html/Eski/yukleme/urunler/b_50418762.jpg,jpg,512687,800,800,,a4e4a3acfbebf8e431f45ad9a15473f83170919238fc8b299a6614272b99616a,YES,Legacy product catalogue archive,"/galeri/galerim2, Archive filter",USE_IN_ARCHIVE_GALLERY,520px WebP thumbnail generated; original retained for detail,Not applicable,,
public_html/Eski/yukleme/urunler/b_51425300.jpg,jpg,448923,800,800,,f50464e40c65bc7b10be5a00134a9680fd090235e5be0b2333a576688534b011,YES,Legacy product catalogue archive,"/galeri/galerim2, Archive filter",USE_IN_ARCHIVE_GALLERY,520px WebP thumbnail generated; original retained for detail,Not applicable,,
public_html/Eski/yukleme/urunler/b_53557308.jpg,jpg,209815,800,800,,bbcae2ee59a389d259a8803b252769a5800b395f76be53ca26ec17ecacef403b,YES,Legacy product catalogue archive,"/galeri/galerim2, Archive filter",USE_IN_ARCHIVE_GALLERY,520px WebP thumbnail generated; original retained for detail,Not applicable,,
public_html/Eski/yukleme/urunler/b_54283190.jpg,jpg,225092,800,800,,c6aa3c177d6e86777629dc78babaf6e853e17ad5d938d755e12ebdf881cf6072,YES,Legacy product catalogue archive,"/galeri/galerim2, Archive filter",USE_IN_ARCHIVE_GALLERY,520px WebP thumbnail generated; original retained for detail,Not applicable,,
public_html/Eski/yukleme/urunler/b_54683961.jpg,jpg,270087,800,800,,4909ff50a648c80e0b0278eb434dc96a2121b473bd43bf4d0cc2dbade0298d77,YES,Legacy product catalogue archive,"/galeri/galerim2, Archive filter",USE_IN_ARCHIVE_GALLERY,520px WebP thumbnail generated; original retained for detail,Not applicable,,
public_html/Eski/yukleme/urunler/b_55256350.jpg,jpg,202786,800,800,,c63c7a899b7f0fd17ce1c95fd5a89202c825e6fdacdda4c5c8f5f337eaa91074,YES,Legacy product catalogue archive,"/galeri/galerim2, Archive filter",USE_IN_ARCHIVE_GALLERY,520px WebP thumbnail generated; original retained for detail,Not applicable,,
public_html/Eski/yukleme/urunler/b_5613486.jpg,jpg,386568,800,800,,0d45738200804885d056bf3fda2718b76a79d1b0c90688f6112850566d476abf,YES,Legacy product catalogue archive,"/galeri/galerim2, Archive filter",USE_IN_ARCHIVE_GALLERY,520px WebP thumbnail generated; original retained for detail,Not applicable,,
public_html/Eski/yukleme/urunler/b_59378136.jpg,jpg,328055,800,800,,c5300f03bf9e139fbdb7041c70b3aa8123de7a10607db2ba142418c8200b4c6c,YES,Legacy product catalogue archive,"/galeri/galerim2, Archive filter",USE_IN_ARCHIVE_GALLERY,520px WebP thumbnail generated; original retained for detail,Not applicable,,
public_html/Eski/yukleme/urunler/b_60271742.jpg,jpg,320686,800,800,,50d5eeb2922ae1675185a5fc831d6b60b6695025c113bb014c1e9550ff0f7316,YES,Legacy product catalogue archive,"/galeri/galerim2, Archive filter",USE_IN_ARCHIVE_GALLERY,520px WebP thumbnail generated; original retained for detail,Not applicable,,
public_html/Eski/yukleme/urunler/b_61088890.jpg,jpg,204091,800,800,,01fa5fe163dda0179004e1c5a1ed43301e4f3b68f2c7f11688c6d31e0f8beb24,YES,Legacy product catalogue archive,"/galeri/galerim2, Archive filter",USE_IN_ARCHIVE_GALLERY,520px WebP thumbnail generated; original retained for detail,Not applicable,,
public_html/Eski/yukleme/urunler/b_61674621.jpg,jpg,278058,800,800,,3ffa306973e21457644870876d32d8d75a3f94580c2dc371e19338629453b255,YES,Legacy product catalogue archive,"/galeri/galerim2, Archive filter",USE_IN_ARCHIVE_GALLERY,520px WebP thumbnail generated; original retained for detail,Not applicable,,
public_html/Eski/yukleme/urunler/b_62338678.jpg,jpg,242450,800,800,,1011cb1ec99097bca3b884c6323851cf315754f9a06011f85c33b7eaf57025ca,YES,Legacy product catalogue archive,"/galeri/galerim2, Archive filter",USE_IN_ARCHIVE_GALLERY,520px WebP thumbnail generated; original retained for detail,Not applicable,,
public_html/Eski/yukleme/urunler/b_63901976.jpg,jpg,246772,800,800,,7f18de8d570feb5eafe44a8fc58ac7b265460ff5f4dcfdc712039e210b51770a,YES,Legacy product catalogue archive,"/galeri/galerim2, Archive filter",USE_IN_ARCHIVE_GALLERY,520px WebP thumbnail generated; original retained for detail,Not applicable,,
public_html/Eski/yukleme/urunler/b_67279913.jpg,jpg,216986,800,800,,2224d1d5d8f0c89fa7ae5185a17f4c620c28ef8b84d6d22f12a4a0cf90727bed,YES,Legacy product catalogue archive,"/galeri/galerim2, Archive filter",USE_IN_ARCHIVE_GALLERY,520px WebP thumbnail generated; original retained for detail,Not applicable,,
public_html/Eski/yukleme/urunler/b_67794994.jpg,jpg,315109,800,800,,40a238c6e2bf497f002726e8fe805487225e4b65049bcda854ad7175d21ae394,YES,Legacy product catalogue archive,"/galeri/galerim2, Archive filter",USE_IN_ARCHIVE_GALLERY,520px WebP thumbnail generated; original retained for detail,Not applicable,,
public_html/Eski/yukleme/urunler/b_68067487.jpg,jpg,209014,800,800,,56a2380fcbf4aa80b69fb9707d7ca9b0bd75424dcab998a80213e5d808fe5e62,YES,Legacy product catalogue archive,"/galeri/galerim2, Archive filter",USE_IN_ARCHIVE_GALLERY,520px WebP thumbnail generated; original retained for detail,Not applicable,,
public_html/Eski/yukleme/urunler/b_69429919.jpg,jpg,153735,800,800,,fc769b73f6dc6f07856f5ba3cc10e95663190af9db4aa8df28df1005a805fab9,YES,Legacy product catalogue archive,"/galeri/galerim2, Archive filter",USE_IN_ARCHIVE_GALLERY,520px WebP thumbnail generated; original retained for detail,Not applicable,,
public_html/Eski/yukleme/urunler/b_70929015.jpg,jpg,330034,800,800,,6cd2ab514940d7fc04e979f51927bb6c3452f55eeecd4f63f4ea78a05a9498a9,YES,Legacy product catalogue archive,"/galeri/galerim2, Archive filter",USE_IN_ARCHIVE_GALLERY,520px WebP thumbnail generated; original retained for detail,Not applicable,,
public_html/Eski/yukleme/urunler/b_71428706.jpg,jpg,167108,800,800,,a6149d4d9f6fff4fcef12730f03ee824fd0eb2eaa7addd03394ff28ba1722fdd,YES,Legacy product catalogue archive,"/galeri/galerim2, Archive filter",USE_IN_ARCHIVE_GALLERY,520px WebP thumbnail generated; original retained for detail,Not applicable,,
public_html/Eski/yukleme/urunler/b_7179550.jpg,jpg,241652,800,800,,d66bb825cc5bb19975523ade711e03bf20d63468458262f52156f424cffea3cc,YES,Legacy product catalogue archive,"/galeri/galerim2, Archive filter",USE_IN_ARCHIVE_GALLERY,520px WebP thumbnail generated; original retained for detail,Not applicable,,
public_html/Eski/yukleme/urunler/b_72322654.jpg,jpg,157114,800,800,,02e85e4f86c5232e77641134a8626bd2b508e169d5e6f128f4331c8fcd3458d7,YES,Legacy product catalogue archive,"/galeri/galerim2, Archive filter",USE_IN_ARCHIVE_GALLERY,520px WebP thumbnail generated; original retained for detail,Not applicable,,
public_html/Eski/yukleme/urunler/b_73439987.jpg,jpg,209272,800,800,,dc7502dcad87c54c20914336107f8c91e7b97be12a6dbd5855f7a012a4f39794,YES,Legacy product catalogue archive,"/galeri/galerim2, Archive filter",USE_IN_ARCHIVE_GALLERY,520px WebP thumbnail generated; original retained for detail,Not applicable,,
public_html/Eski/yukleme/urunler/b_73634004.jpg,jpg,208551,800,800,,f8a7f3b8c129464cc0d8f9314d606dd4ff70d10ff6ab91495278408e111e6c0e,YES,Legacy product catalogue archive,"/galeri/galerim2, Archive filter",USE_IN_ARCHIVE_GALLERY,520px WebP thumbnail generated; original retained for detail,Not applicable,,
public_html/Eski/yukleme/urunler/b_74220024.jpg,jpg,295803,800,800,,7d07cc2e0542a7d82fde614e84bc707bb1156f3a0cdbc16401fd4095354fa65d,YES,Legacy product catalogue archive,"/galeri/galerim2, Archive filter",USE_IN_ARCHIVE_GALLERY,520px WebP thumbnail generated; original retained for detail,Not applicable,,
public_html/Eski/yukleme/urunler/b_74997120.jpg,jpg,461408,800,800,,aa80eb3e23965ca41176535bf546983a48e9fba384b9b5c1ee18d77f54ed0257,YES,Legacy product catalogue archive,"/galeri/galerim2, Archive filter",USE_IN_ARCHIVE_GALLERY,520px WebP thumbnail generated; original retained for detail,Not applicable,,
public_html/Eski/yukleme/urunler/b_76462764.jpg,jpg,403128,800,800,,61688222e59cccfd8044768a140df3dd05fe3c60b3af4cce34b0cd462c288886,YES,Legacy product catalogue archive,"/galeri/galerim2, Archive filter",USE_IN_ARCHIVE_GALLERY,520px WebP thumbnail generated; original retained for detail,Not applicable,,
public_html/Eski/yukleme/urunler/b_76480612.jpg,jpg,168932,800,800,,74b8dc3e9ec5415e12b663037df2573153f65f5fb4b8c2acce56e3972d80b3c3,YES,Legacy product catalogue archive,"/galeri/galerim2, Archive filter",USE_IN_ARCHIVE_GALLERY,520px WebP thumbnail generated; original retained for detail,Not applicable,,
public_html/Eski/yukleme/urunler/b_78865560.jpg,jpg,307949,800,800,,590be9943dbf7e9005a2eac72fd9c044c6743e37a39d728b9e6c53a4959f99ba,YES,Legacy product catalogue archive,"/galeri/galerim2, Archive filter",USE_IN_ARCHIVE_GALLERY,520px WebP thumbnail generated; original retained for detail,Not applicable,,
public_html/Eski/yukleme/urunler/b_80454498.jpg,jpg,297355,800,800,,95d52c5f7e9858c6b84f5ce798105aff4b5f99eecb3c76cc62b4eaa57bf76b88,YES,Legacy product catalogue archive,"/galeri/galerim2, Archive filter",USE_IN_ARCHIVE_GALLERY,520px WebP thumbnail generated; original retained for detail,Not applicable,,
public_html/Eski/yukleme/urunler/b_80750806.jpg,jpg,448726,800,800,,53834151743ffcf403fbc172e2ab45b03bc7791b94c9fb58b447a5bce5fb878c,YES,Legacy product catalogue archive,"/galeri/galerim2, Archive filter",USE_IN_ARCHIVE_GALLERY,520px WebP thumbnail generated; original retained for detail,Not applicable,,
public_html/Eski/yukleme/urunler/b_80868488.jpg,jpg,380637,800,800,,c362d686cfe4d349ef238050874ba3fdfbaca841095f0c1c58619a3e8289c588,YES,Legacy product catalogue archive,"/galeri/galerim2, Archive filter",USE_IN_ARCHIVE_GALLERY,520px WebP thumbnail generated; original retained for detail,Not applicable,,
public_html/Eski/yukleme/urunler/b_82515502.jpg,jpg,414707,800,800,,124d7d2c5bae7bc54aa6bf4feef999f0d84f5ac4344020e5202c87d5acc2c091,YES,Legacy product catalogue archive,"/galeri/galerim2, Archive filter",USE_IN_ARCHIVE_GALLERY,520px WebP thumbnail generated; original retained for detail,Not applicable,,
public_html/Eski/yukleme/urunler/b_84006548.jpg,jpg,289583,800,800,,3e169d331c1caba316249a5447cf5e68a4e106a13f57ccb135e318d275d81c66,YES,Legacy product catalogue archive,"/galeri/galerim2, Archive filter",USE_IN_ARCHIVE_GALLERY,520px WebP thumbnail generated; original retained for detail,Not applicable,,
public_html/Eski/yukleme/urunler/b_85113737.jpg,jpg,208292,800,800,,f5ccca7bad15c1dbafa6af2e214f45373dc48d1a6c088fad8c09594cb51fa07c,YES,Legacy product catalogue archive,"/galeri/galerim2, Archive filter",USE_IN_ARCHIVE_GALLERY,520px WebP thumbnail generated; original retained for detail,Not applicable,,
public_html/Eski/yukleme/urunler/b_92321421.jpg,jpg,272407,800,800,,470808d46b7d2cd1d8bd8ec71edb4050fb285cf429eef22c2d0ebb55fba42d3d,YES,Legacy product catalogue archive,"/galeri/galerim2, Archive filter",USE_IN_ARCHIVE_GALLERY,520px WebP thumbnail generated; original retained for detail,Not applicable,,
public_html/Eski/yukleme/urunler/b_92835743.jpg,jpg,311488,800,800,,b4432e45ac61ac9b6fcaac7ca9b35c724180ad4316319595c449b2302d74f8cc,YES,Legacy product catalogue archive,"/galeri/galerim2, Archive filter",USE_IN_ARCHIVE_GALLERY,520px WebP thumbnail generated; original retained for detail,Not applicable,,
public_html/Eski/yukleme/urunler/b_93349940.jpg,jpg,284405,800,800,,d983629c52d6cc475b78dad35975d4c5e0b753a30a66f8f9a49081ab34e3f37b,YES,Legacy product catalogue archive,"/galeri/galerim2, Archive filter",USE_IN_ARCHIVE_GALLERY,520px WebP thumbnail generated; original retained for detail,Not applicable,,
public_html/Eski/yukleme/urunler/b_94097295.jpg,jpg,271079,800,800,,3c6573e80846ed65702ce63ba4125e5fcaf54afca80c85b3adf0a84df4dafdba,YES,Legacy product catalogue archive,"/galeri/galerim2, Archive filter",USE_IN_ARCHIVE_GALLERY,520px WebP thumbnail generated; original retained for detail,Not applicable,,
public_html/Eski/yukleme/urunler/b_95517898.jpg,jpg,245033,800,800,,72dd14162fe6889233a52cc35bf0b9ddc471782c9c4f66ae30d33e5a5867fbca,YES,Legacy product catalogue archive,"/galeri/galerim2, Archive filter",USE_IN_ARCHIVE_GALLERY,520px WebP thumbnail generated; original retained for detail,Not applicable,,
public_html/Eski/yukleme/urunler/b_9665208.jpg,jpg,300395,800,800,,47b68380ab4494506dd3a43212501a4e8c8106578217e0d52871b3d287731d9e,YES,Legacy product catalogue archive,"/galeri/galerim2, Archive filter",USE_IN_ARCHIVE_GALLERY,520px WebP thumbnail generated; original retained for detail,Not applicable,,
public_html/Eski/yukleme/urunler/b_96803419.jpg,jpg,252565,800,800,,6467dfed4fac0ad77ede5f9810a489d47a9b41f960f2879d0aa5031fbcf456ba,YES,Legacy product catalogue archive,"/galeri/galerim2, Archive filter",USE_IN_ARCHIVE_GALLERY,520px WebP thumbnail generated; original retained for detail,Not applicable,,
public_html/Eski/yukleme/urunler/b_98006971.jpg,jpg,269118,800,800,,00a4fbef747164202f7402675602911ddb59164c152cbd9d3f2b791b6909da16,YES,Legacy product catalogue archive,"/galeri/galerim2, Archive filter",USE_IN_ARCHIVE_GALLERY,520px WebP thumbnail generated; original retained for detail,Not applicable,,
public_html/Eski/yukleme/urunler/b_9810703.jpg,jpg,233587,800,800,,071532224f88348cd5d982d3870e791d6cc97b24298397c61a51a5ad6ecf7843,YES,Legacy product catalogue archive,"/galeri/galerim2, Archive filter",USE_IN_ARCHIVE_GALLERY,520px WebP thumbnail generated; original retained for detail,Not applicable,,
public_html/Eski/yukleme/urunler/b_98606609.jpg,jpg,323006,800,800,,2b20fc929fb84d2c222a38558b9b9382587a87bae602b56242a37774f814720d,YES,Legacy product catalogue archive,"/galeri/galerim2, Archive filter",USE_IN_ARCHIVE_GALLERY,520px WebP thumbnail generated; original retained for detail,Not applicable,,
public_html/Eski/yukleme/urunler/d798f360-2516-4a04-8937-5482f04851e8.jpg,jpg,63363,800,800,,6e95d57316c90ba6e28af4aa5d7c3a6609b9c814db9f8d3abcbbc7a7818f71f3,YES,Legacy product catalogue archive,"/galeri/galerim2, Archive filter",USE_IN_ARCHIVE_GALLERY,520px WebP thumbnail generated; original retained for detail,Not applicable,,
public_html/Eski/yukleme/urunler/vista-017.jpg,jpg,100787,800,800,,0a111327e6b6a74bc4d864ff1980664d68f5c85c603ded953100a2a4cc1c230e,YES,Legacy product catalogue archive,"/galeri/galerim2, Archive filter",USE_IN_ARCHIVE_GALLERY,520px WebP thumbnail generated; original retained for detail,Not applicable,,
public_html/favicon.png,png,4355,25,20,,ede7855e819ab1ff319c1d0f0414a9c189fb0856804abff6b7a888baee376735,YES,Original language or favicon UI,Superseded by text language controls and the approved WM logo,DUPLICATE_DO_NOT_REPEAT,Not required,Not applicable,Replaced by the new accessible text switcher or approved brand asset.,Eski/favicon.png
public_html/kadin.jpg,jpg,391220,850,500,,15b1eb95564377ff468f79c6a245b43eac862ff4595229cab37eb273a2b021c7,YES,Original product-category image,"/galeri/galerim2, Archive filter",USE_IN_ARCHIVE_GALLERY,Original retained; lazy loaded,Not applicable,,
public_html/tr.png,png,1449,128,128,,91477b17bc9a34a30834c69c427a45d23b98066e0338e94a439b96ffec7f8867,YES,Original language or favicon UI,Superseded by text language controls and the approved WM logo,DUPLICATE_DO_NOT_REPEAT,Not required,Not applicable,Replaced by the new accessible text switcher or approved brand asset.,
public_html/videos/eng.mp4,mp4,18335318,1920,1080,25.182 s,af43bf02ddc09fc5377a2fc61c76bc1b114bc53f110867f4691695e1ac49719f,YES,Original homepage production video,/en/ and /en/design,USE_ON_HOMEPAGE; USE_ON_PRODUCTION_PAGE; USE_WITH_POSTER,1920x1080 original retained; preload none; poster-first; compressed derivative recommended,REPLACE_WHEN_NEW_VIDEO_ARRIVES,,
public_html/videos/tr.mp4,mp4,18108613,1920,1080,25.182 s,7f9a3ebc977ada99e31332c3cb7e8c9c7f4b6f8ae68a03f6e7af4673fc868f93,YES,Original homepage production video,/ and /tasarim,USE_ON_HOMEPAGE; USE_ON_PRODUCTION_PAGE; USE_WITH_POSTER,1920x1080 original retained; preload none; poster-first; compressed derivative recommended,REPLACE_WHEN_NEW_VIDEO_ARRIVES,,
public_html/yukleme/anasayfa/1.jpg,jpg,137508,400,420,,2f8377d42ce3d7ab93856c8697803dd02510372f1d992c82d3729ab8ef7c7dfe,YES,Original homepage visual,"/galeri/galerim2, Archive filter",USE_IN_ARCHIVE_GALLERY,520px WebP thumbnail generated; original retained,Not applicable,,
public_html/yukleme/anasayfa/10.jpg,jpg,327289,1280,500,,db613509e3aa5e84685890a93b4e6fe1e88cea234dfe1785e5c93ad003cfd672,YES,Original homepage visual,"/galeri/galerim2, Archive filter",USE_IN_ARCHIVE_GALLERY,520px WebP thumbnail generated; original retained,Not applicable,,
public_html/yukleme/anasayfa/11.jpg,jpg,191176,1280,500,,856f38a03574ac0c8ca9387cd1b27cdbf050eb6f5e161d2d6a1b3b36909b27bf,YES,Original homepage visual,"/galeri/galerim2, Archive filter",USE_IN_ARCHIVE_GALLERY,520px WebP thumbnail generated; original retained,Not applicable,,
public_html/yukleme/anasayfa/12.jpg,jpg,84243,1280,500,,df9c0b18b30aa71b719f381ed22d47b1bfa307248b6699c1c9b1e8a67d6f33af,YES,Original homepage visual,"/galeri/galerim2, Archive filter",USE_IN_ARCHIVE_GALLERY,520px WebP thumbnail generated; original retained,Not applicable,,
public_html/yukleme/anasayfa/13.jpg,jpg,347992,850,500,,83ba39e00bf0a585c58d69dfaf173f469d50671931defaf199057b252b3eb290,YES,Original homepage visual,"/galeri/galerim2, Archive filter",USE_IN_ARCHIVE_GALLERY,520px WebP thumbnail generated; original retained,Not applicable,,
public_html/yukleme/anasayfa/14.jpg,jpg,325403,850,500,,605b2c752b19df1b6ed92615b299b1647775a27b1b66ce53be394a1ed822fc05,YES,Original homepage visual,"/galeri/galerim2, Archive filter",USE_IN_ARCHIVE_GALLERY,520px WebP thumbnail generated; original retained,Not applicable,,
public_html/yukleme/anasayfa/2.jpg,jpg,94977,400,408,,9bae16203a090ebada6bb60e4d99e5fcb357d8febf8ad3e4977b2d47fdec90c9,YES,Original homepage visual,"/galeri/galerim2, Archive filter",USE_IN_ARCHIVE_GALLERY,520px WebP thumbnail generated; original retained,Not applicable,,
public_html/yukleme/anasayfa/3.jpg,jpg,57830,220,188,,e8970daeede26109d5c99eaa43b4333cafceb0f96d2897e15e8af58c286baebe,YES,Original homepage visual,"/galeri/galerim2, Archive filter",USE_IN_ARCHIVE_GALLERY,520px WebP thumbnail generated; original retained,Not applicable,,
public_html/yukleme/anasayfa/5.jpg,jpg,230559,850,500,,e6a75743af768d09d282568723e690dcf6b73aa533994e21e290491c26eeb2c3,YES,Original homepage visual,"/galeri/galerim2, Archive filter",USE_IN_ARCHIVE_GALLERY,520px WebP thumbnail generated; original retained,Not applicable,,
public_html/yukleme/anasayfa/6.jpg,jpg,416501,850,500,,a23509131fddec583ed6ba05a6754930f89ea48a39e8c77c03f18913c3e87a0e,YES,Original homepage visual,"/galeri/galerim2, Archive filter",USE_IN_ARCHIVE_GALLERY,520px WebP thumbnail generated; original retained,Not applicable,,
public_html/yukleme/anasayfa/7.jpg,jpg,532610,850,500,,bf3aa6be56af09d2c6c599f699c9a19923f2362584df05d94e2c5a62add761a1,YES,Original homepage visual,"/galeri/galerim2, Archive filter",USE_IN_ARCHIVE_GALLERY,520px WebP thumbnail generated; original retained,Not applicable,,
public_html/yukleme/anasayfa/8.jpg,jpg,536767,1920,500,,1049f90af3d528244a768d467058af61b6c25bb084fb7fd6cfc6ed6d87d6be7b,YES,Original homepage visual,"/galeri/galerim2, Archive filter",USE_IN_ARCHIVE_GALLERY,520px WebP thumbnail generated; original retained,Not applicable,,
public_html/yukleme/anasayfa/9.jpg,jpg,363969,1280,500,,54f7bb07c5de2509df9231a647eb680c5d1ed2d3f8445bed29846d82856985ab,YES,Original homepage design image,/ and /tasarim,USE_IN_PRODUCTION_PAGE,Original lazy loaded,REPLACE_WHEN_NEW_ASSET_ARRIVES,,
public_html/yukleme/anasayfa/customer.png,png,67646,665,195,,fe1578bbbde30974f66fa0998f3db8b9e0d2b6867a44ccb74d9e6fa97c7910bc,YES,Original homepage visual,"/galeri/galerim2, Archive filter",USE_IN_ARCHIVE_GALLERY,520px WebP thumbnail generated; original retained,Not applicable,,
public_html/yukleme/anasayfa/dikim.png,png,22459,70,70,,f7346875dddbf730adeed6b4678d611862465c80413e8a67e86422e8e1199898,YES,Original blue process icon or empty companion image,Replaced by real process photography and semantic numbered steps,INTENTIONALLY_EXCLUDED,Not required,Not applicable,Low-information raster UI diagram or empty companion image; it does not document the real facility and has a real-photo replacement.,
public_html/yukleme/anasayfa/dikim2.png,png,22459,70,70,,d653a54b191db673bbaf30675ad76638f98b0e8cb5d1b5d16dc74cd16f38b5bf,YES,Original blue process icon or empty companion image,Replaced by real process photography and semantic numbered steps,INTENTIONALLY_EXCLUDED,Not required,Not applicable,Low-information raster UI diagram or empty companion image; it does not document the real facility and has a real-photo replacement.,
public_html/yukleme/anasayfa/iletisim.jpg,jpg,350117,1920,500,,deb67c020cb091ab0496bece88adf69424c6daaba9db2dd4c9a9380a1851e2c3,YES,Original homepage visual,"/galeri/galerim2, Archive filter",USE_IN_ARCHIVE_GALLERY,520px WebP thumbnail generated; original retained,Not applicable,,
public_html/yukleme/anasayfa/kesim.png,png,22459,70,70,,dd447f78b1a38e449105de45929dcbafa53f13f5505e43bc906674c0df76834b,YES,Original blue process icon or empty companion image,Replaced by real process photography and semantic numbered steps,INTENTIONALLY_EXCLUDED,Not required,Not applicable,Low-information raster UI diagram or empty companion image; it does not document the real facility and has a real-photo replacement.,
public_html/yukleme/anasayfa/kesim2.png,png,22459,70,70,,b148cb908eb4cead0db471b2f4259fb93a279f07d14c57f7c55e1a52cbdaa4c0,YES,Original blue process icon or empty companion image,Replaced by real process photography and semantic numbered steps,INTENTIONALLY_EXCLUDED,Not required,Not applicable,Low-information raster UI diagram or empty companion image; it does not document the real facility and has a real-photo replacement.,
public_html/yukleme/anasayfa/logolar.png,png,34505,550,101,,fde26dea4442ba2494030dc03728d6a49a8fbe01b9843a071994586bef5023c3,YES,Original certification mark fragment,Superseded by the more complete original certification strip,DUPLICATE_DO_NOT_REPEAT,Not required,Not applicable,Partial duplicate; the complete Eski/logolar.png strip is used instead.,Eski/logolar.png
public_html/yukleme/anasayfa/model.png,png,22459,70,70,,72f68ae6ba9cc7ac33f8d5fba5a7d6d1a74e6e6c0d386165a176d019b6b5db3c,YES,Original blue process icon or empty companion image,Replaced by real process photography and semantic numbered steps,INTENTIONALLY_EXCLUDED,Not required,Not applicable,Low-information raster UI diagram or empty companion image; it does not document the real facility and has a real-photo replacement.,
public_html/yukleme/anasayfa/model2.png,png,22459,70,70,,662b4b83d7b8aaf08fba4cac986f379fcd4e0c44d84855d9021728de5d027dce,YES,Original blue process icon or empty companion image,Replaced by real process photography and semantic numbered steps,INTENTIONALLY_EXCLUDED,Not required,Not applicable,Low-information raster UI diagram or empty companion image; it does not document the real facility and has a real-photo replacement.,
public_html/yukleme/anasayfa/tasarim.png,png,22459,70,70,,5d51a44cfa0ee8da200d44d634316278b740adf461f04786ee1706b7430f064b,YES,Original blue process icon or empty companion image,Replaced by real process photography and semantic numbered steps,INTENTIONALLY_EXCLUDED,Not required,Not applicable,Low-information raster UI diagram or empty companion image; it does not document the real facility and has a real-photo replacement.,
public_html/yukleme/anasayfa/tasarim2.png,png,22459,70,70,,3b303ebd9bb443228c6e7df2639a59770698d4c5b25d03020f90639846f52954,YES,Original blue process icon or empty companion image,Replaced by real process photography and semantic numbered steps,INTENTIONALLY_EXCLUDED,Not required,Not applicable,Low-information raster UI diagram or empty companion image; it does not document the real facility and has a real-photo replacement.,
public_html/yukleme/anasayfa/tr3.jpg,jpg,589175,1820,840,,fdb1ad7b6b8a10e3e7f157e4e5826dcfec530351d7f2d7d4e7d02e123113ea33,YES,Original homepage visual,"/galeri/galerim2, Archive filter",USE_IN_ARCHIVE_GALLERY,520px WebP thumbnail generated; original retained,Not applicable,,
public_html/yukleme/galeri/b_13240915.jpg,jpg,508725,900,900,,dbfffec7d3ccab532a569a8575817f6a611644c44ba9b4de73eedd2bf94f837c,YES,Original production and product gallery,"/, /galeri/galerim2 and video poster",USE_ON_PRIMARY_PAGE,520px WebP thumbnail generated; original retained for detail,REPLACE_WHEN_NEW_ASSET_ARRIVES,,
public_html/yukleme/galeri/b_14591654.jpg,jpg,488993,900,900,,79677c99430b4fbfd46e1189be0de0e1f03e0f878983380a1309fc61329b635e,YES,Original production and product gallery,/galeri/galerim2,USE_IN_GALLERY,520px WebP thumbnail generated; original retained for detail,KEEP,,
public_html/yukleme/galeri/b_20237570.jpg,jpg,418324,900,900,,10904eb57294776f340d689161455a761a5c16b83ade21af5e6b81cc42131cef,YES,Original production and product gallery,/tasarim and /galeri/galerim2,USE_IN_PRODUCTION_PAGE,520px WebP thumbnail generated; original retained for detail,KEEP,,
public_html/yukleme/galeri/b_24248807.jpg,jpg,556527,900,900,,1f917270943889eabda61ddc04d1098e205ece9ec721309c42790bcf50bd3c8b,YES,Original production and product gallery,/tasarim and /galeri/galerim2,USE_IN_PRODUCTION_PAGE,520px WebP thumbnail generated; original retained for detail,KEEP,,
public_html/yukleme/galeri/b_2513686.jpg,jpg,515737,900,900,,da69bd254ac69607d30baf6f4590911c46d7747c37ffa005b8d9166e0ca3d3e2,YES,Original production and product gallery,/galeri/galerim2,USE_IN_GALLERY,520px WebP thumbnail generated; original retained for detail,KEEP,,
public_html/yukleme/galeri/b_28701103.jpg,jpg,526209,900,900,,9c2d996549c1b589d0695d4fd57d0e69bdd4788edecf7bfcbdde39913baf6ddb,YES,Original production and product gallery,/galeri/galerim2,USE_IN_GALLERY,520px WebP thumbnail generated; original retained for detail,KEEP,,
public_html/yukleme/galeri/b_29632548.jpg,jpg,428205,900,900,,688080dcdbeb0824c1bb22649705b4e1f2239fff3beeb6c68ac0aa35cdaeaa8e,YES,Original production and product gallery,/galeri/galerim2,USE_IN_GALLERY,520px WebP thumbnail generated; original retained for detail,KEEP,,
public_html/yukleme/galeri/b_30158007.jpg,jpg,807634,900,900,,73440beff4166785d3ba8d4581a8f81ca9a25c56663f198f0410fdb12a5fb418,YES,Original production and product gallery,/galeri/galerim2,USE_IN_GALLERY,520px WebP thumbnail generated; original retained for detail,KEEP,,
public_html/yukleme/galeri/b_30901029.jpg,jpg,377562,900,900,,7eab6153813f5b0ec33d270043977a7f257c0e59160c9dbd0e6f958a4808119b,YES,Original production and product gallery,/galeri/galerim2,USE_IN_GALLERY,520px WebP thumbnail generated; original retained for detail,KEEP,,
public_html/yukleme/galeri/b_31682093.jpg,jpg,384063,900,900,,e8220b5e8eaf9b1c89ae5c10e641bc0193dca7ff1c7b9ccb4aba2dd3c249dd58,YES,Original production and product gallery,/galeri/galerim2,USE_IN_GALLERY,520px WebP thumbnail generated; original retained for detail,KEEP,,
public_html/yukleme/galeri/b_34563263.jpg,jpg,413532,900,900,,8fe89bc375d81daa49719a271aabe809dd5d508b631b7e2654f4528b4dd8dd9c,YES,Original production and product gallery,/galeri/galerim2,USE_IN_GALLERY,520px WebP thumbnail generated; original retained for detail,KEEP,,
public_html/yukleme/galeri/b_35573767.jpg,jpg,312789,900,900,,2db17761b31fa1163c4096b84c5041ec168e4cb3539b8c93d86dc2b19894f9b7,YES,Original production and product gallery,/galeri/galerim2,USE_IN_GALLERY,520px WebP thumbnail generated; original retained for detail,KEEP,,
public_html/yukleme/galeri/b_38986729.jpg,jpg,621270,900,900,,09edf8eddf276e871406046d2e12ce587e16ca2f9802c8258372a8e80667c53d,YES,Original production and product gallery,/galeri/galerim2,USE_IN_GALLERY,520px WebP thumbnail generated; original retained for detail,KEEP,,
public_html/yukleme/galeri/b_39668106.jpg,jpg,381120,900,900,,15a45aacd6fd1e0bbd93c4064690a8f4fa3a5439bde351bb27777883a5546c47,YES,Original production and product gallery,/tasarim and /galeri/galerim2,USE_IN_PRODUCTION_PAGE,520px WebP thumbnail generated; original retained for detail,KEEP,,
public_html/yukleme/galeri/b_39856950.jpg,jpg,416743,900,900,,8cfe07deeecb575e8974bd62f80de21bb51dbd4a1db9e08ba93892b350e9c7c3,YES,Original production and product gallery,/galeri/galerim2,USE_IN_GALLERY,520px WebP thumbnail generated; original retained for detail,KEEP,,
public_html/yukleme/galeri/b_40601046.jpg,jpg,721635,900,900,,67a6649062d8336f11b698da2f8bcf79bca12b3d4cb8fd903df634a8bef1093d,YES,Original production and product gallery,/galeri/galerim2,USE_IN_GALLERY,520px WebP thumbnail generated; original retained for detail,KEEP,,
public_html/yukleme/galeri/b_40807190.jpg,jpg,381293,900,900,,8de6de43e40bef4374cbd19a5c8e2ce1e5094af40761dc54d9f19da4f55a5120,YES,Original production and product gallery,/galeri/galerim2,USE_IN_GALLERY,520px WebP thumbnail generated; original retained for detail,KEEP,,
public_html/yukleme/galeri/b_41050979.jpg,jpg,534415,900,900,,d01be20d0cf12148f3e6c4479aa3140f553d436ce7657facf31e0f84bd453efe,YES,Original production and product gallery,/galeri/galerim2,USE_IN_GALLERY,520px WebP thumbnail generated; original retained for detail,KEEP,,
public_html/yukleme/galeri/b_46663938.jpg,jpg,672138,900,900,,7b87d8f7e6b7c5291e5b8bdabba13a6fad5e3a0352b607e1a7c4d9b00c1f31ce,YES,Original production and product gallery,/galeri/galerim2,USE_IN_GALLERY,520px WebP thumbnail generated; original retained for detail,KEEP,,
public_html/yukleme/galeri/b_48533091.jpg,jpg,362636,900,900,,11232241544e92d660520fcbe1864c7c21f38ebe3c8afb2f6890ca217e2990e2,YES,Original production and product gallery,/galeri/galerim2,USE_IN_GALLERY,520px WebP thumbnail generated; original retained for detail,KEEP,,
public_html/yukleme/galeri/b_49065999.jpg,jpg,387550,900,900,,40ab3074942856abf87f2cabdb0263223687e7e09c8105512577136967e1d14a,YES,Original production and product gallery,/galeri/galerim2,USE_IN_GALLERY,520px WebP thumbnail generated; original retained for detail,KEEP,,
public_html/yukleme/galeri/b_50799094.jpg,jpg,480393,900,900,,9b900a360317477a4836f60f3ba2db3ae269500e2ad11f7182aa9d1642a2ef12,YES,Original production and product gallery,/galeri/galerim2,USE_IN_GALLERY,520px WebP thumbnail generated; original retained for detail,KEEP,,
public_html/yukleme/galeri/b_52151581.jpg,jpg,425493,900,900,,628a9de1b825e952e52503cb5c066941d779ce9fe1e0f48e724051e94089e73a,YES,Original production and product gallery,/galeri/galerim2,USE_IN_GALLERY,520px WebP thumbnail generated; original retained for detail,KEEP,,
public_html/yukleme/galeri/b_52916166.jpg,jpg,504642,900,900,,290b5e98bdf456e1cdbe5fe656e866f38da77cf78861f9e238b0e88e3fb8bb54,YES,Original production and product gallery,/tasarim and /galeri/galerim2,USE_IN_PRODUCTION_PAGE,520px WebP thumbnail generated; original retained for detail,KEEP,,
public_html/yukleme/galeri/b_53750109.jpg,jpg,373632,900,900,,e7987d819e8050a1a19b149652a52fabb1b566ef862b1ddeda0d625156305f20,YES,Original production and product gallery,/tasarim and /galeri/galerim2,USE_IN_PRODUCTION_PAGE,520px WebP thumbnail generated; original retained for detail,KEEP,,
public_html/yukleme/galeri/b_5591417.jpg,jpg,471948,900,900,,42be8564e7ade20d8a256688153bf6f4bea47ab55ec51e79a302c876a3b58919,YES,Original production and product gallery,/galeri/galerim2,USE_IN_GALLERY,520px WebP thumbnail generated; original retained for detail,KEEP,,
public_html/yukleme/galeri/b_56398689.jpg,jpg,899789,900,900,,64298ecc5134d5188070578a77e53dbbd5e9de23f5be8d316cb2dd7452e928aa,YES,Original production and product gallery,/galeri/galerim2,USE_IN_GALLERY,520px WebP thumbnail generated; original retained for detail,KEEP,,
public_html/yukleme/galeri/b_59517866.jpg,jpg,825492,900,900,,13f6e9aaf7102915150da0ec8aa8710ac9d62a56c0e40ae0c1795d5cbad838c9,YES,Original production and product gallery,/tasarim and /galeri/galerim2,USE_IN_PRODUCTION_PAGE,520px WebP thumbnail generated; original retained for detail,KEEP,,
public_html/yukleme/galeri/b_61281373.jpg,jpg,492293,900,900,,ebf18e055cfee96de4b1ad05cb8e36e98527aa51dd0c98b949194d07012af414,YES,Original production and product gallery,/tasarim and /galeri/galerim2,USE_IN_PRODUCTION_PAGE,520px WebP thumbnail generated; original retained for detail,KEEP,,
public_html/yukleme/galeri/b_61572312.jpg,jpg,476568,900,900,,2630a50b9b420531a4dccae5f2d213a09c42120f6a3324af603aa7216cfdde05,YES,Original production and product gallery,/galeri/galerim2,USE_IN_GALLERY,520px WebP thumbnail generated; original retained for detail,KEEP,,
public_html/yukleme/galeri/b_63037575.jpg,jpg,350557,900,900,,3b897ded823fa86dc63cb3ec8cfeefd5422313cc9eccb2b390b3ae7bbfbf3c3c,YES,Original production and product gallery,/galeri/galerim2,USE_IN_GALLERY,520px WebP thumbnail generated; original retained for detail,KEEP,,
public_html/yukleme/galeri/b_64166129.jpg,jpg,757665,900,900,,e7c60c8d84f5e8d1886058ce07d1e35de6fdcf005ce44f8bf9f763ab854ba23f,YES,Original production and product gallery,/galeri/galerim2,USE_IN_GALLERY,520px WebP thumbnail generated; original retained for detail,KEEP,,
public_html/yukleme/galeri/b_64519442.jpg,jpg,452290,900,900,,cc97789da5f73afc837dad932441bb05027148c082d8ec37835326ad91166d84,YES,Original production and product gallery,/galeri/galerim2,USE_IN_GALLERY,520px WebP thumbnail generated; original retained for detail,KEEP,,
public_html/yukleme/galeri/b_66422799.jpg,jpg,379288,900,900,,1d1fca7482ffb43709383b7c45f7a28063b56349d6e3c314a377203ce980c0f5,YES,Original production and product gallery,/tasarim and /galeri/galerim2,USE_IN_PRODUCTION_PAGE,520px WebP thumbnail generated; original retained for detail,KEEP,,
public_html/yukleme/galeri/b_66672604.jpg,jpg,512346,900,900,,b97911c0aff138185a051989c80087116b0babe7ea749d386227e5ce11b82bdd,YES,Original production and product gallery,/tasarim and /galeri/galerim2,USE_IN_PRODUCTION_PAGE,520px WebP thumbnail generated; original retained for detail,KEEP,,
public_html/yukleme/galeri/b_67315272.jpg,jpg,794020,900,900,,16804ca0a048381eb81fb7b9ba1637ca123fa852d52f7e05e0a560b8010fce06,YES,Original production and product gallery,/galeri/galerim2,USE_IN_GALLERY,520px WebP thumbnail generated; original retained for detail,KEEP,,
public_html/yukleme/galeri/b_69409616.jpg,jpg,344595,900,900,,d10d5be173cc1c8f0be826ef3ad06328acbad96154f1bccc368bc1da370c7626,YES,Original production and product gallery,/galeri/galerim2,USE_IN_GALLERY,520px WebP thumbnail generated; original retained for detail,KEEP,,
public_html/yukleme/galeri/b_75554748.jpg,jpg,333567,900,900,,894aaa13acd952d4bf5fad59496e70880fd7410bfe01acaa6227d1bc4fcaf56c,YES,Original production and product gallery,/galeri/galerim2,USE_IN_GALLERY,520px WebP thumbnail generated; original retained for detail,KEEP,,
public_html/yukleme/galeri/b_7733027.jpg,jpg,436595,900,900,,addd594ed0df7d999e1ca41364fb72750cb57fda3c597054a17eb1f6380365ac,YES,Original production and product gallery,/galeri/galerim2,USE_IN_GALLERY,520px WebP thumbnail generated; original retained for detail,KEEP,,
public_html/yukleme/galeri/b_77478001.jpg,jpg,558523,900,900,,8f76211753539799b6b914c5993287033756cbd240c361cda471eb8444a81072,YES,Original production and product gallery,/tasarim and /galeri/galerim2,USE_IN_PRODUCTION_PAGE,520px WebP thumbnail generated; original retained for detail,KEEP,,
public_html/yukleme/galeri/b_77760341.jpg,jpg,286538,900,900,,b07b7574894948223979f6f5e1bcddc9d5a4820aa03cf8e96f930ad9f2e560a4,YES,Original production and product gallery,/galeri/galerim2,USE_IN_GALLERY,520px WebP thumbnail generated; original retained for detail,KEEP,,
public_html/yukleme/galeri/b_78176068.jpg,jpg,428050,900,900,,e77c0104258eecc043ec0c2f4306de9b1e72a1b1a013badba589dafae4bd5636,YES,Original production and product gallery,/tasarim and /galeri/galerim2,USE_IN_PRODUCTION_PAGE,520px WebP thumbnail generated; original retained for detail,KEEP,,
public_html/yukleme/galeri/b_78194696.jpg,jpg,786125,900,900,,978c90c60dd583bb616e06b961fec9242db6f0e4570f7bafb2b29d28dd68729a,YES,Original production and product gallery,/galeri/galerim2,USE_IN_GALLERY,520px WebP thumbnail generated; original retained for detail,KEEP,,
public_html/yukleme/galeri/b_80220299.jpg,jpg,455927,900,900,,61145122a727d2216d46e6362fec5c636ef2dc3d092e102ea81776e2e26d7204,YES,Original production and product gallery,/tasarim and /galeri/galerim2,USE_IN_PRODUCTION_PAGE,520px WebP thumbnail generated; original retained for detail,KEEP,,
public_html/yukleme/galeri/b_80941148.jpg,jpg,302162,900,900,,d1b5c0fb35f68894b8d65b51db91c9c88218fca5d92a34f09bb1e9e7ffd25a72,YES,Original production and product gallery,/galeri/galerim2,USE_IN_GALLERY,520px WebP thumbnail generated; original retained for detail,KEEP,,
public_html/yukleme/galeri/b_81370468.jpg,jpg,337702,900,900,,16c75a85ccfaadd871dbd4eb767752bd242703ab48b5a62045795a3e2566551e,YES,Original production and product gallery,/galeri/galerim2,USE_IN_GALLERY,520px WebP thumbnail generated; original retained for detail,KEEP,,
public_html/yukleme/galeri/b_81455276.jpg,jpg,549744,900,900,,744592605bdf6cb0c81c9ee480fc12b64d87a4279f63557506a39df501eb937f,YES,Original production and product gallery,/tasarim and /galeri/galerim2,USE_IN_PRODUCTION_PAGE,520px WebP thumbnail generated; original retained for detail,KEEP,,
public_html/yukleme/galeri/b_83674710.jpg,jpg,528375,900,900,,0deb71cd8fa830b575530e1e24a225abc9198f8ad9bc99a0be1e34f197c60ab0,YES,Original production and product gallery,/galeri/galerim2,USE_IN_GALLERY,520px WebP thumbnail generated; original retained for detail,KEEP,,
public_html/yukleme/galeri/b_83737537.jpg,jpg,373338,900,900,,a2de842b70ff96f73e80f21e8de5b77b95d552f8f282444f94ad51de778a818d,YES,Original production and product gallery,/galeri/galerim2,USE_IN_GALLERY,520px WebP thumbnail generated; original retained for detail,KEEP,,
public_html/yukleme/galeri/b_84239629.jpg,jpg,547512,900,900,,f6e72fb0a6616d005198167d06ae3bcd47d570ccd7813d67e527add27bf4312f,YES,Original production and product gallery,/galeri/galerim2,USE_IN_GALLERY,520px WebP thumbnail generated; original retained for detail,KEEP,,
public_html/yukleme/galeri/b_84604029.jpg,jpg,371861,900,900,,36946cc095bdf421e1d9bc506b7e0c9fabb6703ef8c337ec3938c9e4c9fbee9d,YES,Original production and product gallery,/galeri/galerim2,USE_IN_GALLERY,520px WebP thumbnail generated; original retained for detail,KEEP,,
public_html/yukleme/galeri/b_8498381.jpg,jpg,375186,900,900,,f6af77d9330ac700d47df42364a09e34edd3e21bf4314ef0351a58affc6274b3,YES,Original production and product gallery,/galeri/galerim2,USE_IN_GALLERY,520px WebP thumbnail generated; original retained for detail,KEEP,,
public_html/yukleme/galeri/b_85356086.jpg,jpg,471563,900,900,,a6a6a6b0c27ddf5d45644bab00e81b88cb6fd5d30eca69fc7374b34f4f63e02a,YES,Original production and product gallery,/galeri/galerim2,USE_IN_GALLERY,520px WebP thumbnail generated; original retained for detail,KEEP,,
public_html/yukleme/galeri/b_88593399.jpg,jpg,884333,900,900,,6999b94e279c1ac708ccb32259b34587cbea347602d6e7143e1b0b934d01e241,YES,Original production and product gallery,/galeri/galerim2,USE_IN_GALLERY,520px WebP thumbnail generated; original retained for detail,KEEP,,
public_html/yukleme/galeri/b_88888607.jpg,jpg,523619,900,900,,378977584d9e6d70ff665cfe7327f43719f8e7dd31fd028935f31c98bc508747,YES,Original production and product gallery,/galeri/galerim2,USE_IN_GALLERY,520px WebP thumbnail generated; original retained for detail,KEEP,,
public_html/yukleme/galeri/b_89058332.jpg,jpg,359800,900,900,,6e80013ef1c0fca9fd3ef10d1b2a7637197013e833a66ca96563a56ad0e79595,YES,Original production and product gallery,/tasarim and /galeri/galerim2,USE_IN_PRODUCTION_PAGE,520px WebP thumbnail generated; original retained for detail,KEEP,,
public_html/yukleme/galeri/b_90079895.jpg,jpg,707532,900,900,,b94f4649f3d5e4692e3b9ffe193007a84ab690494043d69df47f916feff9000b,YES,Original production and product gallery,/galeri/galerim2,USE_IN_GALLERY,520px WebP thumbnail generated; original retained for detail,KEEP,,
public_html/yukleme/galeri/b_90186507.jpg,jpg,499654,900,900,,b732ea7d7f074e0173455c7d7b1c7b9f708505102c07ca9ac3544404eb95ad54,YES,Original production and product gallery,/galeri/galerim2,USE_IN_GALLERY,520px WebP thumbnail generated; original retained for detail,KEEP,,
public_html/yukleme/galeri/b_9152856.jpg,jpg,659656,900,900,,4ae1eeecbce6e32c3149d4098d58828176126a495a94b8df0f5c91c248a0378f,YES,Original production and product gallery,/galeri/galerim2,USE_IN_GALLERY,520px WebP thumbnail generated; original retained for detail,KEEP,,
public_html/yukleme/galeri/b_91812686.jpg,jpg,355677,900,900,,1f6d5ead769392e9a562faa98cd0f7071554e125e089ea24c48c872b4af43365,YES,Original production and product gallery,/galeri/galerim2,USE_IN_GALLERY,520px WebP thumbnail generated; original retained for detail,KEEP,,
public_html/yukleme/galeri/b_92557906.jpg,jpg,354313,900,900,,ca3da603979d9dbea5567d073c416b4d2b5e40adaae3f65976b0dfe3f36a526a,YES,Original production and product gallery,/galeri/galerim2,USE_IN_GALLERY,520px WebP thumbnail generated; original retained for detail,KEEP,,
public_html/yukleme/galeri/b_9281551.jpg,jpg,396232,900,900,,3bf3f2bfeacb07cb7ba89765b487cb3dda37c3ae5b7c39ed383b6f78ed121e20,YES,Original production and product gallery,/galeri/galerim2,USE_IN_GALLERY,520px WebP thumbnail generated; original retained for detail,KEEP,,
public_html/yukleme/galeri/b_9689631.jpg,jpg,354284,900,900,,6956156fc4b424ffc89f4e6f7cacbe973fd99d89fbb09eae0f8de6f594f0587f,YES,Original production and product gallery,/galeri/galerim2,USE_IN_GALLERY,520px WebP thumbnail generated; original retained for detail,KEEP,,
public_html/yukleme/galeri/b_97660069.jpg,jpg,355619,900,900,,4cdd7617036858c8886bf53b18346d64f4a67c4707227c141b8850a53e5a3055,YES,Original production and product gallery,/galeri/galerim2,USE_IN_GALLERY,520px WebP thumbnail generated; original retained for detail,KEEP,,
public_html/yukleme/referanslar/b_20802295.jpg,jpg,309972,915,540,,cd6ec9226a708be366417c94c3f36449e700040dbda4e189455e774c83dbf824,YES,Original reference collection,/koleksiyon/referans,USE_IN_COLLECTION,Lazy loaded; original retained for editorial presentation,Not applicable,,
public_html/yukleme/referanslar/b_74694600.jpg,jpg,266971,915,540,,64cb4d5ee50a1cd2347f0b468be0fa50a5bf578b148e400a2b3dd66fdad22d74,YES,Original reference collection,/koleksiyon/referans,USE_IN_COLLECTION,Lazy loaded; original retained for editorial presentation,Not applicable,,
public_html/yukleme/referanslar/b_91013391.jpg,jpg,338159,915,540,,c783c0619c689392462f78a1ce16a4e6856315854c09f3c895bd6c0e8fd98b31,YES,Original reference collection,/koleksiyon/referans,USE_IN_COLLECTION,Lazy loaded; original retained for editorial presentation,Not applicable,,
public_html/yukleme/referanslar/kadin.jpg,jpg,85691,915,540,,2ca22d0a8f2fdcbdfc9cf61322c148206b52f93c094be2e99cc5768207a1abef,YES,Original reference collection,/koleksiyon/referans,USE_IN_COLLECTION,Lazy loaded; original retained for editorial presentation,Not applicable,,
public_html/yukleme/urunler/b_11894314.jpg,jpg,378423,900,900,,0ee33e7a4480ebdbaf2aa7211aa166935f54443871ed3a9e8111be0522d93908,YES,Original product catalogue,/urunler and /galeri/galerim2,USE_IN_PRODUCTS,520px WebP gallery thumbnail generated; original retained on product page,Not applicable,,
public_html/yukleme/urunler/b_13294573.jpg,jpg,390618,900,900,,2fe949d19bb63338329fccde40dda2255dcb5175eef5fe62edc73628314c3fa3,YES,Original product catalogue,/urunler and /galeri/galerim2,USE_IN_PRODUCTS,520px WebP gallery thumbnail generated; original retained on product page,Not applicable,,
public_html/yukleme/urunler/b_13974932.jpg,jpg,658848,900,900,,58a9c574533024265d5e01187b226b75c14d6555316d4635ad2770436e3b01cd,YES,Original product catalogue,/urunler and /galeri/galerim2,USE_IN_PRODUCTS,520px WebP gallery thumbnail generated; original retained on product page,Not applicable,,
public_html/yukleme/urunler/b_1463635.jpg,jpg,577413,900,900,,8c6222a1a4759c9fea59da1393f2dabd92e2f1f5d095c1db9ffb4078eb5a578f,YES,Original product catalogue,"/galeri/galerim2, Products filter",USE_IN_ARCHIVE_GALLERY,520px WebP thumbnail generated; original retained for detail,Not applicable,,
public_html/yukleme/urunler/b_15862425.jpg,jpg,516264,900,900,,6e6a0c16c6a97938fc8ec9044d29d1fde8ed37906c99d5559558e180242a6012,YES,Original product catalogue,"/galeri/galerim2, Products filter",USE_IN_ARCHIVE_GALLERY,520px WebP thumbnail generated; original retained for detail,Not applicable,,
public_html/yukleme/urunler/b_18152692.jpg,jpg,493209,900,900,,760e69eae9ce44611240935dd389e36932d72a32efd679f8994b85931deb8c9d,YES,Original product catalogue,/urunler and /galeri/galerim2,USE_IN_PRODUCTS,520px WebP gallery thumbnail generated; original retained on product page,Not applicable,,
public_html/yukleme/urunler/b_20597532.jpg,jpg,617716,900,900,,33cc9d5ba4c771e7b833cc047a47bdc3a37f559caaa1767b97f4e07a0ff3fe72,YES,Original product catalogue,/urunler and /galeri/galerim2,USE_IN_PRODUCTS,520px WebP gallery thumbnail generated; original retained on product page,Not applicable,,
public_html/yukleme/urunler/b_22572976.jpg,jpg,497590,900,900,,2dcd8c307ea47a8d2fa05aa8868d3e8850c2b4e61b7055babc32ef6e0ff80e50,YES,Original product catalogue,/urunler and /galeri/galerim2,USE_IN_PRODUCTS,520px WebP gallery thumbnail generated; original retained on product page,Not applicable,,
public_html/yukleme/urunler/b_22747453.jpg,jpg,429360,900,900,,9d3ba54c01b49944bc556dc1b815de91cee44007693e1ae87f063e6446a09a2f,YES,Original product catalogue,/urunler and /galeri/galerim2,USE_IN_PRODUCTS,520px WebP gallery thumbnail generated; original retained on product page,Not applicable,,
public_html/yukleme/urunler/b_23548920.jpg,jpg,575500,900,900,,8dd3b07d8c080aa4d1d70a2f5c062fc32b00ef7bdcd30f295adb03413dca6745,YES,Original product catalogue,/urunler and /galeri/galerim2,USE_IN_PRODUCTS,520px WebP gallery thumbnail generated; original retained on product page,Not applicable,,
public_html/yukleme/urunler/b_24639405.jpg,jpg,439715,900,900,,d014abf9a69b340dcc48a0bc4012508e15a99df6785886d768bb877598ec5101,YES,Original product catalogue,"/galeri/galerim2, Products filter",USE_IN_ARCHIVE_GALLERY,520px WebP thumbnail generated; original retained for detail,Not applicable,,
public_html/yukleme/urunler/b_25834215.jpg,jpg,495957,900,900,,cfb4e8063656f8fc2d94b6040fda0962241e176e21ab45c28cf58b5e6ac965ef,YES,Original product catalogue,"/galeri/galerim2, Products filter",USE_IN_ARCHIVE_GALLERY,520px WebP thumbnail generated; original retained for detail,Not applicable,,
public_html/yukleme/urunler/b_27513969.jpg,jpg,353580,900,900,,2400c4da2e8b4e46faf0463a3f952e68da2dce8d2cb35fb84bedc6d296762964,YES,Original product catalogue,"/galeri/galerim2, Products filter",USE_IN_ARCHIVE_GALLERY,520px WebP thumbnail generated; original retained for detail,Not applicable,,
public_html/yukleme/urunler/b_27635530.jpg,jpg,467100,900,900,,7c214457d2b1d9211cecb9e16aaa93c0b2a12c0f17f192424ae84b8d4229c897,YES,Original product catalogue,/urunler and /galeri/galerim2,USE_IN_PRODUCTS,520px WebP gallery thumbnail generated; original retained on product page,Not applicable,,
public_html/yukleme/urunler/b_31686894.jpg,jpg,682400,900,900,,4e30bea4d811007ae85f3cd5c7b2b9d197991074da01b5f0e886516a96f9c751,YES,Original product catalogue,"/galeri/galerim2, Products filter",USE_IN_ARCHIVE_GALLERY,520px WebP thumbnail generated; original retained for detail,Not applicable,,
public_html/yukleme/urunler/b_32279188.jpg,jpg,294041,900,900,,22e5932183f82b39199d94e06aff2ed42499e215b8c09faad9acdb2de5fa8907,YES,Original product catalogue,"/galeri/galerim2, Products filter",USE_IN_ARCHIVE_GALLERY,520px WebP thumbnail generated; original retained for detail,Not applicable,,
public_html/yukleme/urunler/b_32464086.jpg,jpg,780521,900,900,,f3cf1f53541cbadabbb6253c8b517866498281472571a45317fdd62fda9dd73d,YES,Original product catalogue,/urunler and /galeri/galerim2,USE_IN_PRODUCTS,520px WebP gallery thumbnail generated; original retained on product page,Not applicable,,
public_html/yukleme/urunler/b_3389848.jpg,jpg,494825,900,900,,0a1832631f71e227606c0f62a25b5d6b6ef269588d7823755ea3b3557c6fd082,YES,Original product catalogue,"/galeri/galerim2, Products filter",USE_IN_ARCHIVE_GALLERY,520px WebP thumbnail generated; original retained for detail,Not applicable,,
public_html/yukleme/urunler/b_33930412.jpg,jpg,476765,900,900,,bf1fc1ef3b948a78dffd0e6ab1a85a9444845af51a2725adccdfa43776816bb4,YES,Original product catalogue,"/galeri/galerim2, Products filter",USE_IN_ARCHIVE_GALLERY,520px WebP thumbnail generated; original retained for detail,Not applicable,,
public_html/yukleme/urunler/b_34973535.jpg,jpg,366881,900,900,,cb0007b594c57cbf2ec3cc8b8afc5aa2a698b1ef30628382d1f0899ec1034f31,YES,Original product catalogue,"/galeri/galerim2, Products filter",USE_IN_ARCHIVE_GALLERY,520px WebP thumbnail generated; original retained for detail,Not applicable,,
public_html/yukleme/urunler/b_35903899.jpg,jpg,397812,900,900,,9a767ac92f3da448435bcb30e04a07d0b12f35234e4dfcc9b37cdad99f4aa2b8,YES,Original product catalogue,"/galeri/galerim2, Products filter",USE_IN_ARCHIVE_GALLERY,520px WebP thumbnail generated; original retained for detail,Not applicable,,
public_html/yukleme/urunler/b_35940817.jpg,jpg,357179,900,900,,b3858a8a2f51abc206c1022002ea58e06670b9171d683e831c32122157e45a07,YES,Original product catalogue,"/galeri/galerim2, Products filter",USE_IN_ARCHIVE_GALLERY,520px WebP thumbnail generated; original retained for detail,Not applicable,,
public_html/yukleme/urunler/b_36038218.jpg,jpg,416436,900,900,,e666eaeb272c9efe1745f8bbbec63dde3d34d3a0de61bec88c80ac40b35470d1,YES,Original product catalogue,"/galeri/galerim2, Products filter",USE_IN_ARCHIVE_GALLERY,520px WebP thumbnail generated; original retained for detail,Not applicable,,
public_html/yukleme/urunler/b_36689075.jpg,jpg,466601,900,900,,3758f3741ac908d94fa3802b71ca852e1db66cfd128aa42257c489533b3b4ac2,YES,Original product catalogue,/urunler and /galeri/galerim2,USE_IN_PRODUCTS,520px WebP gallery thumbnail generated; original retained on product page,Not applicable,,
public_html/yukleme/urunler/b_37623991.jpg,jpg,489332,900,900,,8296f4c45fb78d8fc9804228f1188db6788d8dd0d5e56fdc3c247b4f3368b7eb,YES,Original product catalogue,"/galeri/galerim2, Products filter",USE_IN_ARCHIVE_GALLERY,520px WebP thumbnail generated; original retained for detail,Not applicable,,
public_html/yukleme/urunler/b_37791168.jpg,jpg,538996,900,900,,7b764424a7db4fc7bf6f070df9ce82765f34d285070757c4d2792baa0276b0f1,YES,Original product catalogue,/urunler and /galeri/galerim2,USE_IN_PRODUCTS,520px WebP gallery thumbnail generated; original retained on product page,Not applicable,,
public_html/yukleme/urunler/b_38099833.jpg,jpg,444766,900,900,,428bc864463ff37e3796b2f3ab3a050e82aeeea2a7c164a9bf722748d666567b,YES,Original product catalogue,/urunler and /galeri/galerim2,USE_IN_PRODUCTS,520px WebP gallery thumbnail generated; original retained on product page,Not applicable,,
public_html/yukleme/urunler/b_38471452.jpg,jpg,327589,900,900,,fed4a8e128a9ee43995816a6dc0340356682b3305e67859cb63b1ee2ad6c8564,YES,Original product catalogue,"/galeri/galerim2, Products filter",USE_IN_ARCHIVE_GALLERY,520px WebP thumbnail generated; original retained for detail,Not applicable,,
public_html/yukleme/urunler/b_38543510.jpg,jpg,453365,900,900,,e580b9924e4e7c28e3f8851be440a862e7754f0604f14146cd68abf0923d8f49,YES,Original product catalogue,"/galeri/galerim2, Products filter",USE_IN_ARCHIVE_GALLERY,520px WebP thumbnail generated; original retained for detail,Not applicable,,
public_html/yukleme/urunler/b_39497391.jpg,jpg,581415,900,900,,2b5b6c8c9a025eeb821221b0b10c3086aa465254724d8c4e9776b4ce3897c710,YES,Original product catalogue,/urunler and /galeri/galerim2,USE_IN_PRODUCTS,520px WebP gallery thumbnail generated; original retained on product page,Not applicable,,
public_html/yukleme/urunler/b_40610087.jpg,jpg,497947,900,900,,33c19389f40021b990b00483363122e1caf0e3d3c17bb04e08bf0c6993f866e6,YES,Original product catalogue,"/galeri/galerim2, Products filter",USE_IN_ARCHIVE_GALLERY,520px WebP thumbnail generated; original retained for detail,Not applicable,,
public_html/yukleme/urunler/b_40713775.jpg,jpg,814009,900,900,,b7abf7fd09a35194cba7c26d10ed6e00e4b6ac368f850518dcafe9b2f124816d,YES,Original product catalogue,"/galeri/galerim2, Products filter",USE_IN_ARCHIVE_GALLERY,520px WebP thumbnail generated; original retained for detail,Not applicable,,
public_html/yukleme/urunler/b_41672768.jpg,jpg,429608,900,900,,6db887bb7f314746912fbf17945832179323df216251527460d2e0ddbf018d6b,YES,Original product catalogue,/urunler and /galeri/galerim2,USE_IN_PRODUCTS,520px WebP gallery thumbnail generated; original retained on product page,Not applicable,,
public_html/yukleme/urunler/b_41904014.jpg,jpg,488173,900,900,,fd8ddf57c1e77d6661812a9824d236600974cc1d43d3dc7748e26c937724f36a,YES,Original product catalogue,/urunler and /galeri/galerim2,USE_IN_PRODUCTS,520px WebP gallery thumbnail generated; original retained on product page,Not applicable,,
public_html/yukleme/urunler/b_43421958.jpg,jpg,412369,900,900,,7300e9773b6e23fe7c04a62b6a5ff1beb48423fbde4a75590569cb6598e3c27e,YES,Original product catalogue,"/galeri/galerim2, Products filter",USE_IN_ARCHIVE_GALLERY,520px WebP thumbnail generated; original retained for detail,Not applicable,,
public_html/yukleme/urunler/b_44040088.jpg,jpg,690260,900,900,,0bad679a3e7e3d24dbd715211ff7520762cdaeaba43bb33af81ef25149403dc4,YES,Original product catalogue,"/galeri/galerim2, Products filter",USE_IN_ARCHIVE_GALLERY,520px WebP thumbnail generated; original retained for detail,Not applicable,,
public_html/yukleme/urunler/b_45427853.jpg,jpg,318445,900,900,,c5c86def2319fc26816cf5e1a73270e27a35bfb73648386d814f7625afada9f0,YES,Original product catalogue,/urunler and /galeri/galerim2,USE_IN_PRODUCTS,520px WebP gallery thumbnail generated; original retained on product page,Not applicable,,
public_html/yukleme/urunler/b_45723920.jpg,jpg,440772,900,900,,c862baf4602ef98e340eff387d3de66fd2cf97392d4f7103f8d7fab7b4c5367d,YES,Original product catalogue,"/galeri/galerim2, Products filter",USE_IN_ARCHIVE_GALLERY,520px WebP thumbnail generated; original retained for detail,Not applicable,,
public_html/yukleme/urunler/b_45984182.jpg,jpg,550616,900,900,,da3ab553fb15b82445c82dc52795ca515f050640f42d2bfd7f4a2b12e4d051bd,YES,Original product catalogue,"/galeri/galerim2, Products filter",USE_IN_ARCHIVE_GALLERY,520px WebP thumbnail generated; original retained for detail,Not applicable,,
public_html/yukleme/urunler/b_46541570.jpg,jpg,397911,900,900,,6dc8758b161305f84a36b2856e9f34e9b0829d8145e000ee6ed26cffbe9d5e86,YES,Original product catalogue,"/galeri/galerim2, Products filter",USE_IN_ARCHIVE_GALLERY,520px WebP thumbnail generated; original retained for detail,Not applicable,,
public_html/yukleme/urunler/b_47211732.jpg,jpg,459739,900,900,,4f09a9d64039d2e0d5ac9fb38f8ed95edda67b10ae75f6f08d37132a6f9408f1,YES,Original product catalogue,"/galeri/galerim2, Products filter",USE_IN_ARCHIVE_GALLERY,520px WebP thumbnail generated; original retained for detail,Not applicable,,
public_html/yukleme/urunler/b_48702145.jpg,jpg,535861,900,900,,aabc6442a52cabe05e38a688549886678e56e0cbb89b2698825125bf5b6b19eb,YES,Original product catalogue,"/galeri/galerim2, Products filter",USE_IN_ARCHIVE_GALLERY,520px WebP thumbnail generated; original retained for detail,Not applicable,,
public_html/yukleme/urunler/b_49281808.jpg,jpg,367404,900,900,,1a21f0fad21bf8140feb3828e8d12935738520a913fcb6a2e122ffef95676230,YES,Original product catalogue,/urunler and /galeri/galerim2,USE_IN_PRODUCTS,520px WebP gallery thumbnail generated; original retained on product page,Not applicable,,
public_html/yukleme/urunler/b_49384394.jpg,jpg,674943,900,900,,f2e4174cb475bae17a072daa13c20d45714d024eb93015d22a743b597a3015af,YES,Original product catalogue,/urunler and /galeri/galerim2,USE_IN_PRODUCTS,520px WebP gallery thumbnail generated; original retained on product page,Not applicable,,
public_html/yukleme/urunler/b_50039754.jpg,jpg,450929,900,900,,3aa51dfe17d89da29c1a27e86e92425d90f320be967ec0ec03bbb8cd8ccfb2fe,YES,Original product catalogue,"/galeri/galerim2, Products filter",USE_IN_ARCHIVE_GALLERY,520px WebP thumbnail generated; original retained for detail,Not applicable,,
public_html/yukleme/urunler/b_50156091.jpg,jpg,356344,900,900,,b8e05a934b5b2c2be55308d68c5aa8e91502ea0e176d1b8fc2fd79b4a72cdaef,YES,Original product catalogue,"/galeri/galerim2, Products filter",USE_IN_ARCHIVE_GALLERY,520px WebP thumbnail generated; original retained for detail,Not applicable,,
public_html/yukleme/urunler/b_50247197.jpg,jpg,463058,900,900,,82ab5275a01e06d6a3ed57f9267d4b26313648a2f390074ec2a55e82eb7541ee,YES,Original product catalogue,"/galeri/galerim2, Products filter",USE_IN_ARCHIVE_GALLERY,520px WebP thumbnail generated; original retained for detail,Not applicable,,
public_html/yukleme/urunler/b_50456220.jpg,jpg,383421,900,900,,a3d58993c081081fee717155926dd1c7f200b32fb7df15186324afb903eb570f,YES,Original product catalogue,"/galeri/galerim2, Products filter",USE_IN_ARCHIVE_GALLERY,520px WebP thumbnail generated; original retained for detail,Not applicable,,
public_html/yukleme/urunler/b_53985032.jpg,jpg,379930,900,900,,9dc93c881bcb0474389401f249bb76c9daad870af01c02ab4453907f349e505e,YES,Original product catalogue,"/galeri/galerim2, Products filter",USE_IN_ARCHIVE_GALLERY,520px WebP thumbnail generated; original retained for detail,Not applicable,,
public_html/yukleme/urunler/b_55102590.jpg,jpg,435660,900,900,,92de4f3c2c27b72b7771a6a1e916daf93e31089ee9cde3543025ad3b8c20fde4,YES,Original product catalogue,/urunler and /galeri/galerim2,USE_IN_PRODUCTS,520px WebP gallery thumbnail generated; original retained on product page,Not applicable,,
public_html/yukleme/urunler/b_55726790.jpg,jpg,754530,900,900,,9c6e62dd6d65c84f98b045f4c27aa81f705f62aae1cc8ff2e32e1bf3cdfa63f1,YES,Original product catalogue,/urunler and /galeri/galerim2,USE_IN_PRODUCTS,520px WebP gallery thumbnail generated; original retained on product page,Not applicable,,
public_html/yukleme/urunler/b_5614215.jpg,jpg,377095,900,900,,aee2afe2b43b0b8a4ea7c706847f144289c1759a02a36f210d97ebcde48942a5,YES,Original product catalogue,"/galeri/galerim2, Products filter",USE_IN_ARCHIVE_GALLERY,520px WebP thumbnail generated; original retained for detail,Not applicable,,
public_html/yukleme/urunler/b_5674047.jpg,jpg,483177,900,900,,b8dc17b51522157be42fcef162c97c3908c40542f3e40ce8e2f5e1b9480687c1,YES,Original product catalogue,/urunler and /galeri/galerim2,USE_IN_PRODUCTS,520px WebP gallery thumbnail generated; original retained on product page,Not applicable,,
public_html/yukleme/urunler/b_56804425.jpg,jpg,525210,900,900,,848117e40f8a826d125dd67e2edffd68107aad1d0aa76b008c97ff3aa55ecbea,YES,Original product catalogue,/urunler and /galeri/galerim2,USE_IN_PRODUCTS,520px WebP gallery thumbnail generated; original retained on product page,Not applicable,,
public_html/yukleme/urunler/b_5701454.jpg,jpg,409471,900,900,,2df5dc015bc79248c0f4890dbce85a9446e2f698741365c710a6b14ff5553f47,YES,Original product catalogue,"/galeri/galerim2, Products filter",USE_IN_ARCHIVE_GALLERY,520px WebP thumbnail generated; original retained for detail,Not applicable,,
public_html/yukleme/urunler/b_57207357.jpg,jpg,412004,900,900,,2cedd60a0e221d3f18a05a935bc73bc129070b5471c3535bd847ef8a20d05ea5,YES,Original product catalogue,"/galeri/galerim2, Products filter",USE_IN_ARCHIVE_GALLERY,520px WebP thumbnail generated; original retained for detail,Not applicable,,
public_html/yukleme/urunler/b_57869696.jpg,jpg,792599,900,900,,e476d245a2d4dea2cda5fa43ec773331a08045d7540a5c505cfa7b00aeb397d3,YES,Original product catalogue,"/galeri/galerim2, Products filter",USE_IN_ARCHIVE_GALLERY,520px WebP thumbnail generated; original retained for detail,Not applicable,,
public_html/yukleme/urunler/b_63176553.jpg,jpg,533616,900,900,,04a6701be03eb909a915abc3f88bdebb1e0d72e4a4854458cf9e872b379b22be,YES,Original product catalogue,"/galeri/galerim2, Products filter",USE_IN_ARCHIVE_GALLERY,520px WebP thumbnail generated; original retained for detail,Not applicable,,
public_html/yukleme/urunler/b_64307649.jpg,jpg,442985,900,900,,b8ce7ed74db86850e5608841cad8fc3208eebe71bd333fec353e2feac04386d7,YES,Original product catalogue,"/galeri/galerim2, Products filter",USE_IN_ARCHIVE_GALLERY,520px WebP thumbnail generated; original retained for detail,Not applicable,,
public_html/yukleme/urunler/b_64620592.jpg,jpg,604055,900,900,,f8b246c77d3a58df8027511bd453a0abf1719637efb6cd3075e6505848b74c07,YES,Original product catalogue,"/galeri/galerim2, Products filter",USE_IN_ARCHIVE_GALLERY,520px WebP thumbnail generated; original retained for detail,Not applicable,,
public_html/yukleme/urunler/b_66592455.jpg,jpg,359104,900,900,,2e7face2229fde8528cb5f131b3e7c438486b5bc838b470a955e55bf5549717f,YES,Original product catalogue,"/galeri/galerim2, Products filter",USE_IN_ARCHIVE_GALLERY,520px WebP thumbnail generated; original retained for detail,Not applicable,,
public_html/yukleme/urunler/b_68710197.jpg,jpg,448998,900,900,,0b76769f28d769f93075954c4a26edcb90dcf003d643a5d6a036968f9f1e3edf,YES,Original product catalogue,"/galeri/galerim2, Products filter",USE_IN_ARCHIVE_GALLERY,520px WebP thumbnail generated; original retained for detail,Not applicable,,
public_html/yukleme/urunler/b_68851313.jpg,jpg,527121,900,900,,7d57a690f617a1f17276adda30b3e18cec2305a956250f0bf8602db872c5c6d8,YES,Original product catalogue,"/galeri/galerim2, Products filter",USE_IN_ARCHIVE_GALLERY,520px WebP thumbnail generated; original retained for detail,Not applicable,,
public_html/yukleme/urunler/b_70273115.jpg,jpg,415187,900,900,,3ba144c22026773bb1f327c40c79a22097784052c97995746c113e5a5576ca37,YES,Original product catalogue,"/galeri/galerim2, Products filter",USE_IN_ARCHIVE_GALLERY,520px WebP thumbnail generated; original retained for detail,Not applicable,,
public_html/yukleme/urunler/b_71024668.jpg,jpg,352929,900,900,,ca11a5ab977b761256931a26cd1be0e02bb07bb98e5a83b4e09ce0d1dbde2ca5,YES,Original product catalogue,/urunler and /galeri/galerim2,USE_IN_PRODUCTS,520px WebP gallery thumbnail generated; original retained on product page,Not applicable,,
public_html/yukleme/urunler/b_72953809.jpg,jpg,363986,900,900,,ed010e91b78ec3f444965b11011caa563aae54dba5e22221edc3a08d00087f98,YES,Original product catalogue,"/galeri/galerim2, Products filter",USE_IN_ARCHIVE_GALLERY,520px WebP thumbnail generated; original retained for detail,Not applicable,,
public_html/yukleme/urunler/b_74936345.jpg,jpg,418273,900,900,,77802fa9f3ab814ac47da33ccfcbc6a8ab888131d1396eb0c94fd8f05a263893,YES,Original product catalogue,"/galeri/galerim2, Products filter",USE_IN_ARCHIVE_GALLERY,520px WebP thumbnail generated; original retained for detail,Not applicable,,
public_html/yukleme/urunler/b_74989899.jpg,jpg,466301,900,900,,ee41b54b170094b1328d6192bd0142455344b86ccce4a5553d091676603fae0a,YES,Original product catalogue,"/galeri/galerim2, Products filter",USE_IN_ARCHIVE_GALLERY,520px WebP thumbnail generated; original retained for detail,Not applicable,,
public_html/yukleme/urunler/b_7503117.jpg,jpg,787107,900,900,,53412d7b7e0e753515fee07d3270af7fb7ead4cd6efc8ba821077df18e5e8bab,YES,Original product catalogue,"/galeri/galerim2, Products filter",USE_IN_ARCHIVE_GALLERY,520px WebP thumbnail generated; original retained for detail,Not applicable,,
public_html/yukleme/urunler/b_75512944.jpg,jpg,611812,900,900,,3e61ee3cd22409358418eca246919b8a48f13a323dc516b7d7f756a280fa897f,YES,Original product catalogue,"/galeri/galerim2, Products filter",USE_IN_ARCHIVE_GALLERY,520px WebP thumbnail generated; original retained for detail,Not applicable,,
public_html/yukleme/urunler/b_75729808.jpg,jpg,295085,900,900,,dce31cbe18c87b1fa1a34f1579aa4a809211611b1d7577eefca82cec29169f82,YES,Original product catalogue,"/galeri/galerim2, Products filter",USE_IN_ARCHIVE_GALLERY,520px WebP thumbnail generated; original retained for detail,Not applicable,,
public_html/yukleme/urunler/b_76281257.jpg,jpg,559091,900,900,,bdaeaa740dab484744f5445b8f7509da14f3c94effdb5898f5edbe0b811f44ce,YES,Original product catalogue,"/galeri/galerim2, Products filter",USE_IN_ARCHIVE_GALLERY,520px WebP thumbnail generated; original retained for detail,Not applicable,,
public_html/yukleme/urunler/b_78114646.jpg,jpg,373981,900,900,,d568ff3de0addcd5a11730a3c0d6d3488809f910b658b697d89bafb86b11f962,YES,Original product catalogue,"/galeri/galerim2, Products filter",USE_IN_ARCHIVE_GALLERY,520px WebP thumbnail generated; original retained for detail,Not applicable,,
public_html/yukleme/urunler/b_78361866.jpg,jpg,465698,900,900,,43f1b13448fac83fe691b1bdb1102ed088f02ab620267659c3f498605b659098,YES,Original product catalogue,/urunler and /galeri/galerim2,USE_IN_PRODUCTS,520px WebP gallery thumbnail generated; original retained on product page,Not applicable,,
public_html/yukleme/urunler/b_80848786.jpg,jpg,368192,900,900,,314fa4d7922e050854dc188e7f37763bdf9a2662c0a184aca5872c3a46452ca2,YES,Original product catalogue,"/galeri/galerim2, Products filter",USE_IN_ARCHIVE_GALLERY,520px WebP thumbnail generated; original retained for detail,Not applicable,,
public_html/yukleme/urunler/b_80879659.jpg,jpg,383329,900,900,,567dce71d4e44ee198e3e0189778702e51181de2ae66c3efd08d486ef4041c85,YES,Original product catalogue,"/galeri/galerim2, Products filter",USE_IN_ARCHIVE_GALLERY,520px WebP thumbnail generated; original retained for detail,Not applicable,,
public_html/yukleme/urunler/b_81517393.jpg,jpg,375853,900,900,,90e021a2b2affbbbcdb8f2f97f0d2bb3b867d8e89295cf27f6d244b415f97bec,YES,Original product catalogue,"/galeri/galerim2, Products filter",USE_IN_ARCHIVE_GALLERY,520px WebP thumbnail generated; original retained for detail,Not applicable,,
public_html/yukleme/urunler/b_81549023.jpg,jpg,423656,900,900,,42d6ebc95c78e6d66d84f9f02d63a4e17e2223955b883e13e7e34c8234d3c443,YES,Original product catalogue,"/galeri/galerim2, Products filter",USE_IN_ARCHIVE_GALLERY,520px WebP thumbnail generated; original retained for detail,Not applicable,,
public_html/yukleme/urunler/b_81976845.jpg,jpg,559914,900,900,,72f9eeba91965e2c3db37666930e56404459a85674d0a563ed3b17be61082565,YES,Original product catalogue,"/galeri/galerim2, Products filter",USE_IN_ARCHIVE_GALLERY,520px WebP thumbnail generated; original retained for detail,Not applicable,,
public_html/yukleme/urunler/b_8204047.jpg,jpg,641809,900,900,,0f78e7e98b2de2540b8e2004a844e18f8f963ddba7bfdbb1d68659990d985577,YES,Original product catalogue,"/galeri/galerim2, Products filter",USE_IN_ARCHIVE_GALLERY,520px WebP thumbnail generated; original retained for detail,Not applicable,,
public_html/yukleme/urunler/b_8353343.jpg,jpg,448734,900,900,,fb9d4eac8f18fbf7945a07d050a80363cd94921761aa547f196b39fe065b2ea1,YES,Original product catalogue,"/galeri/galerim2, Products filter",USE_IN_ARCHIVE_GALLERY,520px WebP thumbnail generated; original retained for detail,Not applicable,,
public_html/yukleme/urunler/b_83633312.jpg,jpg,487476,900,900,,39874235daa8ca06f02a892f7128dc3e018c01d51b19e21866cbcc5cd92160ee,YES,Original product catalogue,"/galeri/galerim2, Products filter",USE_IN_ARCHIVE_GALLERY,520px WebP thumbnail generated; original retained for detail,Not applicable,,
public_html/yukleme/urunler/b_83724283.jpg,jpg,400375,900,900,,2ecc600fba0039cfee656d3335d8d1be048c8bf0e01394bf6833cf591f86acf1,YES,Original product catalogue,"/galeri/galerim2, Products filter",USE_IN_ARCHIVE_GALLERY,520px WebP thumbnail generated; original retained for detail,Not applicable,,
public_html/yukleme/urunler/b_8385186.jpg,jpg,577101,900,900,,61d71b57db40d37ceea6e8aac4db6fb27deaf1c97f4158662d24dcb68b88e4d7,YES,Original product catalogue,"/galeri/galerim2, Products filter",USE_IN_ARCHIVE_GALLERY,520px WebP thumbnail generated; original retained for detail,Not applicable,,
public_html/yukleme/urunler/b_85494896.jpg,jpg,439213,900,900,,80a09c8de6ebf6c1a290d1dca97204b3a3090425a445419d535583d59f8f3863,YES,Original product catalogue,"/galeri/galerim2, Products filter",USE_IN_ARCHIVE_GALLERY,520px WebP thumbnail generated; original retained for detail,Not applicable,,
public_html/yukleme/urunler/b_85909641.jpg,jpg,702687,900,900,,9d98219bc5e178282dd4f5380aee9604d2fdf7fa74eff9695f05ea7ae1d08c8f,YES,Original product catalogue,"/galeri/galerim2, Products filter",USE_IN_ARCHIVE_GALLERY,520px WebP thumbnail generated; original retained for detail,Not applicable,,
public_html/yukleme/urunler/b_85938621.jpg,jpg,672152,900,900,,7e9ddc98f8594b247a762b4cee4d6eafae692694f3b10bc52e0ae4b0eb00b14f,YES,Original product catalogue,"/galeri/galerim2, Products filter",USE_IN_ARCHIVE_GALLERY,520px WebP thumbnail generated; original retained for detail,Not applicable,,
public_html/yukleme/urunler/b_86381432.jpg,jpg,506065,900,900,,b1832cfb583e2ad6204093df39610ecd66126687f286e704e76abf241970c2c1,YES,Original product catalogue,"/galeri/galerim2, Products filter",USE_IN_ARCHIVE_GALLERY,520px WebP thumbnail generated; original retained for detail,Not applicable,,
public_html/yukleme/urunler/b_90611924.jpg,jpg,1090682,900,900,,84c92763e1cda37afaed62a6fb1924adc92436013da999830a90d97db2d2e673,YES,Original product catalogue,"/galeri/galerim2, Products filter",USE_IN_ARCHIVE_GALLERY,520px WebP thumbnail generated; original retained for detail,Not applicable,,
public_html/yukleme/urunler/b_91458595.jpg,jpg,539953,900,900,,fef09ba4ef5fab716e650a668a54c4b19056d958f071f52202e2e7b0a307cc39,YES,Original product catalogue,"/galeri/galerim2, Products filter",USE_IN_ARCHIVE_GALLERY,520px WebP thumbnail generated; original retained for detail,Not applicable,,
public_html/yukleme/urunler/b_91679551.jpg,jpg,519153,900,900,,0662faad5d2b5f480f2763674d95a432b83edd99b0567e17188f46efc4cea790,YES,Original product catalogue,"/galeri/galerim2, Products filter",USE_IN_ARCHIVE_GALLERY,520px WebP thumbnail generated; original retained for detail,Not applicable,,
public_html/yukleme/urunler/b_92466968.jpg,jpg,398159,900,900,,f2746cba52602b4d2fbba5066d5aad2506fe277ce4db1e0973b983c26d5bc459,YES,Original product catalogue,"/galeri/galerim2, Products filter",USE_IN_ARCHIVE_GALLERY,520px WebP thumbnail generated; original retained for detail,Not applicable,,
public_html/yukleme/urunler/b_94151398.jpg,jpg,659228,900,900,,b79cd9c39649acdaf4edb35e625dd769ceb28ed54bce7a697c514e0b99d5a843,YES,Original product catalogue,"/galeri/galerim2, Products filter",USE_IN_ARCHIVE_GALLERY,520px WebP thumbnail generated; original retained for detail,Not applicable,,
public_html/yukleme/urunler/b_94370371.jpg,jpg,392496,900,900,,0564f66376fe9e271e5157245b0b2da12bddae6352a94c47d9396154c427726a,YES,Original product catalogue,"/galeri/galerim2, Products filter",USE_IN_ARCHIVE_GALLERY,520px WebP thumbnail generated; original retained for detail,Not applicable,,
public_html/yukleme/urunler/b_94373469.jpg,jpg,489756,900,900,,d1e6bf0f4d1ddc3e4bef16df8a98c4941333c7696b133e3fa42a2a989cf5cd9a,YES,Original product catalogue,"/galeri/galerim2, Products filter",USE_IN_ARCHIVE_GALLERY,520px WebP thumbnail generated; original retained for detail,Not applicable,,
public_html/yukleme/urunler/b_95055080.jpg,jpg,441348,900,900,,b7a504758aaf15023fc9caad5a5f7c614412aaf1da36f188fec31d8db6115c68,YES,Original product catalogue,"/galeri/galerim2, Products filter",USE_IN_ARCHIVE_GALLERY,520px WebP thumbnail generated; original retained for detail,Not applicable,,
public_html/yukleme/urunler/b_95781701.jpg,jpg,444995,900,900,,bcb942535d581bbfc43ba4b257b9990cbde80ede2dbd7e2ed580283eba458a80,YES,Original product catalogue,"/galeri/galerim2, Products filter",USE_IN_ARCHIVE_GALLERY,520px WebP thumbnail generated; original retained for detail,Not applicable,,
public_html/yukleme/urunler/b_96807766.jpg,jpg,493496,900,900,,f32f8084e0a0bfc9d35c67105308fbd40a5c3aeafac09feed74679b2908f72fa,YES,Original product catalogue,"/galeri/galerim2, Products filter",USE_IN_ARCHIVE_GALLERY,520px WebP thumbnail generated; original retained for detail,Not applicable,,
public_html/yukleme/urunler/b_96906232.jpg,jpg,719203,900,900,,63842ba98cefb61533e3dd003c29ec97a5087808f34ca6c779a9a4b070e03909,YES,Original product catalogue,"/galeri/galerim2, Products filter",USE_IN_ARCHIVE_GALLERY,520px WebP thumbnail generated; original retained for detail,Not applicable,,
public_html/yukleme/urunler/b_97745749.jpg,jpg,387517,900,900,,c497078c42500fcccafbb7b987b6d776ae7791acf5eb4ccf8a0ea6689fd303b8,YES,Original product catalogue,"/galeri/galerim2, Products filter",USE_IN_ARCHIVE_GALLERY,520px WebP thumbnail generated; original retained for detail,Not applicable,,
public_html/yukleme/urunler/b_98131833.jpg,jpg,448140,900,900,,93b663c08621990b2114c411ab2ae61e416c2b8f4adb8fab107a8b3c4fb6d742,YES,Original product catalogue,"/galeri/galerim2, Products filter",USE_IN_ARCHIVE_GALLERY,520px WebP thumbnail generated; original retained for detail,Not applicable,,
public_html/yukleme/urunler/b_98974424.jpg,jpg,415326,900,900,,5c41541f25b0119f5eb3ccca4b6270b635be75a1bf31b810af807418c9873fb8,YES,Original product catalogue,"/galeri/galerim2, Products filter",USE_IN_ARCHIVE_GALLERY,520px WebP thumbnail generated; original retained for detail,Not applicable,,
public_html/yukleme/urunler/b_99734565.jpg,jpg,347395,900,900,,7cc24b33ea41d9e6a2723586f68dce255d9679152963981b43b1fa8d36d97295,YES,Original product catalogue,"/galeri/galerim2, Products filter",USE_IN_ARCHIVE_GALLERY,520px WebP thumbnail generated; original retained for detail,Not applicable,,
public_html/yukleme/urunler/b_99966005.jpg,jpg,525234,900,900,,133f5b0a229085f7553892dd37417c3271a8038ec6b62b0a552aaadea2d31b7c,YES,Original product catalogue,"/galeri/galerim2, Products filter",USE_IN_ARCHIVE_GALLERY,520px WebP thumbnail generated; original retained for detail,Not applicable,,
public_html/yukleme/urunler/child.png,png,175556,415,245,,6fa308207f8f124788275952fa111f0442afe853b4ca7032c2125b47d5003a0d,YES,Original product catalogue,"/galeri/galerim2, Products filter",USE_IN_ARCHIVE_GALLERY,520px WebP thumbnail generated; original retained for detail,Not applicable,,
public_html/yukleme/urunler/cocuk_1.jpg,jpg,63925,915,540,,412de8e71397acf61aab6207bc8fbbfa110454919fb3e89e3a761ae318918efd,YES,Original product catalogue,"/galeri/galerim2, Products filter",USE_IN_ARCHIVE_GALLERY,520px WebP thumbnail generated; original retained for detail,Not applicable,,
public_html/yukleme/urunler/erkek_1.jpg,jpg,48824,915,540,,853e267a8c4ae9d98bfe855b00b487e9d4ddf49a30d6a5c3d8e64fd77c2bbecf,YES,Original product catalogue,"/galeri/galerim2, Products filter",USE_IN_ARCHIVE_GALLERY,520px WebP thumbnail generated; original retained for detail,Not applicable,,
public_html/yukleme/urunler/kadin.jpg,jpg,69785,915,540,,f9cd4af31b85786ea1f8b8b762f1d594aee736fb18fe0ec069b7460326d7ff51,YES,Original product catalogue,"/galeri/galerim2, Products filter",USE_IN_ARCHIVE_GALLERY,520px WebP thumbnail generated; original retained for detail,Not applicable,,
public_html/yukleme/urunler/man.png,png,115703,415,245,,34e71f8c7e962f98858c55a32fd6aa729f9409efd383086a18ed53b5d03a18dc,YES,Original product catalogue,"/galeri/galerim2, Products filter",USE_IN_ARCHIVE_GALLERY,520px WebP thumbnail generated; original retained for detail,Not applicable,,
public_html/yukleme/urunler/woman.png,png,137166,415,245,,945ac994ab30e175b0d012890c2caec665d747294a22e5a55cec9359cbb49380,YES,Original product catalogue,"/galeri/galerim2, Products filter",USE_IN_ARCHIVE_GALLERY,520px WebP thumbnail generated; original retained for detail,Not applicable,,
